dateDayStr,newTransactionSeen,newTrigger,trx_transfer,trc10_transfer,freeze_and_unfreeze_transaction,vote_transaction,other_transaction
2018-06-25,3081,0,2407,3,210,252,209
2018-06-26,1948,0,777,0,391,658,122
2018-06-27,2103,0,780,2,442,809,70
2018-06-28,2334,0,1336,14,357,576,51
2018-06-29,1397,0,686,2,295,395,19
2018-06-30,1789,0,836,55,335,532,31
2018-07-01,1669,0,782,33,316,513,25
2018-07-02,4051,0,2983,22,345,514,187
2018-07-03,1983,0,855,40,347,658,83
2018-07-04,2453,0,1273,26,423,672,59
2018-07-05,4752,0,2104,703,635,1159,151
2018-07-06,3301,0,1602,304,541,829,25
2018-07-07,3045,0,1330,803,323,566,23
2018-07-08,3969,0,1239,1680,395,595,60
2018-07-09,6449,0,4595,452,512,850,40
2018-07-10,11908,0,4126,88,1991,5361,342
2018-07-11,11216,0,4078,1527,1614,3740,257
2018-07-12,17985,0,11613,1150,1364,3620,238
2018-07-13,11989,0,4136,2701,1168,3696,288
2018-07-14,15679,0,4826,4078,1491,4993,291
2018-07-15,18393,0,6409,4581,2028,4992,383
2018-07-16,26248,0,12160,5795,2456,5403,434
2018-07-17,20532,0,8347,5206,2380,4215,384
2018-07-18,21941,0,9092,6044,2242,4199,364
2018-07-19,49518,0,11321,31468,2098,4280,351
2018-07-20,25814,0,8980,10999,1975,3613,247
2018-07-21,22364,0,7580,9508,1770,3279,227
2018-07-22,21551,0,8262,8070,1709,3143,367
2018-07-23,26209,0,14239,6280,2061,3360,269
2018-07-24,31909,0,17699,7977,2073,3892,268
2018-07-25,41615,0,19107,16764,1870,3605,269
2018-07-26,29733,0,18571,5310,1897,3745,210
2018-07-27,28635,0,17509,5628,1784,3523,191
2018-07-28,28332,0,17905,4958,1658,3571,240
2018-07-29,29182,0,18412,4969,1851,3788,162
2018-07-30,30619,0,21735,2856,1981,3838,209
2018-07-31,30096,0,20200,4073,1968,3658,197
2018-08-01,37702,0,25088,5945,2242,4093,334
2018-08-02,37568,0,24439,5750,1947,5156,276
2018-08-03,39230,0,25411,7781,1859,3815,364
2018-08-04,52730,0,28436,18125,1903,3919,347
2018-08-05,51499,0,28490,16593,1873,4111,432
2018-08-06,128439,0,31066,89836,2133,5003,401
2018-08-07,215812,0,29796,177757,2006,5888,365
2018-08-08,128064,0,33282,87254,2085,5048,395
2018-08-09,185989,0,33104,144330,2371,5707,477
2018-08-10,227964,0,31437,186993,2168,6913,453
2018-08-11,308755,0,30413,270125,1825,5991,401
2018-08-12,242177,0,31028,201858,2025,6762,504
2018-08-13,304219,0,32574,261792,2205,7264,384
2018-08-14,173983,0,33113,130780,2432,7329,329
2018-08-15,196275,0,34844,150468,2227,8312,424
2018-08-16,192810,0,33558,149788,2160,6931,373
2018-08-17,373635,0,57509,306951,2325,6454,396
2018-08-18,308364,0,62955,236928,2092,5955,434
2018-08-19,416512,0,86756,319118,2118,7881,639
2018-08-20,335128,0,64142,261206,2206,7089,485
2018-08-21,206602,0,46131,150535,2276,7174,486
2018-08-22,227853,0,48275,169890,2355,6833,500
2018-08-23,174091,0,35309,130325,2234,5815,408
2018-08-24,144456,0,26785,108016,2288,6943,424
2018-08-25,147346,0,27666,109673,2279,7265,463
2018-08-26,136888,0,25871,100836,2276,7269,636
2018-08-27,300956,0,63176,227074,2605,7655,446
2018-08-28,320096,0,67945,240780,2737,8104,530
2018-08-29,345334,0,71649,262391,2741,7966,587
2018-08-30,394681,0,64390,320005,2557,7206,523
2018-08-31,440161,0,66993,363528,2441,6704,495
2018-09-01,356093,0,69634,278217,2426,5429,387
2018-09-02,238220,0,69473,160172,2237,5899,439
2018-09-03,264002,0,68146,186239,2423,6851,343
2018-09-04,274567,0,71763,194311,2373,5815,305
2018-09-05,261320,0,70929,181804,2728,5519,340
2018-09-06,351152,0,70950,271014,2455,6382,351
2018-09-07,313254,0,68847,236247,2124,5706,330
2018-09-08,331727,0,71047,252942,2357,5000,381
2018-09-09,257177,0,68601,180696,2239,5316,325
2018-09-10,212202,0,69971,132926,2148,5679,1478
2018-09-11,221218,0,72196,141047,2115,5433,427
2018-09-12,203944,0,69947,126512,2073,5087,325
2018-09-13,199010,0,70962,113963,2230,6057,5798
2018-09-14,202483,0,71342,118063,1993,4524,6561
2018-09-15,201991,0,70465,124103,1953,4980,490
2018-09-16,193534,0,70448,115891,2197,4659,339
2018-09-17,205172,0,70194,126708,2064,4234,1972
2018-09-18,194738,0,68522,118939,1836,4708,733
2018-09-19,224192,0,72628,144697,2028,4537,302
2018-09-20,241542,0,87399,144121,2551,5043,2428
2018-09-21,248507,0,83536,157069,2516,5002,384
2018-09-22,216569,0,76288,133398,2028,4442,413
2018-09-23,220086,0,74087,138191,2193,5099,516
2018-09-24,242281,0,75204,159138,2395,4536,1008
2018-09-25,253674,0,78286,166749,2157,5029,1453
2018-09-26,245224,0,76807,160424,2089,5410,494
2018-09-27,199596,0,60525,133276,1599,3820,376
2018-09-28,232149,0,74107,149752,2464,5210,616
2018-09-29,339467,0,73760,258397,1996,4780,534
2018-09-30,363035,0,76824,277060,2191,6259,701
2018-10-01,302269,0,73232,220623,2207,5687,520
2018-10-02,260611,0,74997,175688,2242,7032,652
2018-10-03,227725,0,74866,139823,2414,9780,842
2018-10-04,236384,0,74907,149478,2511,8996,492
2018-10-05,245360,0,76919,156040,2348,9623,430
2018-10-06,238350,0,77818,148048,2542,9268,674
2018-10-07,259950,0,78914,168437,2804,9139,656
2018-10-08,240334,0,87690,139028,3217,9868,531
2018-10-09,150991,0,56887,82155,2777,8641,531
2018-10-10,129878,0,37760,78895,2875,9335,1013
2018-10-11,84300,17,30760,44655,2272,6245,351
2018-10-12,190650,3551,72324,103014,3051,8238,472
2018-10-13,244238,44667,78987,107811,2797,9547,429
2018-10-14,222854,15695,77680,116736,2663,9663,417
2018-10-15,219722,15427,80047,113480,3111,7318,339
2018-10-16,170347,21226,51680,86379,2735,6105,2222
2018-10-17,222405,92969,66146,52223,2756,7941,370
2018-10-18,599703,465644,82200,40705,2727,8005,422
2018-10-19,630072,483022,84872,51381,2763,7301,733
2018-10-20,593320,413641,80951,89098,2600,6603,427
2018-10-21,517915,301237,80044,124588,2654,8899,493
2018-10-22,475295,304904,82050,79099,2861,5915,466
2018-10-23,509706,294795,97843,107429,2820,5270,1549
2018-10-24,795865,392352,96966,296827,2885,6335,500
2018-10-25,901430,393273,91766,407355,2811,5067,1158
2018-10-26,754485,462007,92794,190560,2721,5886,517
2018-10-27,824891,503451,80369,231117,2685,6786,483
2018-10-28,653251,492361,39228,112664,2842,5477,679
2018-10-29,572933,405717,34976,122560,3171,5740,769
2018-10-30,637194,513262,41031,73450,3091,5927,433
2018-10-31,718516,598860,43864,66843,2938,5590,421
2018-11-01,706888,593885,40649,61362,2711,5966,2315
2018-11-02,700192,562367,48402,80473,2959,5617,374
2018-11-03,996750,872254,50097,65816,2740,5409,434
2018-11-04,1019464,909554,41943,59011,3021,5614,321
2018-11-05,1099233,991343,41509,56375,3303,6305,398
2018-11-06,1018062,918653,39094,50379,3168,6291,477
2018-11-07,1184003,1085551,44447,44877,3103,5671,354
2018-11-08,1273243,1140154,51580,68158,5375,6262,1714
2018-11-09,1304094,1181043,42974,66698,3657,6028,3694
2018-11-10,1201751,1084391,44377,58369,3368,6111,5135
2018-11-11,1397749,1267027,44602,70137,3620,7195,5168
2018-11-12,1215889,1072088,50139,75108,3658,6815,8081
2018-11-13,1180247,1015555,61228,69078,3963,7651,22772
2018-11-14,1124869,970257,53263,63249,3592,7244,27264
2018-11-15,1283827,1013710,55455,162454,3920,7316,40972
2018-11-16,1648380,1415714,52178,119332,6600,6339,48217
2018-11-17,1400500,1181952,56811,101458,4127,7405,48747
2018-11-18,1423830,1120036,57310,181701,3744,7337,53702
2018-11-19,1562891,1221481,62773,218347,3760,7249,49281
2018-11-20,1124728,915898,56981,116197,3563,7013,25076
2018-11-21,1276558,1062013,56409,120901,4895,6625,25715
2018-11-22,1581344,1287446,52877,206066,4589,6292,24074
2018-11-23,1842497,1660864,48221,103348,4969,6456,18639
2018-11-24,1572113,1388303,43579,113136,3574,6225,17296
2018-11-25,1649642,1439273,44068,128554,3586,6427,27734
2018-11-26,1662417,1467887,42757,118564,3664,6509,23036
2018-11-27,1916377,1692525,43330,142314,3668,5986,28554
2018-11-28,1833994,1685332,49385,66993,3776,6799,21709
2018-11-29,1914219,1764499,53717,58442,3799,7396,26366
2018-11-30,1824047,1654522,60356,66635,3344,6863,32327
2018-12-01,2394042,1535339,52800,770362,3404,6446,25691
2018-12-02,1757823,1565870,52975,93988,3466,6299,35225
2018-12-03,1699986,1536744,50130,71508,3220,5356,33028
2018-12-04,1668909,1502469,51048,70711,3563,6471,34647
2018-12-05,1964814,1767346,50249,112261,3191,6140,25627
2018-12-06,2038814,1903097,40442,64622,3268,6081,21304
2018-12-07,1976275,1841366,39612,70044,3048,5640,16565
2018-12-08,2147318,1999528,50259,65875,3480,6601,21575
2018-12-09,2113814,1945117,46575,92428,3373,7801,18520
2018-12-10,2422212,2227190,53311,109041,3515,6198,22957
2018-12-11,2377191,2202148,49150,95905,3477,7120,19391
2018-12-12,2331965,2185653,47600,73473,3228,6594,15417
2018-12-13,2538912,2347868,60557,102566,3400,7044,17477
2018-12-14,2646606,2490183,54727,59437,3205,5964,33090
2018-12-15,2891957,2730218,54559,69091,3054,6333,28702
2018-12-16,3008605,2835958,54032,91717,3505,6582,16811
2018-12-17,2794510,2634289,85449,52496,3545,6165,12566
2018-12-18,2709221,2552757,64735,67920,3394,6351,14064
2018-12-19,1819475,1589133,99713,109860,3534,6576,10659
2018-12-20,3094916,2872871,81177,120601,3429,6881,9957
2018-12-21,3327909,3100281,115682,87874,3879,6693,13500
2018-12-22,2632501,2447612,81309,80976,3111,6225,13268
2018-12-23,3324858,3124093,86885,92283,3444,7788,10365
2018-12-24,2692597,2418166,111008,140240,3702,6925,12556
2018-12-25,2438726,2184469,79415,154504,2972,5555,11811
2018-12-26,2493778,2287157,82787,97580,3231,11234,11789
2018-12-27,2306817,2161791,75557,51500,3121,5924,8924
2018-12-28,2427579,2193141,81081,92202,3301,47641,10213
2018-12-29,2580474,2354720,84734,73170,3165,54362,10323
2018-12-30,2764570,2558317,81571,60192,3062,53077,8351
2018-12-31,2803440,2550545,83419,106132,2906,52287,8151
2019-01-01,2632014,2412706,81626,70237,3007,52560,11878
2019-01-02,2683585,2465465,89074,61576,3420,53841,10209
2019-01-03,2412216,2207823,94764,44740,3724,53795,7370
2019-01-04,2650144,2422109,105629,55849,3676,52684,10197
2019-01-05,2459499,2242871,113423,40152,3466,53520,6067
2019-01-06,2158598,1954678,106985,34753,3482,53670,5030
2019-01-07,1930231,1712667,123766,30581,3494,53350,6373
2019-01-08,2069711,1799279,151517,51591,4116,53746,9462
2019-01-09,1848487,1592150,144887,45322,4447,54739,6942
2019-01-10,1816490,1598102,157744,28666,4411,19733,7834
2019-01-11,2346641,2109894,131607,34034,3956,57621,9529
2019-01-12,2557078,2295144,138304,44886,3653,66456,8635
2019-01-13,2755571,2453484,129874,82227,3884,77128,8974
2019-01-14,2850787,2562844,116521,63631,3921,93324,10546
2019-01-15,3026627,2699265,116067,102138,3964,97686,7507
2019-01-16,3551271,3246367,135090,136855,4035,21489,7435
2019-01-17,3316527,3006991,156067,136673,3635,6480,6681
2019-01-18,2944251,2685004,149558,84390,4203,6553,14543
2019-01-19,2701900,2471742,128739,81935,3247,6559,9678
2019-01-20,2392632,2144744,143065,74039,3490,6680,20614
2019-01-21,2075600,1872556,130607,54009,3771,6467,8190
2019-01-22,2116233,1918046,133891,47085,3884,6288,7039
2019-01-23,2476948,2279850,129557,51726,3614,5994,6207
2019-01-24,2315896,2112798,137101,46367,6699,6196,6735
2019-01-25,2103424,1911301,133004,40058,6178,6532,6351
2019-01-26,2554743,2374843,124295,39047,3798,6868,5892
2019-01-27,2279448,2053996,166554,41609,4259,6615,6415
2019-01-28,1810520,1586884,169394,37190,4158,6853,6041
2019-01-29,1864864,1583955,227715,38874,3505,5803,5012
2019-01-30,2017029,1717126,244487,40740,3288,6513,4875
2019-01-31,2032413,1693500,235936,86276,3380,6488,6833
2019-02-01,2081296,1805385,202518,59060,3303,5935,5095
2019-02-02,1966880,1674775,206920,70799,3216,6589,4581
2019-02-03,1939601,1642140,218617,63802,3186,6158,5698
2019-02-04,1757246,1469125,220803,51880,3389,5781,6268
2019-02-05,1631543,1360556,209971,46801,3469,5657,5089
2019-02-06,1659158,1363257,211321,71260,3255,5870,4195
2019-02-07,1640853,1362336,211566,53569,2938,6025,4419
2019-02-08,1587190,1305635,212128,55718,3125,5610,4974
2019-02-09,2034244,1484469,178171,357373,3827,5864,4540
2019-02-10,1500780,1352334,86241,44544,6037,6780,4844
2019-02-11,1720934,1216455,92219,392530,5642,8263,5825
2019-02-12,1420915,1234800,81261,87893,5213,6705,5043
2019-02-13,1414828,1271565,77162,50625,3757,7177,4542
2019-02-14,1372317,1232273,78128,48400,3355,5628,4533
2019-02-15,1472782,1300661,88883,68003,3924,5027,6284
2019-02-16,1529783,1350545,73092,93039,3208,4849,5050
2019-02-17,1329342,1128470,64269,123252,3209,5884,4258
2019-02-18,1472062,1157650,76920,183159,3736,45915,4682
2019-02-19,1563421,1290962,82044,128721,3558,52971,5165
2019-02-20,1492388,1237004,73122,121129,3342,53797,3994
2019-02-21,1443673,1246360,78544,57856,3098,53004,4811
2019-02-22,1289210,1097107,81336,50185,3293,53309,3980
2019-02-23,1351804,1162253,78092,52534,3029,52102,3794
2019-02-24,1388053,1194351,79529,54605,3178,52831,3559
2019-02-25,1451377,1266780,83754,43317,2980,51446,3100
2019-02-26,1625170,1418717,114566,34943,3097,50807,3040
2019-02-27,1725560,1393607,223334,50761,2968,51515,3375
2019-02-28,1666163,1338952,234026,36826,2885,50502,2972
2019-03-01,1650459,1322493,216602,54094,3174,50488,3608
2019-03-02,1670072,1450663,120158,68901,3093,24019,3238
2019-03-03,1630080,1485765,80802,52796,3086,4996,2635
2019-03-04,1902192,1675354,153974,61026,3494,5819,2525
2019-03-05,2361373,2166681,131815,50798,3501,5757,2821
2019-03-06,2672827,2532103,67940,60887,3559,5593,2745
2019-03-07,3014418,2855326,76838,71607,3353,4872,2422
2019-03-08,2820882,2562567,90614,157223,3388,4676,2414
2019-03-09,2667206,2497684,82211,75856,3367,5259,2829
2019-03-10,2565784,2387836,85566,79626,3503,5551,3702
2019-03-11,2648934,2393448,86204,155958,3800,5816,3708
2019-03-12,2746605,2583699,85014,66173,3679,5026,3014
2019-03-13,2851101,2659602,111715,66418,3883,5344,4139
2019-03-14,2952194,2764877,125678,48455,4128,4881,4175
2019-03-15,2847623,2629025,125571,79481,4003,4872,4671
2019-03-16,2548730,2385788,110622,40175,4009,4769,3367
2019-03-17,1916764,1767543,97835,39869,3779,4642,3096
2019-03-18,2276951,2061005,142467,61451,3919,4784,3325
2019-03-19,2308826,2092236,154461,49080,4099,5507,3443
2019-03-20,2097137,1913474,123283,47600,3894,5415,3471
2019-03-21,2450714,2199665,168553,52060,3560,23872,3004
2019-03-22,2305014,2072047,153577,65719,3627,6425,3619
2019-03-23,1802332,1606330,134252,49406,3807,4969,3568
2019-03-24,1494332,1328659,116972,36502,3630,5354,3215
2019-03-25,1634688,1377066,206440,38341,4122,5714,3005
2019-03-26,4278529,4114629,114315,35956,4131,5576,3922
2019-03-27,3066626,2862925,131187,58937,3910,5628,4039
2019-03-28,2727057,2560705,104647,49350,4049,5038,3268
2019-03-29,2079786,1911925,104697,51294,3860,4990,3020
2019-03-30,1835522,1652535,117195,54251,3759,4782,3000
2019-03-31,1870787,1654913,115263,87945,4156,5719,2791
2019-04-01,1630422,1406340,124268,85910,4429,5470,4005
2019-04-02,1590232,1347178,132944,96461,4481,5790,3378
2019-04-03,1801937,1573779,140433,71523,7506,5691,3005
2019-04-04,1832307,1620956,108349,90916,4407,4891,2788
2019-04-05,1836535,1584069,113680,127284,3677,5333,2492
2019-04-06,1931229,1712149,105024,102387,3837,5003,2829
2019-04-07,2195436,1985217,101120,96787,4718,5253,2341
2019-04-08,1965309,1761130,103407,87779,4328,5406,3259
2019-04-09,1886175,1727507,91132,54610,3964,5679,3283
2019-04-10,1780373,1617336,103106,45937,4172,5594,4228
2019-04-11,1812393,1520745,108246,168641,3978,5209,5574
2019-04-12,1902363,1742500,100723,45966,3874,5499,3801
2019-04-13,1859203,1712825,92400,42296,3574,5016,3092
2019-04-14,1970524,1800473,107288,50647,3907,5556,2653
2019-04-15,2138047,1982750,95938,47255,3788,5701,2615
2019-04-16,1627469,1447745,94854,73772,3778,5063,2257
2019-04-17,1616266,1445027,92851,66581,4082,5457,2268
2019-04-18,1477789,1305643,96201,62788,4097,6069,2991
2019-04-19,1631415,1386271,140770,92142,3885,5678,2669
2019-04-20,1546627,1360649,84606,89223,3462,5573,3114
2019-04-21,1648074,1477879,89803,69452,3347,5145,2448
2019-04-22,1708121,1522297,111068,59861,3786,5244,5865
2019-04-23,1678164,1475943,109435,75438,3716,5098,8534
2019-04-24,1729641,1560578,92652,58997,3629,5625,8160
2019-04-25,1934026,1708377,90335,116811,3611,5762,9130
2019-04-26,2253091,2056179,96743,85043,3653,5343,6130
2019-04-27,2399839,2169256,100064,116533,3296,5013,5677
2019-04-28,2143786,1941808,87562,98396,3605,5569,6846
2019-04-29,2110537,1911954,99405,82657,3558,6191,6772
2019-04-30,2289177,1933637,117222,98960,3526,131755,4077
2019-05-01,2062992,1827965,116293,103028,3261,5978,6467
2019-05-02,2044327,1870287,89024,72681,3142,5300,3893
2019-05-03,2324192,2171269,91518,49041,3397,5580,3387
2019-05-04,2273284,2112221,86184,63880,3119,5056,2824
2019-05-05,2240677,1977823,104427,142217,3486,4827,7897
2019-05-06,1955931,1733167,95497,114028,3339,7736,2164
2019-05-07,1901255,1706771,91423,93027,3258,4848,1928
2019-05-08,1741615,1538041,89454,101828,3061,4906,4325
2019-05-09,1970391,1765116,97171,97847,3081,5092,2084
2019-05-10,1860737,1671324,86742,93940,3054,4057,1620
2019-05-11,2409409,1930683,133963,333796,3233,5820,1914
2019-05-12,2168795,1832845,164654,161607,3081,5140,1468
2019-05-13,1795375,1504596,158280,123104,3096,4783,1516
2019-05-14,1787838,1543283,148567,85892,3310,5217,1569
2019-05-15,1808572,1529341,170639,97865,3522,5340,1865
2019-05-16,1962457,1659718,223006,69388,3437,5078,1830
2019-05-17,1469336,1281187,116347,63017,2697,4708,1380
2019-05-18,1421579,1241193,111048,60039,2825,5049,1425
2019-05-19,1497878,1305904,116986,65370,3065,4963,1590
2019-05-20,1463218,1278778,113756,61042,3018,4814,1810
2019-05-21,1521517,1314972,115415,81425,3020,5413,1272
2019-05-22,1616435,1374265,168791,64583,2484,4731,1581
2019-05-23,1578970,1397304,116838,55277,2757,4916,1878
2019-05-24,1416410,1218275,111850,77010,2971,4748,1556
2019-05-25,1413158,1219518,103751,82106,2449,4245,1089
2019-05-26,1349643,1140197,109889,90411,2923,5018,1205
2019-05-27,1369630,1187170,113762,58903,3270,5463,1062
2019-05-28,1355457,1163728,113851,68133,4109,4798,838
2019-05-29,1235286,1016983,109940,99644,2788,4995,936
2019-05-30,1483950,1312572,112112,51042,2683,4783,758
2019-05-31,1158120,985908,111679,52751,2358,4779,645
2019-06-01,1065719,902639,102961,51906,2653,4872,688
2019-06-02,1160586,962106,120507,68136,3281,5686,870
2019-06-03,1131815,906448,115086,101443,2863,5114,861
2019-06-04,1154070,977308,104459,64535,2409,4527,832
2019-06-05,1145641,983053,107448,47385,2318,4627,810
2019-06-06,1179771,946960,136506,87972,2918,4650,765
2019-06-07,1923864,1766910,103257,46220,2402,4276,799
2019-06-08,1769113,1585545,99619,76229,2351,4595,774
2019-06-09,1370975,1191787,105345,65341,2396,4575,1531
2019-06-10,1932476,1708304,114271,101104,2560,4952,1285
2019-06-11,1376851,1068697,110992,189731,2555,4269,607
2019-06-12,1262202,1059542,113576,81142,2452,4992,498
2019-06-13,1275766,1047730,113331,107298,2489,4336,582
2019-06-14,1402562,1125468,134105,135741,2582,4062,604
2019-06-15,1371261,1160634,125952,77266,2515,4316,578
2019-06-16,1226037,1012891,127809,77010,2631,5201,495
2019-06-17,1161526,967143,127082,59436,2602,4813,450
2019-06-18,1211433,996604,131021,76834,2468,3834,672
2019-06-19,1463099,1262952,119132,74397,2402,3708,508
2019-06-20,1177207,1000017,122600,47986,2380,3768,456
2019-06-21,1423831,1243972,126560,46525,2214,4139,421
2019-06-22,1389240,1152828,187216,42637,2496,3584,479
2019-06-23,1454022,1148010,230943,67897,2645,4077,450
2019-06-24,1143285,849194,211777,74726,2782,4324,482
2019-06-25,1172447,894722,189253,80649,2677,4301,845
2019-06-26,1230725,863998,209240,149931,2645,4055,856
2019-06-27,1121492,917088,93817,104952,2228,2695,712
2019-06-28,1130141,884354,112937,127032,2305,2783,730
2019-06-29,1126736,877577,113650,129571,2351,2770,817
2019-06-30,1125381,907146,121044,90638,2658,3265,630
2019-07-01,1115909,852596,114374,142402,2403,3206,928
2019-07-02,1056150,852679,112992,83865,2746,3274,594
2019-07-03,1121798,892465,116318,107299,2361,2804,551
2019-07-04,985669,795454,107471,76823,2291,3067,563
2019-07-05,859248,637059,94144,122667,2108,2719,551
2019-07-06,941528,738256,97903,100036,2086,2869,378
2019-07-07,903522,671396,144401,81884,2316,3059,466
2019-07-08,1205193,829570,220929,148121,2798,3199,576
2019-07-09,985481,683755,198928,96833,2468,3011,486
2019-07-10,986702,678877,184018,117296,2860,3206,445
2019-07-11,1139985,742929,170475,220325,2454,3365,437
2019-07-12,964592,669675,159827,129247,2312,3120,411
2019-07-13,943393,707984,167089,63078,2069,2742,431
2019-07-14,919660,681828,166773,64993,2396,3311,359
2019-07-15,980578,711173,166741,96391,2591,3232,450
2019-07-16,1028372,795577,162254,65059,2211,2885,386
2019-07-17,1034198,802513,157236,68675,2398,3028,348
2019-07-18,1074293,833419,154557,80461,2454,2947,455
2019-07-19,1123195,878432,160395,78325,2606,3092,345
2019-07-20,1183099,961504,150393,65239,2450,3029,484
2019-07-21,3491838,3297031,134655,53287,2966,3257,642
2019-07-22,5281095,5057908,146648,69677,3023,3226,613
2019-07-23,5072278,4843719,162755,59128,2888,3054,734
2019-07-24,4695770,4474907,144903,69716,2536,3101,607
2019-07-25,4227846,3997904,146392,77169,2704,3062,615
2019-07-26,4240701,3998296,150126,86010,2568,3012,689
2019-07-27,4681884,4379089,157248,139552,2436,2862,697
2019-07-28,4783522,4521593,150451,105282,2588,3113,495
2019-07-29,4240067,4012678,148952,72176,2495,3191,575
2019-07-30,3656311,3407813,146445,96173,2449,2874,557
2019-07-31,2897424,2678193,143132,70538,2418,2601,542
2019-08-01,2488318,2248138,147136,87287,2484,2650,623
2019-08-02,2321321,2079773,145907,90256,2473,2636,276
2019-08-03,2726995,2474991,140828,105937,2312,2668,259
2019-08-04,3111120,2900258,142319,63148,2278,2777,340
2019-08-05,3145274,2928811,149067,61385,2698,2956,357
2019-08-06,2697446,2471597,147065,73037,2580,2869,298
2019-08-07,3253119,3037025,148127,62437,2339,2891,300
2019-08-08,3072539,2780664,170489,115839,2383,2806,358
2019-08-09,2496715,2309237,105370,77132,2238,2479,259
2019-08-10,2441967,2312861,61959,62243,2189,2500,215
2019-08-11,3585635,3316306,67587,196129,2431,2931,251
2019-08-12,2753827,2612391,75991,59631,2688,2813,313
2019-08-13,2786594,2633727,67651,79771,2431,2712,302
2019-08-14,2887085,2733936,76626,71029,2538,2658,298
2019-08-15,3040140,2894367,68346,66046,2533,2807,6041
2019-08-16,3528854,3311267,141112,70796,2548,2607,524
2019-08-17,3899253,3686668,142370,64795,2357,2744,319
2019-08-18,3953893,3741884,148379,57944,2483,2832,371
2019-08-19,3636906,3415603,148545,66765,2670,2919,404
2019-08-20,3633706,3337443,150872,139641,2463,2760,527
2019-08-21,3178362,2924571,147792,100484,2483,2567,465
2019-08-22,3292002,3010100,150210,126122,2434,2672,464
2019-08-23,2799236,2562753,150950,79770,2466,2740,557
2019-08-24,2514199,2297120,145527,66321,2351,2633,247
2019-08-25,2301643,2074752,149654,71520,2361,2816,540
2019-08-26,2488768,2245205,148373,89085,2563,2805,737
2019-08-27,2298042,2077366,144050,70704,2553,2832,537
2019-08-28,2398383,2195854,142402,54190,2493,2748,696
2019-08-29,2183711,1964977,138608,74887,2404,2436,399
2019-08-30,2185164,1962272,145776,72011,2236,2529,340
2019-08-31,2215660,2011435,138450,60847,2195,2487,246
2019-09-01,2335107,2138222,128691,63254,2234,2454,252
2019-09-02,2137502,1929726,145326,57227,2402,2607,214
2019-09-03,2089186,1886533,141076,56320,2421,2524,312
2019-09-04,1969838,1764787,143778,55978,2426,2561,308
2019-09-05,1906525,1686340,147421,67651,2277,2572,264
2019-09-06,1909014,1702427,144777,57022,2271,2290,227
2019-09-07,2092892,1802113,192127,93829,2244,2333,246
2019-09-08,1967745,1745944,167206,49389,2381,2579,246
2019-09-09,1754140,1548903,159386,40719,2407,2477,248
2019-09-10,1626270,1431905,145840,43576,2216,2506,227
2019-09-11,1831322,1495232,149175,181571,2476,2572,296
2019-09-12,1630677,1358720,144463,122602,2234,2385,273
2019-09-13,1654380,1398102,148589,102760,2131,2555,243
2019-09-14,1849492,1601630,148794,91925,4100,2641,402
2019-09-15,1732916,1482533,145194,99679,2377,2709,424
2019-09-16,1717857,1455450,147239,109589,2496,2709,374
2019-09-17,1706399,1467894,148699,84181,2508,2715,402
2019-09-18,1492726,1260333,149836,77004,2511,2706,336
2019-09-19,1653453,1413128,152192,82501,2563,2701,368
2019-09-20,1740366,1512381,153909,68033,2392,3291,360
2019-09-21,1666468,1443053,152879,65464,2237,2511,324
2019-09-22,1913692,1664987,160353,82878,2510,2713,251
2019-09-23,2131932,1844564,173069,108788,2573,2599,339
2019-09-24,2248678,1956829,176981,109527,2436,2604,301
2019-09-25,2219099,1918929,175283,119257,2595,2796,239
2019-09-26,2381044,2103929,166152,105552,2584,2575,252
2019-09-27,2389996,2064257,186692,134151,2297,2371,228
2019-09-28,2489282,2208911,170539,104760,2383,2433,256
2019-09-29,2412404,2163872,166338,76274,2699,2814,407
2019-09-30,2181382,1878135,192474,104259,3124,3119,271
2019-10-01,2218651,1923630,176181,113409,2501,2700,230
2019-10-02,2286235,2013364,163546,103420,2801,2780,324
2019-10-03,2240261,1979865,169139,85897,2417,2550,393
2019-10-04,2424166,2125873,186218,106732,2428,2673,242
2019-10-05,1920103,1590096,185952,139049,2324,2405,277
2019-10-06,1967281,1662622,184935,114540,2421,2482,281
2019-10-07,2204137,1778908,200963,218576,2593,2789,308
2019-10-08,2369427,2003769,203304,156662,2651,2722,319
2019-10-09,2527854,2241596,180865,99579,2711,2708,395
2019-10-10,2377237,2147939,159916,64118,2448,2479,337
2019-10-11,2538328,2038721,193242,301198,2340,2465,362
2019-10-12,2458866,2150376,178784,124392,2467,2525,322
2019-10-13,2365871,2095919,174983,89561,2557,2604,247
2019-10-14,2378435,2077263,183003,112763,2640,2516,250
2019-10-15,2067052,1756343,186964,118608,2338,2495,304
2019-10-16,2167222,1916429,170001,75564,2445,2530,253
2019-10-17,2284855,2026639,171713,81229,2496,2467,311
2019-10-18,2424386,2106722,177691,134668,2436,2505,364
2019-10-19,2124885,1803235,162959,154076,2155,2213,247
2019-10-20,2170416,1907268,156562,101370,2456,2507,253
2019-10-21,2007030,1710036,178974,112648,2474,2552,346
2019-10-22,2496368,2212167,207584,71604,2302,2383,328
2019-10-23,2906974,2632034,161501,108292,2395,2492,260
2019-10-24,2872931,2534829,196616,135986,2518,2572,410
2019-10-25,2745211,2431553,167821,140456,2578,2432,371
2019-10-26,2430485,2195330,155604,74387,2404,2493,267
2019-10-27,2409335,2147964,164728,91026,2664,2583,370
2019-10-28,2607349,2339033,157491,104344,2995,3064,422
2019-10-29,2211141,1961577,153646,90323,2562,2700,333
2019-10-30,1683736,1417732,150803,109599,2589,2764,249
2019-10-31,1664457,1353548,158583,146760,2485,2800,281
2019-11-01,1700777,1453411,152332,89446,2350,2670,568
2019-11-02,1953574,1705201,147355,95314,2549,2670,485
2019-11-03,1832268,1582168,147833,95515,3059,3080,613
2019-11-04,1819466,1580291,153334,76006,2719,2652,4464
2019-11-05,1707435,1418855,155585,116611,2669,2529,11186
2019-11-06,1432567,1195640,142573,87777,2655,2742,1180
2019-11-07,1357342,1100182,145867,104241,2813,3158,1081
2019-11-08,1453283,1167340,149533,129497,3050,3187,676
2019-11-09,1749891,1521996,142903,78313,2864,3196,619
2019-11-10,1623892,1393062,147047,76880,2904,3343,656
2019-11-11,1680831,1281765,150336,241467,3149,3239,875
2019-11-12,1417131,1162222,149434,98226,2788,3203,1258
2019-11-13,1486513,1150557,179144,149798,2945,3205,864
2019-11-14,1318532,1145952,80039,85730,2880,3001,930
2019-11-15,1276117,1115617,74179,79720,2763,2866,972
2019-11-16,1079035,902973,72688,96429,2924,2916,1105
2019-11-17,1465045,1268015,62620,127526,2863,3071,950
2019-11-18,1067189,927985,61641,70271,2957,3238,1097
2019-11-19,1015693,889542,62847,56430,2826,2855,1193
2019-11-20,1020638,865532,68949,79487,2774,2877,1019
2019-11-21,1063309,914815,61605,80083,2845,2702,1259
2019-11-22,1187788,991963,85871,103305,2718,2827,1104
2019-11-23,1050926,930452,63136,51189,2613,2623,913
2019-11-24,1135590,983764,66861,78719,2637,2690,919
2019-11-25,990220,827932,77852,77730,2655,2847,1204
2019-11-26,1082948,914374,79334,82325,2691,3162,1062
2019-11-27,1050327,892847,68539,81642,2838,3383,1078
2019-11-28,1164712,1017158,66684,73933,2700,3195,1042
2019-11-29,1145987,945212,67620,126426,2768,2929,1032
2019-11-30,1063178,860371,80677,115879,2564,2741,946
2019-12-01,1011623,837542,70808,96637,2714,2879,1043
2019-12-02,1039702,889085,72376,71706,2534,2844,1157
2019-12-03,1016094,857624,67250,84461,2725,2963,1071
2019-12-04,1257768,1023721,174425,52307,3422,2727,1166
2019-12-05,1068566,951741,65260,44626,2821,3018,1100
2019-12-06,1146256,986606,100257,52106,2788,3443,1056
2019-12-07,1026587,898027,70673,50934,2741,3019,1193
2019-12-08,963174,848461,59049,48616,2849,2968,1231
2019-12-09,990762,832289,82655,68540,2809,3204,1265
2019-12-10,884261,758903,67322,51467,2627,2815,1127
2019-12-11,1248718,929561,71895,239780,3102,3209,1171
2019-12-12,952778,814030,69906,62008,2745,2991,1098
2019-12-13,975085,851293,73677,43329,2749,2802,1235
2019-12-14,957474,807392,80714,62739,2737,2695,1197
2019-12-15,1004333,867492,75393,54884,2692,2689,1183
2019-12-16,1009706,839167,72896,90690,2811,2975,1167
2019-12-17,927274,746196,64656,109681,2850,2687,1204
2019-12-18,901958,767612,66810,60878,2725,2624,1309
2019-12-19,972982,824703,74860,66491,2748,2841,1339
2019-12-20,1031744,784156,97630,143339,2697,2602,1320
2019-12-21,903336,772961,70558,53681,2447,2401,1288
2019-12-22,888985,756673,68957,56322,2966,2754,1313
2019-12-23,1158542,968447,102566,79715,3585,2934,1295
2019-12-24,1597599,1443336,79188,68663,2726,2665,1021
2019-12-25,1413035,1268782,75583,62177,2736,2585,1172
2019-12-26,1300391,1145975,82748,65060,2736,2779,1093
2019-12-27,1153759,975755,75077,96362,2678,2742,1145
2019-12-28,1731102,1570234,76744,76721,2952,2858,1593
2019-12-29,1368472,1223330,69791,68185,2757,2895,1514
2019-12-30,1368459,1223331,74731,62887,2830,2877,1803
2019-12-31,1430302,1291251,72924,59573,2595,2569,1390
2020-01-01,1319957,1187116,68786,57548,2758,2576,1173
2020-01-02,1125034,1000847,66868,50339,2796,2627,1557
2020-01-03,1049904,911316,75358,56257,2766,2825,1382
2020-01-04,979031,853473,69214,49461,2667,2914,1302
2020-01-05,977003,860825,67652,41258,2746,2698,1824
2020-01-06,951847,787131,72568,84893,2819,2671,1765
2020-01-07,853225,707667,63738,74485,2750,2597,1988
2020-01-08,814246,691875,65405,49886,2623,2625,1832
2020-01-09,886448,749863,64903,64878,2700,2675,1429
2020-01-10,876030,745677,73195,49764,2805,2815,1774
2020-01-11,1085142,747775,71242,258551,2766,2769,2039
2020-01-12,881123,759081,63880,50502,2798,2806,2056
2020-01-13,864349,743572,65946,47467,2725,2663,1976
2020-01-14,963399,802661,70671,81676,3318,2948,2125
2020-01-15,827135,690703,75368,53002,3160,3046,1856
2020-01-16,841279,716535,67874,49680,2756,2957,1477
2020-01-17,924640,710943,78788,127233,2890,3361,1425
2020-01-18,987267,739834,114309,125848,2814,2841,1621
2020-01-19,861176,730103,65797,58076,2702,2830,1668
2020-01-20,895274,659883,78504,149756,2723,2941,1467
2020-01-21,824483,696460,67800,53282,2718,2844,1379
2020-01-22,946320,806729,63875,68684,2764,2955,1313
2020-01-23,966377,768366,66782,124539,2514,2865,1311
2020-01-24,1048696,839156,85763,117425,2535,2674,1143
2020-01-25,888924,700971,78957,102507,2551,2802,1136
2020-01-26,831283,688736,74032,61832,2568,2772,1343
2020-01-27,1022363,898022,67526,48915,2738,2869,2293
2020-01-28,1296127,1161668,71907,52157,3063,3031,4301
2020-01-29,1054697,922695,74573,49754,2914,2991,1770
2020-01-30,991604,835865,83194,65337,2743,2748,1717
2020-01-31,925785,763475,69595,85583,2632,2894,1606
2020-02-01,877193,727295,77679,65164,2716,2576,1763
2020-02-02,1003316,861388,79517,54025,2986,2921,2479
2020-02-03,988374,848996,73309,59448,2751,2589,1281
2020-02-04,964593,835588,73436,48683,2776,2840,1270
2020-02-05,857976,721437,77526,51552,3191,2660,1610
2020-02-06,813635,638101,82638,84072,4125,3033,1666
2020-02-07,816985,653491,77382,78353,3250,3045,1464
2020-02-08,847528,679984,83989,76539,2947,2578,1491
2020-02-09,792526,664222,77549,42159,3702,3167,1727
2020-02-10,725091,606523,67574,43288,3124,2872,1710
2020-02-11,956421,622886,69322,256638,3047,2988,1540
2020-02-12,773977,606585,87383,72007,3333,3089,1580
2020-02-13,800825,657706,82054,53116,3289,3128,1532
2020-02-14,842279,677447,80135,76810,3196,3163,1528
2020-02-15,872114,706725,78646,78949,3245,3208,1341
2020-02-16,858828,740154,73963,37296,2958,3100,1357
2020-02-17,822991,694066,74955,47087,2739,2730,1414
2020-02-18,811851,681048,78912,44572,2780,2976,1563
2020-02-19,804022,679508,75331,42145,2760,2796,1482
2020-02-20,900219,723743,84017,84737,2824,2909,1989
2020-02-21,968664,775788,88061,94421,2810,2883,4701
2020-02-22,1033991,870422,76304,79207,3040,2959,2059
2020-02-23,1033661,902690,73846,47101,3236,3123,3665
2020-02-24,911364,771472,77727,55267,2772,2756,1370
2020-02-25,899532,767340,74668,50954,2625,2733,1212
2020-02-26,954360,814661,81464,51218,2811,2889,1317
2020-02-27,991756,865755,79521,38947,2872,3040,1621
2020-02-28,1147434,1019685,78127,43251,2470,2582,1319
2020-02-29,920275,786712,85994,40543,2613,2769,1644
2020-03-01,924849,789558,80624,47360,2752,3066,1489
2020-03-02,898010,766007,79141,44184,3770,2906,2002
2020-03-03,1029750,842244,112125,67348,3359,3096,1578
2020-03-04,829197,692146,86962,42644,2892,3032,1521
2020-03-05,834320,712093,80382,33468,2980,3944,1453
2020-03-06,828131,701589,82978,28680,2659,10713,1512
2020-03-07,947997,810900,86510,42740,2739,3401,1707
2020-03-08,991245,840544,84399,58818,2930,2968,1586
2020-03-09,948812,797294,85690,58281,2700,3099,1748
2020-03-10,982219,845790,80744,48504,2702,2837,1642
2020-03-11,1326468,964542,80455,274172,2625,3157,1517
2020-03-12,995810,830913,90120,66872,3227,3017,1661
2020-03-13,1215929,1003858,92263,111957,2949,3150,1752
2020-03-14,1220825,1050736,88417,73574,2750,3376,1972
2020-03-15,1308983,1159857,87116,54170,2860,3263,1717
2020-03-16,1335239,1180683,90623,55679,2924,3266,2064
2020-03-17,1258759,1095147,78126,77485,2822,3232,1947
2020-03-18,1361729,1143422,110007,100472,2726,3220,1882
2020-03-19,1426792,1084140,113865,220762,2811,3230,1984
2020-03-20,1187747,1007392,78828,93499,2794,3165,2069
2020-03-21,1336654,1112867,86359,130100,2497,2904,1927
2020-03-22,1251559,1030260,86103,125189,3788,3061,3158
2020-03-23,1189205,961649,93074,126472,2992,2814,2204
2020-03-24,1107878,946255,82483,71418,2708,3041,1973
2020-03-25,1184594,1009142,80044,87311,2790,3252,2055
2020-03-26,1198701,1028467,80132,82302,2595,3111,2094
2020-03-27,1165047,945128,108614,103289,2587,2999,2430
2020-03-28,1427592,1253164,95139,71491,2543,3037,2218
2020-03-29,1207001,1038498,90585,70025,2662,2997,2234
2020-03-30,1171709,985555,99234,78686,2856,2978,2400
2020-03-31,1223375,1023004,111321,80358,2800,3032,2860
2020-04-01,1116674,922759,104197,81397,2752,3106,2463
2020-04-02,1111270,922976,108570,70921,2944,3311,2548
2020-04-03,1203357,958636,122328,114225,2790,2761,2617
2020-04-04,1305624,907071,100653,289866,2690,2875,2469
2020-04-05,1220060,873523,108640,229782,2841,2816,2458
2020-04-06,1160147,859442,96622,195403,3012,3020,2648
2020-04-07,1224445,928005,97242,190776,3010,2937,2475
2020-04-08,1228207,979220,93107,147658,2809,2893,2520
2020-04-09,1109609,853458,105154,142789,2809,2887,2512
2020-04-10,1160933,886742,103910,161906,2760,3049,2566
2020-04-11,1488720,986040,91060,403244,2837,3002,2537
2020-04-12,1537144,1185138,103456,239604,3312,3083,2551
2020-04-13,1336118,986060,111979,229343,3032,3102,2602
2020-04-14,1239561,922334,107841,200481,3141,2997,2767
2020-04-15,1281336,1005293,108908,157561,3399,3551,2624
2020-04-16,1252901,971502,120179,151048,3625,3685,2862
2020-04-17,1207335,948065,121074,127873,3564,3592,3167
2020-04-18,1229784,1004047,134111,81393,3657,3645,2931
2020-04-19,1461150,1012458,185378,253092,3561,3799,2862
2020-04-20,1654571,1038323,278515,328002,3507,3503,2721
2020-04-21,1911575,1261953,379914,259636,3553,3476,3043
2020-04-22,1755452,1220442,333137,191903,3693,3437,2840
2020-04-23,1459445,1031919,183079,234668,3705,3544,2530
2020-04-24,1373788,954797,163380,245831,3809,3584,2387
2020-04-25,1368818,973551,124837,260472,3906,3558,2494
2020-04-26,1371363,955280,134057,271528,4049,3780,2669
2020-04-27,1322525,949759,131048,231639,3819,3709,2551
2020-04-28,1699670,1294850,158339,236106,3754,3768,2853
2020-04-29,1241189,900479,144281,185460,4067,3711,3191
2020-04-30,1365634,1085550,140674,128809,3867,3598,3136
2020-05-01,1266022,973054,143687,139296,3560,3516,2909
2020-05-02,1167924,948350,132720,76715,3845,3484,2810
2020-05-03,1043660,838249,105921,89854,3456,3198,2982
2020-05-04,1057753,879555,111636,56608,3444,3297,3213
2020-05-05,1162017,956535,124424,70515,3642,3397,3504
2020-05-06,1126522,939009,105239,71892,3687,3937,2758
2020-05-07,1064123,878253,105022,70068,3973,3925,2882
2020-05-08,1050214,854253,119197,66086,3803,3899,2976
2020-05-09,1124953,886147,126370,101325,4113,4026,2972
2020-05-10,1045726,870504,103451,61115,3891,3900,2865
2020-05-11,1339471,895486,105236,313563,4267,4236,16683
2020-05-12,1170262,843408,106122,209729,3980,3888,3135
2020-05-13,1069072,820891,107040,130459,3837,3862,2983
2020-05-14,1162120,768453,179796,201857,4814,4033,3167
2020-05-15,1104146,839629,111316,141581,4266,3867,3487
2020-05-16,1007211,779841,102220,114166,4091,3774,3119
2020-05-17,1106302,941815,96488,57018,4182,3965,2834
2020-05-18,1271860,947530,108494,205020,4201,3903,2712
2020-05-19,1157310,813325,139095,194341,3979,3911,2659
2020-05-20,1399546,1038954,135091,214556,4369,3927,2649
2020-05-21,1118401,747816,112937,246946,4328,3600,2774
2020-05-22,1220464,886713,103955,219160,3961,3859,2816
2020-05-23,1194695,884331,118823,180835,4149,3924,2633
2020-05-24,1212453,897002,105757,198820,4111,4114,2649
2020-05-25,1215110,886640,117062,200977,4039,3848,2544
2020-05-26,1031080,717256,125732,177129,4050,4261,2652
2020-05-27,1008859,698842,105605,194247,3792,3825,2548
2020-05-28,1253479,944149,109455,189063,4170,3967,2675
2020-05-29,1057747,744902,107691,193615,4154,3910,3475
2020-05-30,1003563,726330,115187,150405,4469,4176,2996
2020-05-31,908590,682216,120276,94636,4255,4094,3113
2020-06-01,952703,732144,115703,93034,4380,4027,3415
2020-06-02,928633,707084,124293,85323,4468,4349,3116
2020-06-03,966413,741128,119665,94423,3919,4058,3220
2020-06-04,1133567,798831,140944,181532,4249,4379,3632
2020-06-05,1060161,724549,155794,165895,4539,4374,5010
2020-06-06,1102484,848335,151629,90948,4171,3935,3466
2020-06-07,1124737,865944,161649,83801,4807,4615,3921
2020-06-08,945018,671314,166126,94337,4860,4467,3914
2020-06-09,985901,628159,169886,174778,4887,4373,3818
2020-06-10,1061233,722539,199750,125748,4975,4314,3907
2020-06-11,1035037,723176,191080,107194,5472,4468,3647
2020-06-12,1225495,909351,197917,105675,4797,4300,3455
2020-06-13,1525324,1203407,168096,141004,4849,4259,3709
2020-06-14,990611,673042,181873,123066,4259,4117,4254
2020-06-15,1059279,767516,188906,90694,4185,4077,3901
2020-06-16,940131,645776,189565,91561,4846,4161,4222
2020-06-17,948305,653699,196557,84257,5029,3977,4786
2020-06-18,964035,628926,166377,153448,5305,4047,5932
2020-06-19,839429,613942,152764,58244,4679,4074,5726
2020-06-20,1096480,830187,158720,93663,4448,3809,5653
2020-06-21,884770,637294,147957,84959,5194,3879,5487
2020-06-22,1364788,859722,167807,322266,5331,3972,5690
2020-06-23,1199184,736142,156342,292143,4798,4042,5717
2020-06-24,1158639,738658,175242,229870,4534,3992,6343
2020-06-25,1131583,757298,159818,200547,4437,3871,5612
2020-06-26,1015628,654162,175101,172262,4580,3817,5706
2020-06-27,986121,651122,179704,141593,5343,3476,4883
2020-06-28,1162570,858306,150557,140183,4740,3588,5196
2020-06-29,1014066,712626,160007,126899,4810,3957,5767
2020-06-30,950395,695302,158444,81374,4686,3706,6883
2020-07-01,913736,692962,144789,60243,4926,3772,7044
2020-07-02,974547,689856,166739,101840,5440,4020,6652
2020-07-03,977336,683312,185587,92599,5054,3787,6997
2020-07-04,1148297,858486,191076,84547,4939,3811,5438
2020-07-05,1197907,826332,186204,171156,4988,3766,5461
2020-07-06,1493424,952513,212812,310922,6689,4357,6131
2020-07-07,1189525,876023,222838,73828,6148,3904,6784
2020-07-08,1294076,1013720,207129,53108,6843,4164,9112
2020-07-09,1378999,1089706,226605,43111,7061,4139,8377
2020-07-10,1403533,1095618,239169,50146,6616,4124,7860
2020-07-11,3321305,2956906,278326,68197,6622,3803,7451
2020-07-12,4513252,4161788,255633,77382,6751,4092,7606
2020-07-13,2361187,2044406,220420,78003,6412,4147,7799
2020-07-14,2207819,1945103,190955,53252,6251,4242,8016
2020-07-15,1843387,1589883,175631,60768,5898,4054,7153
2020-07-16,1822361,1543192,213852,48703,5689,4080,6845
2020-07-17,1600354,1336475,195396,51961,5653,4058,6811
2020-07-18,1848834,1538919,221693,71933,5779,4012,6498
2020-07-19,1609216,1333216,205129,53938,6276,4077,6580
2020-07-20,1752470,1492014,196901,47061,5458,4178,6858
2020-07-21,1370624,1100441,209951,42429,6818,4012,6973
2020-07-22,1144249,875855,195596,57406,5102,3809,6481
2020-07-23,966208,753334,149776,46848,5427,4003,6820
2020-07-24,1079482,851954,158584,52517,5336,3994,7097
2020-07-25,1157246,904616,186298,49329,5674,4222,7107
2020-07-26,1170602,870052,232097,50968,5676,4476,7333
2020-07-27,1163205,828493,238711,79893,5648,4169,6291
2020-07-28,1584788,1278633,225933,62101,5985,4538,7598
2020-07-29,1451936,1109605,262936,60307,6468,4750,7870
2020-07-30,1443149,1100391,271332,53858,6065,4246,7257
2020-07-31,1481820,1128897,270332,64969,5910,4528,7184
2020-08-01,1499388,1130603,287668,62186,6544,4403,7984
2020-08-02,1912158,1528272,303817,60774,6838,4919,7538
2020-08-03,1344940,994348,269582,61668,6849,4610,7883
2020-08-04,1354471,978966,284602,72071,6747,4658,7427
2020-08-05,1374843,975012,287370,90840,7302,4773,9546
2020-08-06,1517656,1078482,322754,97381,6863,4466,7710
2020-08-07,1376511,975102,276871,105357,6673,4968,7540
2020-08-08,1451494,1062605,288186,79995,7095,5161,8452
2020-08-09,1473298,1046567,260093,145306,7347,5117,8868
2020-08-10,1462179,1067193,280901,92517,8083,5323,8162
2020-08-11,1368066,1004347,265901,77792,7393,5166,7467
2020-08-12,1491613,1087702,270158,113935,7428,4949,7441
2020-08-13,1344868,980920,273243,68315,8092,5354,8944
2020-08-14,1470811,1049830,321144,73612,9892,5736,10597
2020-08-15,1489719,1089558,323464,52263,9207,5395,9832
2020-08-16,1501480,1103887,307848,63489,9656,6218,10382
2020-08-17,1724539,1252987,349487,93660,10703,6982,10720
2020-08-18,1878146,1392263,377315,75828,14148,6791,11801
2020-08-19,1813246,1357189,363790,64577,10184,6085,11421
2020-08-20,1966776,1498904,364396,73243,12526,6364,11343
2020-08-21,1976208,1515726,364536,68533,11073,5935,10405
2020-08-22,1981907,1538418,350796,64617,10995,6771,10310
2020-08-23,1901271,1478794,334521,59884,10861,6458,10753
2020-08-24,1870749,1453242,327961,60245,11344,6503,11454
2020-08-25,2756915,2296137,353157,79237,11618,6180,10586
2020-08-26,3244567,2851155,296341,65139,11201,6665,14066
2020-08-27,3007742,2589814,315157,68090,10627,6109,17945
2020-08-28,2657885,2223621,333188,62862,10869,6279,21066
2020-08-29,2394491,1923865,342435,77032,9975,6261,34923
2020-08-30,2243536,1739456,305740,118981,10460,7023,61876
2020-08-31,2297776,1840377,320728,87638,14148,7076,27809
2020-09-01,2321344,1859615,319771,102119,15670,7950,16219
2020-09-02,2664699,2094519,390790,104419,24382,9425,41164
2020-09-03,2933424,2356775,426823,79834,31971,10178,27843
2020-09-04,2706359,2193064,374098,85743,20790,8445,24219
2020-09-05,2396444,1924047,342911,87069,14808,7006,20603
2020-09-06,2142443,1682991,337589,82780,13214,7138,18731
2020-09-07,2205420,1713224,360751,91646,15357,7095,17347
2020-09-08,2238891,1745116,358519,95453,15452,7429,16922
2020-09-09,2103853,1635791,334944,93551,13993,7420,18154
2020-09-10,2216998,1721054,357479,100118,13799,7524,17024
2020-09-11,2226499,1786337,324046,74153,16809,7566,17588
2020-09-12,2035491,1606375,304105,86119,13311,7204,18377
2020-09-13,1864833,1478925,289487,58296,12490,7131,18504
2020-09-14,1957474,1552856,308390,58493,13397,7072,17266
2020-09-15,2069892,1639822,328636,70495,12723,7255,10961
2020-09-16,2202523,1776833,320474,70806,18908,8499,7003
2020-09-17,2263942,1803077,342561,66820,17643,9106,24735
2020-09-18,2188393,1719939,373013,47350,19270,9334,19487
2020-09-19,1975733,1512980,358119,57731,16821,9251,20831
2020-09-20,1848129,1428542,310645,62620,16319,8743,21260
2020-09-21,1975686,1543537,338200,50178,15672,8574,19525
2020-09-22,1886007,1463303,329063,54341,14404,8091,16805
2020-09-23,2145279,1675321,354617,74698,14230,8185,18228
2020-09-24,1981035,1543636,330643,64862,17090,7884,16920
2020-09-25,2346117,1804370,410273,83451,18916,12171,16936
2020-09-26,2301618,1794073,388304,79449,13755,7987,18050
2020-09-27,2082885,1647080,323501,72121,14400,7968,17815
2020-09-28,2289820,1817021,354652,73056,19274,8742,17075
2020-09-29,2256934,1798423,350863,67526,14984,8209,16929
2020-09-30,2522019,2028745,371831,77450,18153,8564,17276
2020-10-01,2273257,1780323,361400,79544,19283,8520,24187
2020-10-02,2357480,1839762,412151,64650,16351,8215,16351
2020-10-03,2964964,2362796,484580,73259,17752,8621,17956
2020-10-04,2974594,2430861,424806,74958,18971,8516,16482
2020-10-05,2742063,2240474,386243,74914,16364,8245,15823
2020-10-06,2465538,1979242,367335,80918,14234,8147,15662
2020-10-07,2312842,1868573,360688,43593,17464,7454,15070
2020-10-08,2436337,1992183,361152,45321,14513,7462,15706
2020-10-09,2434298,1997437,342667,55887,15364,7698,15245
2020-10-10,2307640,1888153,343564,36920,15327,7365,16311
2020-10-11,2352000,1926826,349912,38525,13522,7321,15894
2020-10-12,2327916,1883917,366882,40991,13261,7361,15504
2020-10-13,2314754,1823053,393449,57365,16704,7344,16839
2020-10-14,2282389,1825226,354531,64621,14718,7911,15382
2020-10-15,2292281,1840416,360651,54248,12950,7638,16378
2020-10-16,2140244,1704957,342419,57565,12050,7537,15716
2020-10-17,2185033,1745931,330646,72677,12171,7053,16555
2020-10-18,4398367,3979450,317495,65747,11604,6776,17295
2020-10-19,2452667,1956049,372210,90246,12119,7194,14849
2020-10-20,2511502,2022541,365693,88252,12077,7290,15649
2020-10-21,2686778,2095283,462955,94734,11353,7160,15293
2020-10-22,2336314,1866690,375378,58302,12071,7207,16666
2020-10-23,2022829,1618889,332688,35296,11651,6721,17584
2020-10-24,1915996,1485969,306460,88635,11094,6466,17372
2020-10-25,2024952,1585811,330246,73969,11747,6588,16591
2020-10-26,2062799,1612443,349466,66235,12273,6762,15620
2020-10-27,2140473,1661318,364095,78596,12373,7333,16758
2020-10-28,2085359,1605894,367349,77144,11740,6632,16600
2020-10-29,2219362,1739487,356646,87581,12522,6753,16373
2020-10-30,1918947,1473162,315085,95983,11611,6312,16794
2020-10-31,1916484,1489151,313164,78448,12856,6360,16505
2020-11-01,1636774,1213913,268273,120400,12005,6028,16155
2020-11-02,1735050,1298560,300701,101509,11359,6181,16740
2020-11-03,2139439,1695436,286319,123579,11555,6155,16395
2020-11-04,1894905,1415935,310739,136340,10423,5469,15999
2020-11-05,1823673,1356983,291302,142345,10393,6230,16420
2020-11-06,1876426,1425444,300233,115976,11276,6351,17146
2020-11-07,2205558,1727485,302908,140625,10864,6516,17160
2020-11-08,1895615,1475804,284579,103295,9771,5967,16199
2020-11-09,1987142,1554403,307625,92691,10407,6000,16016
2020-11-10,2003290,1482461,342218,145004,10330,5774,17503
2020-11-11,1982256,1481105,325990,143451,9581,5561,16568
2020-11-12,1949339,1379292,356750,176900,12448,5687,18262
2020-11-13,1756604,1210181,341308,168136,9315,5238,22426
2020-11-14,1623553,1146155,346883,93402,9326,6072,21715
2020-11-15,1757396,1268779,343639,107082,9691,6100,22105
2020-11-16,1738715,1256959,346692,101652,9929,6073,17410
2020-11-17,1755543,1259655,351437,108093,10247,6035,20076
2020-11-18,1681013,1206979,313064,126716,10530,5876,17848
2020-11-19,1710578,1230885,323412,121082,10623,6381,18195
2020-11-20,1859646,1365034,354624,107480,11234,6513,14761
2020-11-21,1690604,1207543,326233,122816,12008,6868,15136
2020-11-22,1694127,1205172,344949,111341,11362,6771,14532
2020-11-23,1817028,1286180,359805,126418,20861,6827,16937
2020-11-24,2095774,1486515,423737,146688,14303,7780,16751
2020-11-25,1818818,1260468,406798,116897,16713,7138,10804
2020-11-26,1734866,1229939,399655,69949,15721,6255,13347
2020-11-27,1743869,1234181,371437,101570,15355,6546,14780
2020-11-28,1730166,1179369,364745,148254,15447,6499,15852
2020-11-29,1833953,1180154,363292,255058,14688,6440,14321
2020-11-30,1942663,1310471,360263,233329,16801,6885,14914
2020-12-01,2180366,1490886,453847,195631,17742,7423,14837
2020-12-02,2041579,1338095,454351,211253,16961,6774,14145
2020-12-03,2298532,1666315,484746,105051,21483,7212,13725
2020-12-04,2160278,1546078,472212,97742,22906,7044,14296
2020-12-05,1736446,1196890,419363,83121,15939,6626,14507
2020-12-06,1604825,1032546,392732,142380,13998,6536,16633
2020-12-07,1748647,1129103,400890,184019,15224,6720,12691
2020-12-08,1782280,1165264,434535,154915,14084,6369,7113
2020-12-09,1895365,1104127,631492,125096,13695,6004,14951
2020-12-10,1761961,1088651,461326,168389,14451,5736,23408
2020-12-11,1663574,1051734,422889,152212,13227,5306,18206
2020-12-12,1569981,1010886,370600,152849,12515,5823,17308
2020-12-13,1656459,1027479,479379,112725,13111,6310,17455
2020-12-14,2034526,1159637,626185,214682,12898,5967,15157
2020-12-15,1671918,1065986,395188,174254,16180,6384,13926
2020-12-16,1690145,1122085,400189,133212,14721,6127,13811
2020-12-17,1805511,1170195,463720,137128,14751,6123,13594
2020-12-18,1717365,1123440,408866,153255,13763,5635,12406
2020-12-19,1853406,1251658,397992,170485,13771,5895,13605
2020-12-20,1690746,1134976,382697,140207,13799,6049,13018
2020-12-21,1858014,1265072,426746,134568,13594,5634,12400
2020-12-22,1779224,1193436,416288,137093,13743,5954,12710
2020-12-23,1871669,1288963,420114,129007,15503,5798,12284
2020-12-24,1813490,1248276,376458,157527,13806,5403,12020
2020-12-25,1740833,1200414,373218,133972,14884,5557,12788
2020-12-26,1689510,1224169,352648,78352,14336,5846,14159
2020-12-27,1734435,1144562,416586,137609,14838,6211,14629
2020-12-28,1936693,1273469,407036,222704,13584,6360,13540
2020-12-29,2039542,1353196,473325,177801,16282,5885,13053
2020-12-30,2091259,1446499,423539,188875,13763,5768,12815
2020-12-31,1954680,1292873,457276,173699,13734,5263,11835
2021-01-01,1779673,1211978,366469,170542,12592,5280,12812
2021-01-02,1994507,1342555,441082,176486,13879,6126,14379
2021-01-03,2388789,1658091,564743,123755,21512,6258,14430
2021-01-04,1906838,1241657,474365,153746,16449,6320,14301
2021-01-05,1814091,1204111,379216,196779,14312,6498,13175
2021-01-06,1846629,1143903,380563,284953,16583,6931,13696
2021-01-07,1875593,1262473,348141,227127,16575,6865,14412
2021-01-08,2017170,1349301,353933,279470,14672,6334,13460
2021-01-09,2048074,1361663,438579,211089,15988,6523,14232
2021-01-10,2100392,1367848,421681,274088,16447,6500,13828
2021-01-11,2130684,1396760,500768,192970,20835,5805,13546
2021-01-12,1947843,1375415,343171,183711,25096,6155,14295
2021-01-13,2118266,1572590,333345,169277,23389,5883,13782
2021-01-14,2309484,1623543,361435,284125,20897,6061,13423
2021-01-15,2575197,1700731,644372,193036,18158,5817,13083
2021-01-16,2542256,1710644,406413,388335,16876,6046,13942
2021-01-17,2597325,1833510,353207,374884,15796,6426,13502
2021-01-18,2483700,1896381,371356,181085,15325,6249,13304
2021-01-19,2938668,2059893,386506,448307,23609,6503,13850
2021-01-20,3336017,2119577,358110,825449,14234,6125,12522
2021-01-21,3301322,2134032,397799,737894,13363,5904,12330
2021-01-22,3481444,2439574,393147,607517,21882,6023,13301
2021-01-23,3330883,2377395,343801,575049,15113,6023,13502
2021-01-24,3178407,2494476,328850,319043,16127,6357,13554
2021-01-25,3379152,2601147,362731,382579,16356,6106,10233
2021-01-26,3412470,2386280,427037,570695,15621,5573,7264
2021-01-27,3224126,2271821,445545,479390,15515,5733,6122
2021-01-28,3146980,2101994,472360,543383,16639,5710,6894
2021-01-29,3206345,2375552,567406,220454,21167,6678,15088
2021-01-30,3388883,2297663,474276,576766,17932,6525,15721
2021-01-31,3286857,2391111,500190,352479,21499,6708,14870
2021-02-01,3326525,2355151,494659,436931,20388,6446,12950
2021-02-02,3307420,2525000,478404,260295,20077,6613,17031
2021-02-03,3544378,2631002,490899,380801,22797,6585,12294
2021-02-04,3515640,2634731,514728,322967,23105,6975,13134
2021-02-05,3124245,2017924,515822,548121,21407,6787,14184
2021-02-06,3183470,1943896,523691,674231,19856,6727,15069
2021-02-07,3222066,2071819,507107,595857,24898,6690,15695
2021-02-08,3351706,2163521,600934,538927,24617,7826,15881
2021-02-09,3466139,2315232,578699,516298,27960,8701,19249
2021-02-10,3210849,2166571,630400,362232,26445,7809,17392
2021-02-11,3092201,2028148,565500,454473,19615,8289,16176
2021-02-12,3151421,1898990,632115,560233,32370,9714,17999
2021-02-13,3169009,1940500,568539,601730,30756,9094,18390
2021-02-14,3503014,1845063,609932,996174,24090,8790,18965
2021-02-15,3883599,2013151,614576,1200335,31202,8583,15752
2021-02-16,3482884,1738648,611633,1078312,29455,9004,15832
2021-02-17,3141041,1401289,615681,1073571,25621,9089,15790
2021-02-18,3554824,1611392,722035,1158392,36377,9302,17326
2021-02-19,3660101,1667216,730782,1205517,28625,10391,17570
2021-02-20,3615867,1667548,683230,1197658,39138,9518,18775
2021-02-21,3512230,1698196,520132,1238145,28356,9901,17500
2021-02-22,3374277,1632171,520437,1162692,32961,8835,17181
2021-02-23,3537868,1603466,743277,1132257,34057,8638,16173
2021-02-24,3301791,1396797,714660,1135199,33865,9322,11948
2021-02-25,3200073,1337914,723929,1091442,27264,9117,10407
2021-02-26,2713896,1176916,612888,875611,25233,7911,15337
2021-02-27,2774466,1132370,642268,951045,24926,8560,15297
2021-02-28,2971444,1179648,618379,1126299,24457,7912,14749
2021-03-01,3357306,1355858,725563,1211107,37932,9652,17194
2021-03-02,3072683,1210947,652391,1140944,39301,9014,20086
2021-03-03,2975673,1163302,612197,1133727,36481,10279,19687
2021-03-04,2957229,1134806,631205,1130835,32869,9721,17793
2021-03-05,2911605,1137107,597264,1118251,32033,9503,17447
2021-03-06,2922568,1056355,619108,1190184,29519,9449,17953
2021-03-07,2863250,1054149,567419,1180955,31673,10148,18906
2021-03-08,2828088,1088752,639782,1033023,36610,11072,18849
2021-03-09,3114378,1253087,706032,1092494,33703,11651,17411
2021-03-10,3045758,1287855,655952,1041675,31446,10568,18262
2021-03-11,3324501,1366983,739027,1158078,32870,10625,16918
2021-03-12,3092012,1319092,658642,1057402,31739,9081,16056
2021-03-13,3114247,1255014,663474,1136980,31102,9853,17824
2021-03-14,3350334,1258628,633501,1397164,31179,10123,19739
2021-03-15,3687133,1335284,928755,1363982,32763,10233,16116
2021-03-16,3572062,1331037,870732,1315257,30385,8564,16087
2021-03-17,4060570,1420431,1089543,1487388,35500,10909,16799
2021-03-18,4270974,1553528,1126702,1529900,32370,9665,18809
2021-03-19,4161617,1428648,1157808,1510833,34463,9939,19926
2021-03-20,4091336,1323384,1261727,1436048,36892,11811,21474
2021-03-21,3816311,1195404,1153259,1404400,33737,10607,18904
2021-03-22,3525498,1262706,1247009,953569,34169,10300,17745
2021-03-23,3271916,1254248,1117433,842244,31913,10124,15954
2021-03-24,3281179,1240958,1202701,776880,32958,10498,17184
2021-03-25,2806907,1163484,1005566,581779,30538,9281,16259
2021-03-26,2921128,1267490,978801,616275,31249,10186,17127
2021-03-27,3072911,1177991,1119759,713063,33469,10430,18199
2021-03-28,2905899,1204791,1042912,596476,33849,10164,17707
2021-03-29,2971912,1212084,1187709,507681,36238,10330,17870
2021-03-30,3375371,1554191,1219885,525474,40106,10588,25127
2021-03-31,3647536,1627971,1370355,564774,47368,14536,22532
2021-04-01,3323989,1475278,1232462,543304,40394,12974,19577
2021-04-02,3412001,1506831,1309217,524553,38497,13215,19688
2021-04-03,3504164,1583368,1278801,565190,42180,13405,21220
2021-04-04,3395471,1483749,1288605,543386,42540,15491,21700
2021-04-05,3771348,1609779,1406577,666298,49454,16895,22345
2021-04-06,3659378,1678623,1321622,582206,43365,13309,20253
2021-04-07,3347513,1450693,1238983,590773,35557,12136,19371
2021-04-08,3044713,1296738,1266694,411322,37171,13578,19210
2021-04-09,2894973,1274949,1162935,377737,32235,11739,35378
2021-04-10,2742233,1248974,1006266,422058,32656,11570,20709
2021-04-11,2713641,1253255,1007917,386364,32428,12214,21463
2021-04-12,2890054,1369321,1043398,408216,35696,12549,20874
2021-04-13,3083946,1500160,983098,523866,39181,13979,23662
2021-04-14,2835760,1390622,910435,454137,40461,16403,23702
2021-04-15,3361731,1426732,1232206,624149,39531,16023,23090
2021-04-16,3578789,1455569,1336121,709525,39714,14166,23694
2021-04-17,3555728,1505991,1336095,636729,37607,13388,25918
2021-04-18,3227957,1357598,1261126,539272,34772,12253,22936
2021-04-19,3718544,1447679,1611124,587520,34939,12047,25235
2021-04-20,3934063,1571008,1695300,598775,33496,12099,23385
2021-04-21,3468991,1301247,1503972,600188,30479,11887,21218
2021-04-22,3076177,1170278,1334674,510147,29012,11470,20596
2021-04-23,3125783,1274487,1214176,575801,30810,10418,20091
2021-04-24,2640837,1098077,999646,485601,26550,10418,20545
2021-04-25,2589694,1038474,1001533,493263,25389,10878,20157
2021-04-26,2886264,1184279,1187971,453130,28077,12082,20725
2021-04-27,3497158,1285259,1502888,646702,27828,12795,21686
2021-04-28,3095291,1196256,1271468,570134,26261,11667,19505
2021-04-29,3217337,1185590,1433693,536754,26880,10818,23602
2021-04-30,3417394,1212441,1561222,581994,27850,11343,22544
2021-05-01,3142747,1020914,1467606,593284,26634,11510,22799
2021-05-02,3065868,1070228,1379594,556351,25775,11912,22008
2021-05-03,3170769,1142544,1377961,581282,31922,13050,24010
2021-05-04,3771323,1399465,1619682,686833,30703,11698,22942
2021-05-05,3521903,1148858,1592044,710753,32387,12299,25562
2021-05-06,3691697,1205426,1669599,742295,34612,14091,25674
2021-05-07,4240710,1642401,1775321,747681,33445,13387,28475
2021-05-08,4523828,1729275,1883747,808724,49261,11622,41199
2021-05-09,3915566,1644906,1383756,808503,39376,11629,27396
2021-05-10,4637230,2006221,1670783,861438,53985,11705,33098
2021-05-11,4433614,1985826,1452748,913980,36191,11586,33283
2021-05-12,3890282,1644430,1395368,775914,31827,11845,30898
2021-05-13,3753631,1401301,1479982,806824,27775,10938,26811
2021-05-14,3892063,1451740,1545505,802905,48391,11997,31525
2021-05-15,3476022,1234345,1400590,773733,30408,11153,25793
2021-05-16,3169137,1168034,1241179,674117,50365,11438,24004
2021-05-17,3575805,1393094,1443954,658997,47730,10440,21590
2021-05-18,3446902,1461298,1346439,542712,50171,11245,35037
2021-05-19,3278549,1481832,1207880,528666,28359,10781,21031
2021-05-20,3408482,1308899,1410090,606572,47602,11017,24302
2021-05-21,3270859,1263587,1220420,700401,54426,10182,21843
2021-05-22,2675720,1101556,1096567,404209,45178,9379,18831
2021-05-23,3301779,1160645,1385819,682403,44143,9747,19022
2021-05-24,3577201,1277022,1483059,693829,95040,10857,17394
2021-05-25,3330656,1091475,1227478,876556,107526,10542,17079
2021-05-26,3266540,895013,1429511,824292,88706,10965,18053
2021-05-27,3503036,1007728,1444564,982754,35111,10166,22713
2021-05-28,3643557,1320794,1431174,827270,28926,8849,26544
2021-05-29,4438022,1673699,1842958,867315,26316,8737,18997
2021-05-30,4962817,1863309,2273452,771806,25519,9168,19563
2021-05-31,4236976,1372084,1873253,922780,35572,10331,22956
2021-06-01,4414281,1557524,1689275,1094824,42461,10547,19650
2021-06-02,4349959,1487825,1464103,1325657,38248,10413,23713
2021-06-03,4781736,1539148,1690616,1449862,64356,10647,27107
2021-06-04,5140091,1537197,1638368,1854566,70754,9631,29575
2021-06-05,4986720,1427495,1336207,2134961,34713,9896,43448
2021-06-06,4572421,1329275,1233445,1911149,32992,10525,55035
2021-06-07,4386325,1335143,1295196,1690679,27733,10678,26896
2021-06-08,4878762,1606938,1408470,1764807,51571,10321,36655
2021-06-09,4261371,1497679,1181114,1420586,118344,10378,33270
2021-06-10,4978414,1452174,1426397,1888777,138118,11012,61936
2021-06-11,6224259,3474560,1009679,1562979,95356,11837,69848
2021-06-12,3950497,1414762,949283,1541024,19513,10230,15685
2021-06-13,4458628,1424006,1063968,1906953,20445,10046,33210
2021-06-14,4789434,1466864,1121375,2131787,18258,10961,40189
2021-06-15,4831951,1753291,1280479,1727265,16390,10604,43922
2021-06-16,4499120,1493615,1242918,1672608,15208,9893,64878
2021-06-17,4815297,1500605,1367413,1831882,19080,10339,85978
2021-06-18,5047241,1662797,1275198,2008641,15793,9401,75411
2021-06-19,4925169,1428577,1380454,2037445,15025,9489,54179
2021-06-20,4691835,1500759,1222775,1922825,15805,8833,20838
2021-06-21,4899696,1522424,1088341,2210951,17250,9544,51186
2021-06-22,5272388,1810431,1151515,2231434,15886,10210,52912
2021-06-23,5201360,1361909,1016441,2781650,15281,10005,16074
2021-06-24,5152544,1339424,997471,2721397,15658,9250,69344
2021-06-25,5049908,1334635,854921,2815810,15261,9304,19977
2021-06-26,4227945,1426496,806284,1931501,12910,7851,42903
2021-06-27,5117650,1382655,1055539,2612469,13320,8610,45057
2021-06-28,6383243,1320119,1250470,3689577,15376,9828,97873
2021-06-29,7177979,1527381,1212664,4299344,16276,9987,112327
2021-06-30,7477975,1427918,1153570,4738219,15937,9360,132971
2021-07-01,7769756,1570396,1056688,4921572,20493,10011,190596
2021-07-02,7822309,1509522,1041198,5073343,15445,8645,174156
2021-07-03,7145610,1187391,1018328,4685786,13297,9165,231643
2021-07-04,7937853,1252309,1052523,5477481,13884,9382,132274
2021-07-05,8193706,1341625,1087596,5612399,12841,8195,131050
2021-07-06,9278050,1845679,1310673,5921057,76818,9280,114543
2021-07-07,7890682,1300860,1047080,5376062,84258,9241,73181
2021-07-08,6605943,1224607,1119849,4136934,48547,8818,67188
2021-07-09,5461210,1301344,1048247,2988128,52365,8461,62665
2021-07-10,5082249,1188532,1080590,2743437,26087,8421,35182
2021-07-11,5236290,1104139,949183,3081988,38520,8577,53883
2021-07-12,5497730,1374854,860287,3158640,27957,8174,67818
2021-07-13,5033627,1442242,1069421,2467622,31269,7883,15190
2021-07-14,3953161,1147515,1066083,1685154,30659,7986,15764
2021-07-15,4092795,1171309,1323581,1515983,30636,7927,43359
2021-07-16,4584671,1212464,1711437,1552304,29970,7722,70774
2021-07-17,5093101,1026852,2221808,1796618,25832,7391,14600
2021-07-18,5449781,1092066,2216338,2096007,23681,7140,14549
2021-07-19,5292777,1097612,1869564,2279137,24882,7081,14501
2021-07-20,6130010,1389247,1885779,2807457,24752,7366,15409
2021-07-21,6391381,1140231,1797361,3403319,27693,7615,15162
2021-07-22,6583401,1200340,1874921,3457324,27479,7742,15595
2021-07-23,7617441,1279045,1950679,4340952,24163,7495,15107
2021-07-24,7443501,1086356,2004251,4300942,28889,7658,15405
2021-07-25,7321993,1255832,1838062,4182261,22884,7482,15472
2021-07-26,6584279,1466953,1705523,3361299,24321,8927,17256
2021-07-27,6233268,1666464,1594280,2926307,21734,8033,16450
2021-07-28,9298611,1352448,1321965,6577864,23732,7947,14655
2021-07-29,7601388,1344552,1434986,4783214,18865,7676,12095
2021-07-30,7181651,1574683,1758008,3804511,22674,7931,13844
2021-07-31,5863024,1364721,1681610,2773592,22272,8345,12484
2021-08-01,6393114,1324010,1441421,3586770,19994,8545,12374
2021-08-02,6371772,1406438,1479803,3448855,17754,7439,11483
2021-08-03,7037383,1837713,1786165,3375880,18838,7425,11362
2021-08-04,6443124,1556920,1534016,3305578,26516,8177,11917
2021-08-05,6725551,1557821,1600248,3526210,20650,8781,11841
2021-08-06,6435043,1434068,1489043,3469957,21271,8598,12106
2021-08-07,5981077,1279665,1286261,3369202,22753,8837,14359
2021-08-08,6142068,1178810,1401821,3501225,19616,8722,31874
2021-08-09,5415562,1321149,1519685,2531891,22212,7784,12841
2021-08-10,5429658,1728977,1273235,2378615,28097,8529,12205
2021-08-11,4613820,1537909,807806,2219708,25042,10162,13193
2021-08-12,3572329,1687312,675823,1166269,23197,8806,10922
2021-08-13,3188218,1525609,612561,1003998,24000,9168,12882
2021-08-14,2837152,1339708,579765,872762,23360,9016,12541
2021-08-15,2889869,1308265,681958,854984,23256,9202,12204
2021-08-16,3170466,1501287,826253,795120,24610,9527,13669
2021-08-17,3143269,1582894,745990,763900,29373,8443,12669
2021-08-18,3116979,1260967,778331,1036196,22445,8184,10856
2021-08-19,3433102,1345860,684125,1354689,27975,8602,11851
2021-08-20,3617843,1392370,721192,1451358,30318,9291,13314
2021-08-21,2645463,1213192,611460,777233,22859,8785,11934
2021-08-22,2634625,1203503,744847,642185,24219,8337,11534
2021-08-23,2937444,1397119,700417,782374,33962,9312,14260
2021-08-24,3221267,1599540,733221,832466,35226,8659,12155
2021-08-25,2675563,1314952,604582,702909,33341,8277,11502
2021-08-26,2992499,1294312,700864,948907,28738,8184,11494
2021-08-27,3179372,1318290,938650,872531,29905,8381,11615
2021-08-28,3315666,1222862,949643,1095235,29599,8399,9928
2021-08-29,3413600,1245272,1030859,1087189,29434,8737,12109
2021-08-30,3629891,1354739,997740,1226628,30462,8315,12007
2021-08-31,3853418,1667499,1242706,891804,28092,8871,14446
2021-09-01,3701139,1382541,1145108,1106174,37556,9600,20160
2021-09-02,3914607,1440889,1102979,1307424,32876,10425,20014
2021-09-03,2896195,1433506,748164,650585,36826,9689,17425
2021-09-04,2680001,1377439,722242,521524,37780,8781,12235
2021-09-05,2509338,1320473,675017,453935,36920,9611,13382
2021-09-06,2662253,1469791,708830,424754,35683,9734,13461
2021-09-07,3154373,1861510,799166,432716,35904,8536,16541
2021-09-08,2683416,1508548,687377,422651,36301,8481,20058
2021-09-09,2357885,1471485,606159,217004,36646,8217,18374
2021-09-10,2582629,1461483,683370,379297,33154,7985,17340
2021-09-11,2347906,1166412,663347,458319,32688,8311,18829
2021-09-12,2681063,1361946,671906,575661,36806,10266,24478
2021-09-13,2842335,1369397,835026,569832,34712,8264,25104
2021-09-14,3051415,1650242,757535,574771,31547,9251,28069
2021-09-15,2634567,1103879,662702,807886,27820,8901,23379
2021-09-16,2726720,1188927,612175,864221,31039,8827,21531
2021-09-17,2889109,1253694,614654,958569,32500,8427,21265
2021-09-18,2872622,1427368,633725,751693,30868,8095,20873
2021-09-19,2636832,1180286,723942,676772,28725,8175,18932
2021-09-20,3034417,1446830,812243,715181,34624,8110,17429
2021-09-21,2763669,1458816,813328,435503,31121,7752,17149
2021-09-22,2804450,1303793,892558,548278,33287,8029,18505
2021-09-23,2644629,1289791,877888,423560,27348,7918,18124
2021-09-24,2971735,1435046,1020134,464206,27470,7275,17604
2021-09-25,2650758,1237267,941221,421674,25792,7115,17689
2021-09-26,2929267,1319991,1096308,458661,26496,7472,20339
2021-09-27,2602117,1243676,958068,344680,28693,7845,19155
2021-09-28,2633786,1498927,899318,180136,30245,7275,17885
2021-09-29,2312904,1349760,654765,257143,26562,7358,17316
2021-09-30,2540587,1330061,900180,258128,27185,7715,17318
2021-10-01,2472649,1245755,918059,251196,26906,8190,22543
2021-10-02,2226747,1194543,702589,268664,35692,7692,17567
2021-10-03,2078898,1196816,555097,271079,30802,8122,16982
2021-10-04,2551707,1357329,757657,386442,25777,8025,16477
2021-10-05,2580353,1507436,748204,266671,31040,8621,18381
2021-10-06,2216243,1180922,722026,259042,28110,8034,18109
2021-10-07,2671968,1581672,796609,229149,37487,8322,18729
2021-10-08,2499987,1670112,654766,115807,31981,8264,19057
2021-10-09,2273119,1419230,620029,175183,29951,8432,20294
2021-10-10,2258058,1414853,692356,93022,31909,7537,18381
2021-10-11,2214000,1358662,725435,63276,40556,7606,18465
2021-10-12,2684242,1616451,796290,214116,31787,7677,17921
2021-10-13,2614328,1358387,990214,211616,26859,7976,19276
2021-10-14,2467785,1505663,719263,183011,31301,8042,20505
2021-10-15,2723963,1553228,845933,268095,29100,8109,19498
2021-10-16,2569552,1417888,868960,226430,28946,7870,19458
2021-10-17,2476636,1329347,906609,182551,31496,7890,18743
2021-10-18,2611539,1511718,944765,90771,37933,7962,18390
2021-10-19,3080389,1669423,1118658,225847,38894,8777,18790
2021-10-20,2891088,1557695,1059683,213541,31167,8589,20413
2021-10-21,2573563,1514711,927165,76535,28648,7727,18777
2021-10-22,2514602,1435911,913301,104150,34098,7883,19259
2021-10-23,2127335,1272766,717076,73487,37355,8137,18514
2021-10-24,2308300,1431506,719483,95995,33387,8294,19635
2021-10-25,2531523,1615917,775361,76728,34568,8737,20212
2021-10-26,2733712,1804395,751033,113718,32970,9273,22323
2021-10-27,2562841,1700369,735401,73366,25922,8281,19502
2021-10-28,2724834,1734993,826540,104379,27042,9496,22384
2021-10-29,3010452,1766201,1103583,75971,32883,9780,22034
2021-10-30,2904551,1749395,969857,101779,50653,9757,23110
2021-10-31,2942373,1636697,967807,260341,48719,9266,19543
2021-11-01,2841530,1693310,1000331,72281,45161,9415,21032
2021-11-02,3430928,1891419,1166528,300533,40057,10756,21635
2021-11-03,3079468,1617440,1136271,255721,40952,9279,19805
2021-11-04,2829427,1502236,1015712,243741,41268,8402,18068
2021-11-05,3150419,2034808,939041,100333,48868,8632,18737
2021-11-06,2684057,1529207,1011042,66854,50897,8373,17684
2021-11-07,2807300,1536492,1009819,189367,43495,9070,19057
2021-11-08,3250832,1732005,1215257,225319,48004,9884,20363
2021-11-09,3398256,1996437,1119094,194798,52444,11272,24211
2021-11-10,3170210,1824914,1177427,76911,60767,9892,20299
2021-11-11,3050979,1754574,1144984,66980,55843,9372,19226
2021-11-12,3043647,1678558,992093,276630,67697,8934,19735
2021-11-13,2670496,1342950,953060,273489,70750,9341,20906
2021-11-14,2901016,1520729,951363,324941,73945,9750,20288
2021-11-15,3826696,2059052,1447407,234828,51734,11116,22559
2021-11-16,3684405,2081536,1188916,306950,80142,8524,18337
2021-11-17,3087771,1628220,1120601,215816,95668,8691,18775
2021-11-18,3364338,1724557,1202410,326645,83317,8531,18878
2021-11-19,3062863,1681025,1076599,219024,61931,8601,15683
2021-11-20,2632349,1305670,932381,311865,55024,8623,18786
2021-11-21,3270013,1525695,1172195,471365,73794,9205,17759
2021-11-22,3514532,1690460,1236295,500639,61365,8558,17215
2021-11-23,3551851,1658220,1264224,550988,53850,8604,15965
2021-11-24,3528061,1715355,1220020,513927,52715,8215,17829
2021-11-25,3483681,1800188,1072652,524828,61663,8487,15863
2021-11-26,3418684,1530805,1237490,567137,56737,8108,18407
2021-11-27,3019885,1278599,1092628,563614,57250,7734,20060
2021-11-28,2935324,1180544,1120976,545245,63300,8246,17013
2021-11-29,2947795,1380406,978672,522288,39738,8527,18164
2021-11-30,3115781,1577522,992070,476559,43142,8413,18075
2021-12-01,3033180,1537280,1031304,370310,67770,8348,18168
2021-12-02,2850985,1355197,1008888,415509,44208,7814,19369
2021-12-03,3524319,1570704,1193127,688248,42879,8094,21267
2021-12-04,3112362,1498936,1018720,531399,36185,7853,19269
2021-12-05,2636447,1159896,913748,489736,45731,8076,19260
2021-12-06,3144636,1409789,1175096,442344,90654,8255,18498
2021-12-07,3128903,1430410,1060556,532783,76619,8894,19641
2021-12-08,3229595,1347302,1213505,604109,37945,8240,18494
2021-12-09,3166390,1365794,1203417,522495,43173,8005,23506
2021-12-10,3241408,1404003,1182305,590926,35434,8246,20494
2021-12-11,2594665,1184053,950414,400999,30551,7796,20852
2021-12-12,2576439,1344980,887465,270635,38799,8604,25956
2021-12-13,3101068,1400465,1125451,500095,41628,7970,25459
2021-12-14,3240765,1416966,1170744,564502,48961,8986,30606
2021-12-15,3234520,1437509,1244610,472505,50041,8485,21370
2021-12-16,2975809,1298165,1169310,446573,34627,8300,18834
2021-12-17,2763740,1310263,1066957,328583,31687,8344,17906
2021-12-18,2416542,1158747,971854,227859,32397,8013,17672
2021-12-19,2573539,1116795,933021,461728,36961,7940,17094
2021-12-20,2935807,1373880,1092798,402547,38368,7849,20365
2021-12-21,2992786,1383570,1157740,381239,39558,8125,22554
2021-12-22,2730035,1347621,901421,409569,42600,8339,20485
2021-12-23,2700075,1339119,901892,391753,40010,8364,18937
2021-12-24,3404144,1605086,1337753,399927,34589,7989,18800
2021-12-25,2327980,1100244,816950,345436,37107,7245,20998
2021-12-26,2388919,1061334,766012,498632,35138,8125,19678
2021-12-27,2575506,1262524,908112,340635,35334,8811,20090
2021-12-28,2663222,1325399,853088,425319,33456,7627,18333
2021-12-29,2749980,1350472,849158,475433,47624,7794,19499
2021-12-30,2787249,1353087,955349,421872,29290,8549,19102
2021-12-31,2606465,1260540,883718,401691,33222,8453,18841
2022-01-01,2284619,1046513,782459,384460,36427,9669,25091
2022-01-02,2679531,1122572,986425,501240,38525,10261,20508
2022-01-03,2732517,1224129,1076832,362895,39750,9874,19037
2022-01-04,2746513,1360799,931756,396479,27703,10088,19688
2022-01-05,2887152,1408873,992809,422489,33828,9707,19446
2022-01-06,2777596,1321825,967110,425587,33996,9454,19624
2022-01-07,2624160,1324147,947402,289446,34772,9360,19033
2022-01-08,2548103,1211596,786399,485357,35767,9546,19438
2022-01-09,2846870,1274402,938703,566221,38912,9899,18733
2022-01-10,3092593,1498802,1042682,481851,40496,9869,18893
2022-01-11,3050625,1402605,1055077,527266,35338,10526,19813
2022-01-12,3053000,1402291,1034213,551412,33982,10677,20425
2022-01-13,3141340,1537271,1005001,529812,37943,10473,20840
2022-01-14,3036485,1402844,1016371,543033,43070,10381,20786
2022-01-15,3046557,1310285,1054404,604765,44934,10166,22003
2022-01-16,2748901,1297654,984963,387592,45473,10866,22353
2022-01-17,3248228,1566204,1072514,512927,58447,10995,27141
2022-01-18,3134828,1538190,1076329,432195,56870,9982,21262
2022-01-19,3027135,1545711,1042634,356408,51781,10357,20244
2022-01-20,3288997,1561508,1056505,590171,48981,10941,20891
2022-01-21,3108474,1548546,1047014,424984,57338,10402,20190
2022-01-22,3220308,1556677,1031988,561621,39043,10014,20965
2022-01-23,2806492,1220291,945091,560687,49961,10190,20272
2022-01-24,2995777,1481836,1007650,433851,42267,10584,19589
2022-01-25,3229520,1544788,1081391,522078,52080,9887,19296
2022-01-26,3290137,1449017,1181594,577607,52392,9744,19783
2022-01-27,2879934,1312652,1046538,449574,41731,9673,19766
2022-01-28,2910556,1286463,1060270,493059,37085,9952,23727
2022-01-29,3065953,1196969,1047226,728590,61157,10550,21461
2022-01-30,3037111,1125599,981836,842088,51839,10210,25539
2022-01-31,2957349,1159969,983260,725112,42695,9770,36543
2022-02-01,2989536,1064743,1098478,696878,70012,10030,49395
2022-02-02,2898369,1108294,1020521,672089,42014,10006,45445
2022-02-03,2830296,1088842,1081032,546379,65925,9299,38819
2022-02-04,3130010,1239346,1085981,712226,45341,10669,36447
2022-02-05,3075028,1219591,1129053,629187,54274,10517,32406
2022-02-06,3120678,1225788,1129995,671504,57000,10275,26116
2022-02-07,3308992,1400126,1251545,570152,51942,11427,23800
2022-02-08,3389899,1437041,1222994,638977,57258,10591,23038
2022-02-09,3276984,1443708,1325125,421420,54612,10644,21475
2022-02-10,3208121,1446538,1235313,456381,37664,10616,21609
2022-02-11,3274940,1522815,1218612,458793,44167,10052,20501
2022-02-12,3072640,1376689,1222001,394590,48101,9343,21916
2022-02-13,2909679,1259312,1221888,339044,58958,9761,20716
2022-02-14,3518202,1433566,1453966,560465,40621,9707,19877
2022-02-15,3337905,1502853,1290042,466687,46307,10697,21319
2022-02-16,3702860,1490359,1312392,827771,40582,10600,21156
2022-02-17,3466624,1489068,1398253,506958,42678,9780,19887
2022-02-18,3435362,1416156,1357740,592093,39843,9730,19800
2022-02-19,3766275,1434759,1383760,875373,41815,10189,20379
2022-02-20,3429916,1362430,1433769,558754,45119,9823,20021
2022-02-21,3479622,1530131,1510840,372202,36681,9812,19956
2022-02-22,4080641,1724123,1652461,625810,38962,10193,29092
2022-02-23,3894858,1574701,1622804,610994,50007,10184,26168
2022-02-24,4004374,1687544,1722905,508915,56874,9563,18573
2022-02-25,4327200,1830145,1698575,728600,39526,10115,20239
2022-02-26,3836822,1550964,1709973,503620,41449,10082,20734
2022-02-27,3815108,1429872,1643887,671948,39140,9874,20387
2022-02-28,4135744,1625899,1780224,650536,47690,10657,20738
2022-03-01,3852498,1516766,1655213,605594,41901,11286,21738
2022-03-02,3949058,1475140,1663672,735441,43142,10357,21306
2022-03-03,3884850,1434194,1662970,724169,32812,10233,20472
2022-03-04,3930063,1360008,1665369,839239,35586,9746,20115
2022-03-05,3831584,1351183,1518780,886975,45042,9397,20207
2022-03-06,3682245,1320204,1506600,791461,34015,9655,20310
2022-03-07,3629889,1449438,1611277,509337,30142,9339,20356
2022-03-08,3650607,1391127,1586101,601253,42070,9424,20632
2022-03-09,3587406,1397270,1483864,625098,49384,10156,21634
2022-03-10,3432403,1313663,1488346,560317,38395,9871,21811
2022-03-11,3350268,1247741,1524199,507102,38805,10058,22363
2022-03-12,3118219,1256033,1335121,455976,38172,10421,22496
2022-03-13,3046852,1164603,1336841,475849,36676,10388,22495
2022-03-14,3372187,1368544,1434610,501033,36252,9709,22039
2022-03-15,3291461,1309358,1250427,656171,42621,10000,22884
2022-03-16,3319258,1367507,1148494,730092,39764,10591,22810
2022-03-17,3356517,1327190,1363535,592995,39957,10456,22384
2022-03-18,3414520,1359411,1271277,716334,35744,9919,21835
2022-03-19,3032051,1233329,1097068,631762,37335,10422,22135
2022-03-20,3120311,1189782,1219500,642090,38141,9660,21138
2022-03-21,2892391,1309896,1112249,396193,42319,10491,21243
2022-03-22,3324632,1383548,1414082,447014,45978,11494,22516
2022-03-23,3140661,1353332,1309814,410708,34381,10613,21813
2022-03-24,3248272,1415197,1434584,325045,39306,11223,22917
2022-03-25,3298373,1457303,1287497,480368,40680,10784,21741
2022-03-26,3034753,1325763,1187897,443574,45846,10278,21395
2022-03-27,3181784,1416946,1279272,408235,41808,11308,24215
2022-03-28,3537508,1669675,1328226,455665,47267,11631,25044
2022-03-29,3570583,1742143,1377007,363783,49825,10733,27092
2022-03-30,3374068,1700609,1306749,291566,40262,10868,24014
2022-03-31,3300622,1782260,1258377,179102,45637,12075,23171
2022-04-01,3361770,1552398,1298102,409429,51651,10724,39466
2022-04-02,3362103,1433144,1246649,609879,38920,10637,22874
2022-04-03,3232048,1467191,1056852,628077,47298,10719,21911
2022-04-04,3613978,1740210,1299186,496979,46551,10293,20759
2022-04-05,3315958,1716634,1162664,361353,43016,10425,21866
2022-04-06,3522331,1731308,1268032,437016,54322,10105,21548
2022-04-07,3361632,1634024,1208703,438645,48729,10112,21419
2022-04-08,3870009,1555697,1621180,622011,40560,9475,21086
2022-04-09,3466939,1458889,1359971,576979,40391,8434,22275
2022-04-10,3452092,1428961,1287138,669670,35150,8877,22296
2022-04-11,3740559,1616919,1491321,560371,41571,8598,21779
2022-04-12,3462009,1652558,1050366,686051,41649,8668,22717
2022-04-13,3593448,1579989,1129082,816884,38287,8716,20490
2022-04-14,3476623,1530574,1083324,791405,41143,8584,21593
2022-04-15,4051887,1689207,1456193,830109,44461,8849,23068
2022-04-16,3670545,1561758,1366320,663207,48741,8530,21989
2022-04-17,3475240,1519477,1197184,685192,43321,8504,21562
2022-04-18,3875636,1669397,1387386,738253,49776,8603,22221
2022-04-19,4052618,1750002,1429844,790529,50135,9309,22799
2022-04-20,4202936,1951384,1330845,838981,51215,8912,21599
2022-04-21,4149514,1803810,1412522,849262,48827,10358,24735
2022-04-22,3600125,1728072,1172307,615341,52508,9559,22338
2022-04-23,3770281,1525519,1153861,1013242,46536,8988,22135
2022-04-24,3554892,1438388,1132295,902624,51092,8499,21994
2022-04-25,4169799,1860638,1154234,1075585,47048,9382,22912
2022-04-26,4288752,1784647,1161706,1256483,52028,9417,24471
2022-04-27,4049022,1700614,1150090,1121728,46158,8470,21962
2022-04-28,3768078,1771655,1182758,741753,40812,8376,22724
2022-04-29,4353944,1855975,1424545,995061,43702,8504,26157
2022-04-30,4082043,1747575,1284079,980703,40369,7983,21334
2022-05-01,3934688,1596956,1332156,922953,52134,8814,21675
2022-05-02,3975872,1632330,1354052,912348,47037,8994,21111
2022-05-03,3903417,1569167,1259902,999740,44551,8772,21285
2022-05-04,4256330,1665963,1519401,989401,47922,10100,23543
2022-05-05,4210929,1917532,1554472,654339,51271,9851,23464
2022-05-06,4776504,1773098,1892657,1034821,44372,8615,22941
2022-05-07,4087373,1690031,1418724,899532,46665,8472,23949
2022-05-08,4299572,1577066,1581016,1064607,45225,8781,22877
2022-05-09,4518000,2029356,1311643,1105216,41221,8700,21864
2022-05-10,4516224,2042331,1334121,1065644,41313,8372,24443
2022-05-11,5104932,2334181,1622341,1017610,98733,8119,23948
2022-05-12,5254610,2359749,1468701,1261121,131611,8383,25045
2022-05-13,4970507,2231314,1475162,1083519,146963,8442,25107
2022-05-14,4916520,1922619,1492504,1319591,149532,7827,24447
2022-05-15,4478050,1813969,1311137,1147160,175482,7697,22605
2022-05-16,4694516,1768419,1446335,1376540,73176,7384,22662
2022-05-17,4742625,1734674,1539661,1381627,56069,7774,22820
2022-05-18,4381087,1565409,1223587,1503395,59600,7263,21833
2022-05-19,4469795,1642935,1348274,1383160,67704,7251,20471
2022-05-20,4615882,1662071,1361357,1514836,49775,7128,20715
2022-05-21,4685389,1527932,1218496,1853203,58610,6961,20187
2022-05-22,4116803,1407707,1140318,1482368,58771,7609,20030
2022-05-23,4911570,1748354,1412804,1670029,51512,7894,20977
2022-05-24,4731062,1725915,1142916,1776193,57525,7902,20611
2022-05-25,4758603,1692644,1487565,1493212,57105,7963,20114
2022-05-26,4670817,1802035,1624580,1165748,49170,7759,21525
2022-05-27,4809297,1717836,1452602,1566860,46919,6965,18115
2022-05-28,4127913,1492797,1498516,1056592,54531,6926,18551
2022-05-29,4675603,1493968,1503498,1610417,45053,7123,15544
2022-05-30,5461296,1789574,1853003,1745719,47412,7743,17845
2022-05-31,4882806,1757613,2028352,1026513,45860,7428,17040
2022-06-01,5559608,1717540,2055832,1708442,51533,7893,18368
2022-06-02,4774710,1622355,1895986,1190352,42467,6978,16572
2022-06-03,4549756,1567294,1933630,980304,45821,6810,15897
2022-06-04,4687341,1383251,2015328,1219803,46647,6607,15705
2022-06-05,4243144,1353090,1994770,827175,44810,6679,16620
2022-06-06,5541946,1656288,2680970,1133597,47044,7170,16877
2022-06-07,5458226,1619890,2575537,1193541,46342,6787,16129
2022-06-08,5415503,1598355,2769353,978267,45787,6620,17121
2022-06-09,5471153,1634424,2380566,1385729,47887,6654,15893
2022-06-10,6136504,1617974,3138965,1310992,46401,6596,15576
2022-06-11,5402289,1493028,3114873,729381,42993,6270,15744
2022-06-12,5282858,1511950,2862529,845733,40379,6649,15618
2022-06-13,6692313,1919082,3651375,955717,143276,6893,15970
2022-06-14,6798310,1862064,3641359,1128335,144193,6737,15622
2022-06-15,6424016,1920061,3529497,853287,98995,6833,15343
2022-06-16,5951756,1788222,3043636,1025946,70370,6701,16881
2022-06-17,5572712,1598265,3205896,687959,58414,6251,15927
2022-06-18,6568545,1521678,3700679,1253404,51438,6202,35144
2022-06-19,6731531,1493931,4186328,946851,54719,6495,43207
2022-06-20,7398572,1660570,4083835,1548996,54654,6622,43895
2022-06-21,7078111,1638077,4265294,1090220,56480,6755,21285
2022-06-22,7363224,1686340,4501028,1104203,50028,6444,15181
2022-06-23,7197856,1600440,4149535,1377050,49690,5891,15250
2022-06-24,6840278,1670968,3987424,1102972,56473,6285,16156
2022-06-25,6734252,1538772,4201639,920772,53437,6201,13431
2022-06-26,6034531,1416041,3736201,810577,53479,6400,11833
2022-06-27,6123410,1686625,3235635,1140074,40982,6352,13742
2022-06-28,6445079,1710524,3734359,946677,31611,6218,15690
2022-06-29,5993647,1522263,3591494,827109,31544,5846,15391
2022-06-30,6312265,1603750,3825659,830941,30176,6078,15661
2022-07-01,6270267,1578762,3534301,1108605,27006,6040,15553
2022-07-02,5622497,1463479,3268950,842443,27168,5946,14511
2022-07-03,5184215,1290123,3377076,471387,26112,5570,13947
2022-07-04,5297223,1585820,2936814,726998,25801,6228,15562
2022-07-05,5721208,1567851,3357081,748506,25228,6226,16316
2022-07-06,5756817,1542413,3494018,646292,53088,5835,15171
2022-07-07,5028008,1507417,3068882,398609,31683,5907,15510
2022-07-08,5684031,1392011,3807099,437281,27965,5793,13882
2022-07-09,5328212,1268387,3614701,391023,33588,5643,14870
2022-07-10,4854732,1143849,3292741,347063,51066,5558,14455
2022-07-11,6457215,1539106,4294925,573680,28705,5612,15187
2022-07-12,6662469,1635095,4099849,881635,25143,5512,15235
2022-07-13,6209111,1495414,4116674,541789,34424,5488,15322
2022-07-14,6131024,1446552,3983453,653705,25949,5833,15532
2022-07-15,5865252,1519668,3631997,669407,23053,5679,15448
2022-07-16,5539995,1366501,3489822,637759,25513,5467,14933
2022-07-17,4953607,1297019,3056657,551663,27469,5617,15182
2022-07-18,5381355,1662756,3082947,585294,28789,5957,15612
2022-07-19,5557672,1627838,3268673,612275,27013,6125,15748
2022-07-20,6737652,1542648,4388288,750840,34122,6032,15722
2022-07-21,6090414,1530137,3709549,790150,39975,5469,15134
2022-07-22,5435208,1526598,3229278,631569,26181,5703,15879
2022-07-23,5946124,1457908,3781925,655745,30055,5311,15180
2022-07-24,5330824,1362524,3230381,681546,35715,5551,15107
2022-07-25,5603960,1641474,3181589,727626,32581,5389,15301
2022-07-26,5627991,1632494,3362387,574128,37411,5775,15796
2022-07-27,5605865,1570171,3324904,654628,35111,6027,15024
2022-07-28,5572212,1540433,3282706,691947,34982,6174,15970
2022-07-29,5417010,1492455,3426109,438042,38391,6223,15790
2022-07-30,5092473,1291725,3217994,518218,43291,5908,15337
2022-07-31,4956576,1301864,3106588,486949,40355,5639,15181
2022-08-01,5179686,1457559,3174903,485109,41304,5892,14919
2022-08-02,5735282,1453145,3737851,480809,43581,5869,14027
2022-08-03,5984751,1483842,3961035,479526,40234,5790,14324
2022-08-04,5762030,1348544,3705861,640750,47906,5586,13383
2022-08-05,6311819,1428434,3927034,890217,45329,5972,14833
2022-08-06,6040014,1260698,4068770,654730,36060,5752,14004
2022-08-07,5297108,1235092,3487551,512136,43401,5580,13348
2022-08-08,5663430,1576050,3539934,484587,42571,6249,14039
2022-08-09,5678899,1571647,3219653,831415,36643,5677,13864
2022-08-10,6026702,1640261,3745969,584136,36740,5689,13907
2022-08-11,5491750,1635664,3001494,797394,37571,5867,13760
2022-08-12,5283747,1504965,2944628,774072,39866,5683,14533
2022-08-13,5030499,1392595,3053282,523785,39666,5733,15438
2022-08-14,4672622,1323347,2880692,412608,34713,5954,15308
2022-08-15,4832720,1528181,2739161,510134,35201,5796,14247
2022-08-16,5248629,1471031,3142537,580078,34962,5794,14227
2022-08-17,5414170,1586841,3175291,599615,32618,6024,13781
2022-08-18,5341181,1498528,2817136,969918,36313,5744,13542
2022-08-19,4944368,1553253,2751434,586861,33870,5507,13443
2022-08-20,4522629,1252826,2549483,668238,33071,5461,13550
2022-08-21,4402430,1121428,2580303,646620,35212,5814,13053
2022-08-22,5547695,1408789,3143469,943882,32486,5340,13729
2022-08-23,5093682,1397751,2884062,759969,32194,5585,14121
2022-08-24,5053598,1397788,2955589,637595,44004,5509,13113
2022-08-25,5473803,1406549,3004299,1007743,36892,5620,12700
2022-08-26,5267634,1414955,2925678,880673,28526,5451,12351
2022-08-27,5018662,1302861,2934366,725478,38150,5174,12633
2022-08-28,4584351,1197014,2674898,657195,37216,5329,12699
2022-08-29,4979819,1401700,2851601,678236,29806,5374,13102
2022-08-30,5151609,1427051,2904677,771622,28817,5677,13765
2022-08-31,5220055,1422318,2963004,784248,31430,5615,13440
2022-09-01,5248619,1474134,2949661,774644,31936,5449,12795
2022-09-02,5228387,1422994,2977547,779000,29800,5765,13281
2022-09-03,5045990,1268138,2949848,780799,28505,5474,13226
2022-09-04,4418178,1206068,2414293,749392,29246,5723,13456
2022-09-05,4744637,1436583,2569112,689424,30248,5998,13272
2022-09-06,5289273,1478673,3019769,742341,29067,5846,13577
2022-09-07,5351487,1403480,3191493,707901,30504,5189,12920
2022-09-08,5100108,1375695,2908259,768815,28015,5935,13389
2022-09-09,4935008,1374481,2764056,745284,31410,5855,13922
2022-09-10,4382073,1127722,2424096,778502,32540,5406,13807
2022-09-11,4170317,1098090,2253102,769546,30436,5696,13447
2022-09-12,4723396,1398868,2562290,709297,33782,5605,13554
2022-09-13,4506558,1374627,2449855,631476,31619,5392,13589
2022-09-14,3979031,1343892,1939169,643920,33781,5257,13012
2022-09-15,4075070,1385856,1966129,670108,33919,5396,13662
2022-09-16,4352204,1526556,1977366,794000,35141,5324,13817
2022-09-17,3658497,1193822,1655554,754358,34863,5394,14506
2022-09-18,4550833,1183638,2526677,788096,32967,5290,14165
2022-09-19,5319227,1404936,3073104,789875,32403,5182,13727
2022-09-20,5693565,1387295,3449601,799189,36060,5951,15469
2022-09-21,5773318,1390025,3532423,797158,34411,5695,13606
