Date(UTC),UnixTimeStamp,Value
8/7/15,1438905600,2050
8/8/15,1438992000,2881
8/9/15,1439078400,1329
8/10/15,1439164800,2037
8/11/15,1439251200,4963
8/12/15,1439337600,2036
8/13/15,1439424000,2842
8/14/15,1439510400,3174
8/15/15,1439596800,2284
8/16/15,1439683200,2440
8/17/15,1439769600,2512
8/18/15,1439856000,2494
8/19/15,1439942400,3246
8/20/15,1440028800,2303
8/21/15,1440115200,3919
8/22/15,1440201600,3579
8/23/15,1440288000,4190
8/24/15,1440374400,4432
8/25/15,1440460800,4487
8/26/15,1440547200,4156
8/27/15,1440633600,5590
8/28/15,1440720000,4758
8/29/15,1440806400,4139
8/30/15,1440892800,4572
8/31/15,1440979200,5196
9/1/15,1441065600,5153
9/2/15,1441152000,5195
9/3/15,1441238400,4777
9/4/15,1441324800,5642
9/5/15,1441411200,5519
9/6/15,1441497600,5521
9/7/15,1441584000,5702
9/8/15,1441670400,5622
9/9/15,1441756800,5604
9/10/15,1441843200,5341
9/11/15,1441929600,6460
9/12/15,1442016000,5596
9/13/15,1442102400,6057
9/14/15,1442188800,5572
9/15/15,1442275200,5409
9/16/15,1442361600,5872
9/17/15,1442448000,5368
9/18/15,1442534400,5802
9/19/15,1442620800,5205
9/20/15,1442707200,6402
9/21/15,1442793600,6305
9/22/15,1442880000,6804
9/23/15,1442966400,7404
9/24/15,1443052800,6224
9/25/15,1443139200,5851
9/26/15,1443225600,5907
9/27/15,1443312000,5760
9/28/15,1443398400,6123
9/29/15,1443484800,5738
9/30/15,1443571200,5870
10/1/15,1443657600,6421
10/2/15,1443744000,6063
10/3/15,1443830400,6112
10/4/15,1443916800,6624
10/5/15,1444003200,6279
10/6/15,1444089600,6458
10/7/15,1444176000,7121
10/8/15,1444262400,6926
10/9/15,1444348800,6763
10/10/15,1444435200,6529
10/11/15,1444521600,6023
10/12/15,1444608000,6593
10/13/15,1444694400,6818
10/14/15,1444780800,6830
10/15/15,1444867200,6499
10/16/15,1444953600,6795
10/17/15,1445040000,6567
10/18/15,1445126400,6481
10/19/15,1445212800,6604
10/20/15,1445299200,5897
10/21/15,1445385600,6182
10/22/15,1445472000,5979
10/23/15,1445558400,6888
10/24/15,1445644800,6361
10/25/15,1445731200,5830
10/26/15,1445817600,5938
10/27/15,1445904000,6784
10/28/15,1445990400,7346
10/29/15,1446076800,7836
10/30/15,1446163200,7941
10/31/15,1446249600,7557
11/1/15,1446336000,6915
11/2/15,1446422400,6558
11/3/15,1446508800,7399
11/4/15,1446595200,7037
11/5/15,1446681600,7498
11/6/15,1446768000,7882
11/7/15,1446854400,10996
11/8/15,1446940800,12413
11/9/15,1447027200,7689
11/10/15,1447113600,8151
11/11/15,1447200000,10217
11/12/15,1447286400,9534
11/13/15,1447372800,7891
11/14/15,1447459200,7211
11/15/15,1447545600,7170
11/16/15,1447632000,7442
11/17/15,1447718400,7145
11/18/15,1447804800,7373
11/19/15,1447891200,8876
11/20/15,1447977600,6348
11/21/15,1448064000,6822
11/22/15,1448150400,7083
11/23/15,1448236800,8260
11/24/15,1448323200,7152
11/25/15,1448409600,7098
11/26/15,1448496000,7278
11/27/15,1448582400,6639
11/28/15,1448668800,6817
11/29/15,1448755200,6853
11/30/15,1448841600,8986
12/1/15,1448928000,6794
12/2/15,1449014400,6502
12/3/15,1449100800,6971
12/4/15,1449187200,6898
12/5/15,1449273600,6784
12/6/15,1449360000,9103
12/7/15,1449446400,7141
12/8/15,1449532800,6697
12/9/15,1449619200,7001
12/10/15,1449705600,7444
12/11/15,1449792000,8105
12/12/15,1449878400,8205
12/13/15,1449964800,7426
12/14/15,1450051200,15550
12/15/15,1450137600,21098
12/16/15,1450224000,10304
12/17/15,1450310400,9612
12/18/15,1450396800,9032
12/19/15,1450483200,9314
12/20/15,1450569600,9879
12/21/15,1450656000,12063
12/22/15,1450742400,21027
12/23/15,1450828800,22740
12/24/15,1450915200,13494
12/25/15,1451001600,9521
12/26/15,1451088000,10726
12/27/15,1451174400,21867
12/28/15,1451260800,12368
12/29/15,1451347200,11358
12/30/15,1451433600,21767
12/31/15,1451520000,10301
1/1/16,1451606400,8233
1/2/16,1451692800,9164
1/3/16,1451779200,9258
1/4/16,1451865600,9474
1/5/16,1451952000,16430
1/6/16,1452038400,17074
1/7/16,1452124800,22075
1/8/16,1452211200,10919
1/9/16,1452297600,11793
1/10/16,1452384000,10320
1/11/16,1452470400,10893
1/12/16,1452556800,10862
1/13/16,1452643200,17665
1/14/16,1452729600,10653
1/15/16,1452816000,9875
1/16/16,1452902400,10664
1/17/16,1452988800,9747
1/18/16,1453075200,12916
1/19/16,1453161600,13420
1/20/16,1453248000,10610
1/21/16,1453334400,10734
1/22/16,1453420800,13848
1/23/16,1453507200,11025
1/24/16,1453593600,12798
1/25/16,1453680000,17121
1/26/16,1453766400,16511
1/27/16,1453852800,18747
1/28/16,1453939200,16765
1/29/16,1454025600,16395
1/30/16,1454112000,14661
1/31/16,1454198400,14166
2/1/16,1454284800,14199
2/2/16,1454371200,14291
2/3/16,1454457600,14274
2/4/16,1454544000,14371
2/5/16,1454630400,15249
2/6/16,1454716800,31418
2/7/16,1454803200,14264
2/8/16,1454889600,14719
2/9/16,1454976000,15517
2/10/16,1455062400,17141
2/11/16,1455148800,21440
2/12/16,1455235200,18109
2/13/16,1455321600,19327
2/14/16,1455408000,16624
2/15/16,1455494400,17159
2/16/16,1455580800,17549
2/17/16,1455667200,19990
2/18/16,1455753600,16969
2/19/16,1455840000,18412
2/20/16,1455926400,16714
2/21/16,1456012800,17119
2/22/16,1456099200,18190
2/23/16,1456185600,18482
2/24/16,1456272000,19540
2/25/16,1456358400,19503
2/26/16,1456444800,21068
2/27/16,1456531200,18981
2/28/16,1456617600,19063
2/29/16,1456704000,20358
3/1/16,1456790400,21778
3/2/16,1456876800,23562
3/3/16,1456963200,24837
3/4/16,1457049600,24287
3/5/16,1457136000,27115
3/6/16,1457222400,27661
3/7/16,1457308800,23271
3/8/16,1457395200,24104
3/9/16,1457481600,24557
3/10/16,1457568000,24814
3/11/16,1457654400,23124
3/12/16,1457740800,27887
3/13/16,1457827200,28127
3/14/16,1457913600,28528
3/15/16,1458000000,29273
3/16/16,1458086400,27596
3/17/16,1458172800,33531
3/18/16,1458259200,31821
3/19/16,1458345600,34779
3/20/16,1458432000,32447
3/21/16,1458518400,32511
3/22/16,1458604800,32890
3/23/16,1458691200,31786
3/24/16,1458777600,36947
3/25/16,1458864000,36762
3/26/16,1458950400,36646
3/27/16,1459036800,29974
3/28/16,1459123200,33613
3/29/16,1459209600,33915
3/30/16,1459296000,36767
3/31/16,1459382400,32259
4/1/16,1459468800,33320
4/2/16,1459555200,29358
4/3/16,1459641600,29588
4/4/16,1459728000,34907
4/5/16,1459814400,39173
4/6/16,1459900800,32078
4/7/16,1459987200,31893
4/8/16,1460073600,34010
4/9/16,1460160000,31923
4/10/16,1460246400,32237
4/11/16,1460332800,30327
4/12/16,1460419200,34673
4/13/16,1460505600,36051
4/14/16,1460592000,34781
4/15/16,1460678400,34959
4/16/16,1460764800,30483
4/17/16,1460851200,40203
4/18/16,1460937600,33513
4/19/16,1461024000,32622
4/20/16,1461110400,32944
4/21/16,1461196800,37181
4/22/16,1461283200,31678
4/23/16,1461369600,31845
4/24/16,1461456000,34046
4/25/16,1461542400,35430
4/26/16,1461628800,32582
4/27/16,1461715200,33847
4/28/16,1461801600,34343
4/29/16,1461888000,37332
4/30/16,1461974400,45769
5/1/16,1462060800,39578
5/2/16,1462147200,41748
5/3/16,1462233600,37821
5/4/16,1462320000,37484
5/5/16,1462406400,38707
5/6/16,1462492800,41271
5/7/16,1462579200,35864
5/8/16,1462665600,40063
5/9/16,1462752000,38560
5/10/16,1462838400,40684
5/11/16,1462924800,40811
5/12/16,1463011200,45002
5/13/16,1463097600,47737
5/14/16,1463184000,45745
5/15/16,1463270400,43073
5/16/16,1463356800,37424
5/17/16,1463443200,40309
5/18/16,1463529600,46033
5/19/16,1463616000,44523
5/20/16,1463702400,45177
5/21/16,1463788800,43621
5/22/16,1463875200,38895
5/23/16,1463961600,43806
5/24/16,1464048000,42911
5/25/16,1464134400,46443
5/26/16,1464220800,51147
5/27/16,1464307200,49006
5/28/16,1464393600,70148
5/29/16,1464480000,45890
5/30/16,1464566400,42927
5/31/16,1464652800,44386
6/1/16,1464739200,42221
6/2/16,1464825600,39666
6/3/16,1464912000,39834
6/4/16,1464998400,37875
6/5/16,1465084800,37896
6/6/16,1465171200,38957
6/7/16,1465257600,46141
6/8/16,1465344000,40433
6/9/16,1465430400,39854
6/10/16,1465516800,40145
6/11/16,1465603200,36901
6/12/16,1465689600,42581
6/13/16,1465776000,46185
6/14/16,1465862400,50335
6/15/16,1465948800,43251
6/16/16,1466035200,43392
6/17/16,1466121600,66558
6/18/16,1466208000,63083
6/19/16,1466294400,51035
6/20/16,1466380800,47118
6/21/16,1466467200,47323
6/22/16,1466553600,48615
6/23/16,1466640000,41908
6/24/16,1466726400,45331
6/25/16,1466812800,36684
6/26/16,1466899200,41613
6/27/16,1466985600,39663
6/28/16,1467072000,43089
6/29/16,1467158400,49897
6/30/16,1467244800,63952
7/1/16,1467331200,40085
7/2/16,1467417600,39257
7/3/16,1467504000,39757
7/4/16,1467590400,39950
7/5/16,1467676800,39270
7/6/16,1467763200,37900
7/7/16,1467849600,40433
7/8/16,1467936000,42506
7/9/16,1468022400,40410
7/10/16,1468108800,39358
7/11/16,1468195200,38582
7/12/16,1468281600,40811
7/13/16,1468368000,35740
7/14/16,1468454400,42809
7/15/16,1468540800,41110
7/16/16,1468627200,38062
7/17/16,1468713600,33914
7/18/16,1468800000,39198
7/19/16,1468886400,44184
7/20/16,1468972800,50631
7/21/16,1469059200,44882
7/22/16,1469145600,48458
7/23/16,1469232000,45006
7/24/16,1469318400,58215
7/25/16,1469404800,54856
7/26/16,1469491200,61930
7/27/16,1469577600,53035
7/28/16,1469664000,48555
7/29/16,1469750400,47243
7/30/16,1469836800,42011
7/31/16,1469923200,48749
8/1/16,1470009600,45978
8/2/16,1470096000,49041
8/3/16,1470182400,49475
8/4/16,1470268800,46761
8/5/16,1470355200,43212
8/6/16,1470441600,41487
8/7/16,1470528000,42955
8/8/16,1470614400,42984
8/9/16,1470700800,47057
8/10/16,1470787200,46290
8/11/16,1470873600,48171
8/12/16,1470960000,44400
8/13/16,1471046400,41088
8/14/16,1471132800,40577
8/15/16,1471219200,42302
8/16/16,1471305600,48949
8/17/16,1471392000,44867
8/18/16,1471478400,47799
8/19/16,1471564800,42948
8/20/16,1471651200,41318
8/21/16,1471737600,42543
8/22/16,1471824000,44250
8/23/16,1471910400,48430
8/24/16,1471996800,46821
8/25/16,1472083200,49868
8/26/16,1472169600,47292
8/27/16,1472256000,47938
8/28/16,1472342400,42607
8/29/16,1472428800,45510
8/30/16,1472515200,46979
8/31/16,1472601600,45846
9/1/16,1472688000,47491
9/2/16,1472774400,55413
9/3/16,1472860800,44792
9/4/16,1472947200,48128
9/5/16,1473033600,42667
9/6/16,1473120000,49102
9/7/16,1473206400,48701
9/8/16,1473292800,55970
9/9/16,1473379200,53918
9/10/16,1473465600,42875
9/11/16,1473552000,43345
9/12/16,1473638400,45123
9/13/16,1473724800,42591
9/14/16,1473811200,53859
9/15/16,1473897600,52622
9/16/16,1473984000,57532
9/17/16,1474070400,46882
9/18/16,1474156800,37893
9/19/16,1474243200,40505
9/20/16,1474329600,54067
9/21/16,1474416000,44549
9/22/16,1474502400,52657
9/23/16,1474588800,35219
9/24/16,1474675200,43418
9/25/16,1474761600,38713
9/26/16,1474848000,43514
9/27/16,1474934400,46817
9/28/16,1475020800,42797
9/29/16,1475107200,40416
9/30/16,1475193600,35836
10/1/16,1475280000,53076
10/2/16,1475366400,51105
10/3/16,1475452800,47672
10/4/16,1475539200,56662
10/5/16,1475625600,41719
10/6/16,1475712000,36826
10/7/16,1475798400,43708
10/8/16,1475884800,37690
10/9/16,1475971200,43940
10/10/16,1476057600,44940
10/11/16,1476144000,41053
10/12/16,1476230400,30002
10/13/16,1476316800,32244
10/14/16,1476403200,42006
10/15/16,1476489600,33662
10/16/16,1476576000,34990
10/17/16,1476662400,38136
10/18/16,1476748800,51898
10/19/16,1476835200,38497
10/20/16,1476921600,43438
10/21/16,1477008000,57780
10/22/16,1477094400,37772
10/23/16,1477180800,35364
10/24/16,1477267200,52547
10/25/16,1477353600,47610
10/26/16,1477440000,45158
10/27/16,1477526400,44353
10/28/16,1477612800,41522
10/29/16,1477699200,40011
10/30/16,1477785600,39435
10/31/16,1477872000,45031
11/1/16,1477958400,49025
11/2/16,1478044800,43519
11/3/16,1478131200,42346
11/4/16,1478217600,32572
11/5/16,1478304000,37690
11/6/16,1478390400,34391
11/7/16,1478476800,41941
11/8/16,1478563200,41569
11/9/16,1478649600,40517
11/10/16,1478736000,40164
11/11/16,1478822400,41070
11/12/16,1478908800,40882
11/13/16,1478995200,43673
11/14/16,1479081600,43876
11/15/16,1479168000,45330
11/16/16,1479254400,41684
11/17/16,1479340800,40738
11/18/16,1479427200,43785
11/19/16,1479513600,39289
11/20/16,1479600000,42125
11/21/16,1479686400,42735
11/22/16,1479772800,53585
11/23/16,1479859200,64289
11/24/16,1479945600,36861
11/25/16,1480032000,58075
11/26/16,1480118400,40804
11/27/16,1480204800,44449
11/28/16,1480291200,48388
11/29/16,1480377600,47036
11/30/16,1480464000,39178
12/1/16,1480550400,37121
12/2/16,1480636800,41642
12/3/16,1480723200,41357
12/4/16,1480809600,39643
12/5/16,1480896000,41613
12/6/16,1480982400,48200
12/7/16,1481068800,41757
12/8/16,1481155200,39587
12/9/16,1481241600,41444
12/10/16,1481328000,40564
12/11/16,1481414400,39164
12/12/16,1481500800,38741
12/13/16,1481587200,44664
12/14/16,1481673600,47294
12/15/16,1481760000,46102
12/16/16,1481846400,43953
12/17/16,1481932800,39442
12/18/16,1482019200,36640
12/19/16,1482105600,45599
12/20/16,1482192000,44241
12/21/16,1482278400,50793
12/22/16,1482364800,55173
12/23/16,1482451200,44391
12/24/16,1482537600,37757
12/25/16,1482624000,36601
12/26/16,1482710400,34565
12/27/16,1482796800,42370
12/28/16,1482883200,43386
12/29/16,1482969600,46546
12/30/16,1483056000,44561
12/31/16,1483142400,41220
1/1/17,1483228800,38730
1/2/17,1483315200,39652
1/3/17,1483401600,45883
1/4/17,1483488000,50673
1/5/17,1483574400,49596
1/6/17,1483660800,43804
1/7/17,1483747200,43622
1/8/17,1483833600,42727
1/9/17,1483920000,46188
1/10/17,1484006400,48179
1/11/17,1484092800,45221
1/12/17,1484179200,50589
1/13/17,1484265600,50833
1/14/17,1484352000,42044
1/15/17,1484438400,41748
1/16/17,1484524800,45375
1/17/17,1484611200,46671
1/18/17,1484697600,44994
1/19/17,1484784000,43628
1/20/17,1484870400,45775
1/21/17,1484956800,43302
1/22/17,1485043200,47432
1/23/17,1485129600,46076
1/24/17,1485216000,50414
1/25/17,1485302400,46256
1/26/17,1485388800,46856
1/27/17,1485475200,46680
1/28/17,1485561600,45189
1/29/17,1485648000,42509
1/30/17,1485734400,45369
1/31/17,1485820800,43649
2/1/17,1485907200,44541
2/2/17,1485993600,43709
2/3/17,1486080000,42778
2/4/17,1486166400,45410
2/5/17,1486252800,46542
2/6/17,1486339200,47306
2/7/17,1486425600,51866
2/8/17,1486512000,51089
2/9/17,1486598400,47873
2/10/17,1486684800,52222
2/11/17,1486771200,46560
2/12/17,1486857600,45319
2/13/17,1486944000,55990
2/14/17,1487030400,58298
2/15/17,1487116800,55320
2/16/17,1487203200,49674
2/17/17,1487289600,49406
2/18/17,1487376000,49398
2/19/17,1487462400,48227
2/20/17,1487548800,50152
2/21/17,1487635200,58434
2/22/17,1487721600,50372
2/23/17,1487808000,47601
2/24/17,1487894400,54081
2/25/17,1487980800,53245
2/26/17,1488067200,51716
2/27/17,1488153600,52642
2/28/17,1488240000,60277
3/1/17,1488326400,59774
3/2/17,1488412800,70779
3/3/17,1488499200,64294
3/4/17,1488585600,58756
3/5/17,1488672000,57031
3/6/17,1488758400,57020
3/7/17,1488844800,62589
3/8/17,1488931200,55386
3/9/17,1489017600,64266
3/10/17,1489104000,65132
3/11/17,1489190400,64803
3/12/17,1489276800,66646
3/13/17,1489363200,81718
3/14/17,1489449600,77155
3/15/17,1489536000,81205
3/16/17,1489622400,109950
3/17/17,1489708800,106635
3/18/17,1489795200,89920
3/19/17,1489881600,84599
3/20/17,1489968000,80264
3/21/17,1490054400,84298
3/22/17,1490140800,78821
3/23/17,1490227200,82434
3/24/17,1490313600,87775
3/25/17,1490400000,84394
3/26/17,1490486400,79534
3/27/17,1490572800,94570
3/28/17,1490659200,84348
3/29/17,1490745600,93064
3/30/17,1490832000,96209
3/31/17,1490918400,103102
4/1/17,1491004800,80572
4/2/17,1491091200,88948
4/3/17,1491177600,100221
4/4/17,1491264000,86279
4/5/17,1491350400,87411
4/6/17,1491436800,95177
4/7/17,1491523200,92846
4/8/17,1491609600,72144
4/9/17,1491696000,74557
4/10/17,1491782400,75487
4/11/17,1491868800,75891
4/12/17,1491955200,80347
4/13/17,1492041600,84124
4/14/17,1492128000,81155
4/15/17,1492214400,74820
4/16/17,1492300800,70634
4/17/17,1492387200,72546
4/18/17,1492473600,83303
4/19/17,1492560000,85734
4/20/17,1492646400,85450
4/21/17,1492732800,81278
4/22/17,1492819200,73539
4/23/17,1492905600,77073
4/24/17,1492992000,80531
4/25/17,1493078400,93033
4/26/17,1493164800,89642
4/27/17,1493251200,104494
4/28/17,1493337600,106193
4/29/17,1493424000,91335
4/30/17,1493510400,95202
5/1/17,1493596800,112202
5/2/17,1493683200,110354
5/3/17,1493769600,97334
5/4/17,1493856000,114877
5/5/17,1493942400,108514
5/6/17,1494028800,95014
5/7/17,1494115200,106631
5/8/17,1494201600,117509
5/9/17,1494288000,112933
5/10/17,1494374400,109673
5/11/17,1494460800,117189
5/12/17,1494547200,107241
5/13/17,1494633600,101332
5/14/17,1494720000,101348
5/15/17,1494806400,122792
5/16/17,1494892800,116341
5/17/17,1494979200,140135
5/18/17,1495065600,137409
5/19/17,1495152000,161568
5/20/17,1495238400,130912
5/21/17,1495324800,149699
5/22/17,1495411200,176255
5/23/17,1495497600,187121
5/24/17,1495584000,187293
5/25/17,1495670400,183010
5/26/17,1495756800,169818
5/27/17,1495843200,149450
5/28/17,1495929600,155271
5/29/17,1496016000,158547
5/30/17,1496102400,193618
5/31/17,1496188800,214126
6/1/17,1496275200,199160
6/2/17,1496361600,194911
6/3/17,1496448000,175666
6/4/17,1496534400,180136
6/5/17,1496620800,190305
6/6/17,1496707200,200523
6/7/17,1496793600,207180
6/8/17,1496880000,187700
6/9/17,1496966400,215831
6/10/17,1497052800,213356
6/11/17,1497139200,240490
6/12/17,1497225600,292941
6/13/17,1497312000,280054
6/14/17,1497398400,250410
6/15/17,1497484800,261617
6/16/17,1497571200,248003
6/17/17,1497657600,242022
6/18/17,1497744000,245957
6/19/17,1497830400,286209
6/20/17,1497916800,308488
6/21/17,1498003200,221289
6/22/17,1498089600,284225
6/23/17,1498176000,276012
6/24/17,1498262400,250570
6/25/17,1498348800,231135
6/26/17,1498435200,316788
6/27/17,1498521600,252995
6/28/17,1498608000,274241
6/29/17,1498694400,263791
6/30/17,1498780800,252652
7/1/17,1498867200,240465
7/2/17,1498953600,248617
7/3/17,1499040000,302032
7/4/17,1499126400,281465
7/5/17,1499212800,271606
7/6/17,1499299200,258791
7/7/17,1499385600,295389
7/8/17,1499472000,248142
7/9/17,1499558400,225189
7/10/17,1499644800,302633
7/11/17,1499731200,291677
7/12/17,1499817600,283828
7/13/17,1499904000,260745
7/14/17,1499990400,249381
7/15/17,1500076800,231961
7/16/17,1500163200,249138
7/17/17,1500249600,248473
7/18/17,1500336000,271055
7/19/17,1500422400,270122
7/20/17,1500508800,250065
7/21/17,1500595200,232560
7/22/17,1500681600,205574
7/23/17,1500768000,260490
7/24/17,1500854400,263095
7/25/17,1500940800,242956
7/26/17,1501027200,223010
7/27/17,1501113600,225435
7/28/17,1501200000,246494
7/29/17,1501286400,198773
7/30/17,1501372800,206624
7/31/17,1501459200,250090
8/1/17,1501545600,218582
8/2/17,1501632000,231068
8/3/17,1501718400,236335
8/4/17,1501804800,257160
8/5/17,1501891200,261400
8/6/17,1501977600,265127
8/7/17,1502064000,281172
8/8/17,1502150400,318866
8/9/17,1502236800,280308
8/10/17,1502323200,338241
8/11/17,1502409600,356682
8/12/17,1502496000,338654
8/13/17,1502582400,333011
8/14/17,1502668800,410061
8/15/17,1502755200,413246
8/16/17,1502841600,413624
8/17/17,1502928000,428007
8/18/17,1503014400,443356
8/19/17,1503100800,377418
8/20/17,1503187200,309926
8/21/17,1503273600,392880
8/22/17,1503360000,364727
8/23/17,1503446400,374711
8/24/17,1503532800,352465
8/25/17,1503619200,352621
8/26/17,1503705600,306268
8/27/17,1503792000,324173
8/28/17,1503878400,363799
8/29/17,1503964800,394649
8/30/17,1504051200,400220
8/31/17,1504137600,384421
9/1/17,1504224000,390997
9/2/17,1504310400,331797
9/3/17,1504396800,302525
9/4/17,1504483200,442592
9/5/17,1504569600,444572
9/6/17,1504656000,496376
9/7/17,1504742400,448347
9/8/17,1504828800,463670
9/9/17,1504915200,383654
9/10/17,1505001600,325128
9/11/17,1505088000,365384
9/12/17,1505174400,404898
9/13/17,1505260800,365679
9/14/17,1505347200,380251
9/15/17,1505433600,441767
9/16/17,1505520000,373764
9/17/17,1505606400,289517
9/18/17,1505692800,362764
9/19/17,1505779200,337752
9/20/17,1505865600,324984
9/21/17,1505952000,317074
9/22/17,1506038400,271470
9/23/17,1506124800,260107
9/24/17,1506211200,280929
9/25/17,1506297600,306614
9/26/17,1506384000,306075
9/27/17,1506470400,309047
9/28/17,1506556800,329208
9/29/17,1506643200,326502
9/30/17,1506729600,295798
10/1/17,1506816000,283871
10/2/17,1506902400,306095
10/3/17,1506988800,327906
10/4/17,1507075200,307399
10/5/17,1507161600,314808
10/6/17,1507248000,319882
10/7/17,1507334400,291091
10/8/17,1507420800,296829
10/9/17,1507507200,328172
10/10/17,1507593600,349605
10/11/17,1507680000,344305
10/12/17,1507766400,363411
10/13/17,1507852800,379136
10/14/17,1507939200,332169
10/15/17,1508025600,328921
10/16/17,1508112000,408297
10/17/17,1508198400,505611
10/18/17,1508284800,470449
10/19/17,1508371200,494184
10/20/17,1508457600,546837
10/21/17,1508544000,462902
10/22/17,1508630400,435493
10/23/17,1508716800,468168
10/24/17,1508803200,492288
10/25/17,1508889600,460419
10/26/17,1508976000,466406
10/27/17,1509062400,486147
10/28/17,1509148800,484554
10/29/17,1509235200,494176
10/30/17,1509321600,532626
10/31/17,1509408000,519906
11/1/17,1509494400,527783
11/2/17,1509580800,529277
11/3/17,1509667200,485790
11/4/17,1509753600,398758
11/5/17,1509840000,417102
11/6/17,1509926400,511663
11/7/17,1510012800,470418
11/8/17,1510099200,480413
11/9/17,1510185600,467172
11/10/17,1510272000,457427
11/11/17,1510358400,394378
11/12/17,1510444800,434380
11/13/17,1510531200,443176
11/14/17,1510617600,475984
11/15/17,1510704000,540593
11/16/17,1510790400,491482
11/17/17,1510876800,508590
11/18/17,1510963200,459679
11/19/17,1511049600,464563
11/20/17,1511136000,530141
11/21/17,1511222400,524044
11/22/17,1511308800,546489
11/23/17,1511395200,537068
11/24/17,1511481600,525529
11/25/17,1511568000,561166
11/26/17,1511654400,542484
11/27/17,1511740800,608695
11/28/17,1511827200,638989
11/29/17,1511913600,663579
11/30/17,1512000000,655457
12/1/17,1512086400,622720
12/2/17,1512172800,627785
12/3/17,1512259200,693808
12/4/17,1512345600,701834
12/5/17,1512432000,693090
12/6/17,1512518400,791746
12/7/17,1512604800,659068
12/8/17,1512691200,766411
12/9/17,1512777600,707223
12/10/17,1512864000,716575
12/11/17,1512950400,828899
12/12/17,1513036800,872340
12/13/17,1513123200,909631
12/14/17,1513209600,942559
12/15/17,1513296000,904346
12/16/17,1513382400,899857
12/17/17,1513468800,876574
12/18/17,1513555200,984021
12/19/17,1513641600,1092234
12/20/17,1513728000,986104
12/21/17,1513814400,1072665
12/22/17,1513900800,1103523
12/23/17,1513987200,918881
12/24/17,1514073600,758234
12/25/17,1514160000,752361
12/26/17,1514246400,813510
12/27/17,1514332800,912752
12/28/17,1514419200,949503
12/29/17,1514505600,1090191
12/30/17,1514592000,1136659
12/31/17,1514678400,946981
1/1/18,1514764800,908945
1/2/18,1514851200,1153936
1/3/18,1514937600,1238030
1/4/18,1515024000,1349890
1/5/18,1515110400,1271577
1/6/18,1515196800,1226417
1/7/18,1515283200,1152722
1/8/18,1515369600,1215473
1/9/18,1515456000,1256240
1/10/18,1515542400,1177685
1/11/18,1515628800,1173965
1/12/18,1515715200,1118757
1/13/18,1515801600,1179321
1/14/18,1515888000,1081593
1/15/18,1515974400,1206420
1/16/18,1516060800,1277936
1/17/18,1516147200,1277083
1/18/18,1516233600,1205184
1/19/18,1516320000,1043257
1/20/18,1516406400,984489
1/21/18,1516492800,1006530
1/22/18,1516579200,972911
1/23/18,1516665600,928494
1/24/18,1516752000,913668
1/25/18,1516838400,788515
1/26/18,1516924800,953429
1/27/18,1517011200,831992
1/28/18,1517097600,889104
1/29/18,1517184000,936845
1/30/18,1517270400,906578
1/31/18,1517356800,877284
2/1/18,1517443200,1008759
2/2/18,1517529600,981133
2/3/18,1517616000,814486
2/4/18,1517702400,800876
2/5/18,1517788800,875761
2/6/18,1517875200,888219
2/7/18,1517961600,818625
2/8/18,1518048000,681344
2/9/18,1518134400,789807
2/10/18,1518220800,848390
2/11/18,1518307200,773496
2/12/18,1518393600,829020
2/13/18,1518480000,745822
2/14/18,1518566400,746384
2/15/18,1518652800,777318
2/16/18,1518739200,704758
2/17/18,1518825600,772079
2/18/18,1518912000,756092
2/19/18,1518998400,811384
2/20/18,1519084800,886897
2/21/18,1519171200,850504
2/22/18,1519257600,761893
2/23/18,1519344000,733084
2/24/18,1519430400,732861
2/25/18,1519516800,690582
2/26/18,1519603200,737453
2/27/18,1519689600,694583
2/28/18,1519776000,720368
3/1/18,1519862400,684404
3/2/18,1519948800,744666
3/3/18,1520035200,673465
3/4/18,1520121600,643241
3/5/18,1520208000,752756
3/6/18,1520294400,712591
3/7/18,1520380800,783757
3/8/18,1520467200,690139
3/9/18,1520553600,650058
3/10/18,1520640000,591377
3/11/18,1520726400,608899
3/12/18,1520812800,677908
3/13/18,1520899200,699093
3/14/18,1520985600,671198
3/15/18,1521072000,654531
3/16/18,1521158400,654584
3/17/18,1521244800,593203
3/18/18,1521331200,684094
3/19/18,1521417600,703891
3/20/18,1521504000,661791
3/21/18,1521590400,697872
3/22/18,1521676800,619453
3/23/18,1521763200,677103
3/24/18,1521849600,613203
3/25/18,1521936000,526372
3/26/18,1522022400,626615
3/27/18,1522108800,584055
3/28/18,1522195200,579858
3/29/18,1522281600,583673
3/30/18,1522368000,633616
3/31/18,1522454400,584396
4/1/18,1522540800,545141
4/2/18,1522627200,598505
4/3/18,1522713600,645977
4/4/18,1522800000,628441
4/5/18,1522886400,695871
4/6/18,1522972800,647981
4/7/18,1523059200,535865
4/8/18,1523145600,595733
4/9/18,1523232000,609799
4/10/18,1523318400,571388
4/11/18,1523404800,609102
4/12/18,1523491200,692606
4/13/18,1523577600,730344
4/14/18,1523664000,611188
4/15/18,1523750400,619985
4/16/18,1523836800,664402
4/17/18,1523923200,742823
4/18/18,1524009600,703293
4/19/18,1524096000,814318
4/20/18,1524182400,832220
4/21/18,1524268800,746104
4/22/18,1524355200,748858
4/23/18,1524441600,802870
4/24/18,1524528000,816357
4/25/18,1524614400,799014
4/26/18,1524700800,793873
4/27/18,1524787200,764479
4/28/18,1524873600,775321
4/29/18,1524960000,756651
4/30/18,1525046400,778133
5/1/18,1525132800,713839
5/2/18,1525219200,787722
5/3/18,1525305600,839586
5/4/18,1525392000,1000526
5/5/18,1525478400,789261
5/6/18,1525564800,691273
5/7/18,1525651200,789863
5/8/18,1525737600,820098
5/9/18,1525824000,831127
5/10/18,1525910400,854827
5/11/18,1525996800,826099
5/12/18,1526083200,788487
5/13/18,1526169600,762439
5/14/18,1526256000,801788
5/15/18,1526342400,779210
5/16/18,1526428800,807257
5/17/18,1526515200,835761
5/18/18,1526601600,831831
5/19/18,1526688000,846288
5/20/18,1526774400,777283
5/21/18,1526860800,802211
5/22/18,1526947200,822409
5/23/18,1527033600,833377
5/24/18,1527120000,811167
5/25/18,1527206400,800838
5/26/18,1527292800,761932
5/27/18,1527379200,776024
5/28/18,1527465600,861002
5/29/18,1527552000,812183
5/30/18,1527638400,817167
5/31/18,1527724800,832842
6/1/18,1527811200,758242
6/2/18,1527897600,768017
6/3/18,1527984000,809997
6/4/18,1528070400,807165
6/5/18,1528156800,780654
6/6/18,1528243200,754070
6/7/18,1528329600,775828
6/8/18,1528416000,720017
6/9/18,1528502400,769427
6/10/18,1528588800,771280
6/11/18,1528675200,768985
6/12/18,1528761600,770199
6/13/18,1528848000,797637
6/14/18,1528934400,765916
6/15/18,1529020800,763803
6/16/18,1529107200,639775
6/17/18,1529193600,648548
6/18/18,1529280000,695753
6/19/18,1529366400,778765
6/20/18,1529452800,803076
6/21/18,1529539200,752035
6/22/18,1529625600,770457
6/23/18,1529712000,675918
6/24/18,1529798400,671994
6/25/18,1529884800,837265
6/26/18,1529971200,732170
6/27/18,1530057600,771938
6/28/18,1530144000,744784
6/29/18,1530230400,735092
6/30/18,1530316800,632981
7/1/18,1530403200,622633
7/2/18,1530489600,489559
7/3/18,1530576000,573532
7/4/18,1530662400,447112
7/5/18,1530748800,527586
7/6/18,1530835200,459075
7/7/18,1530921600,484105
7/8/18,1531008000,631505
7/9/18,1531094400,651926
7/10/18,1531180800,691771
7/11/18,1531267200,643920
7/12/18,1531353600,566058
7/13/18,1531440000,563317
7/14/18,1531526400,508951
7/15/18,1531612800,453706
7/16/18,1531699200,703999
7/17/18,1531785600,701292
7/18/18,1531872000,746145
7/19/18,1531958400,734702
7/20/18,1532044800,671608
7/21/18,1532131200,620634
7/22/18,1532217600,675356
7/23/18,1532304000,758657
7/24/18,1532390400,784910
7/25/18,1532476800,787527
7/26/18,1532563200,725630
7/27/18,1532649600,788715
7/28/18,1532736000,703973
7/29/18,1532822400,716354
7/30/18,1532908800,757712
7/31/18,1532995200,745063
8/1/18,1533081600,757758
8/2/18,1533168000,779928
8/3/18,1533254400,753190
8/4/18,1533340800,720548
8/5/18,1533427200,704249
8/6/18,1533513600,699536
8/7/18,1533600000,636342
8/8/18,1533686400,565663
8/9/18,1533772800,538530
8/10/18,1533859200,613892
8/11/18,1533945600,657312
8/12/18,1534032000,641927
8/13/18,1534118400,694941
8/14/18,1534204800,690348
8/15/18,1534291200,648565
8/16/18,1534377600,716732
8/17/18,1534464000,607270
8/18/18,1534550400,627522
8/19/18,1534636800,599660
8/20/18,1534723200,663769
8/21/18,1534809600,605639
8/22/18,1534896000,594918
8/23/18,1534982400,599557
8/24/18,1535068800,596227
8/25/18,1535155200,577239
8/26/18,1535241600,574072
8/27/18,1535328000,645935
8/28/18,1535414400,613844
8/29/18,1535500800,546841
8/30/18,1535587200,592847
8/31/18,1535673600,577258
9/1/18,1535760000,656254
9/2/18,1535846400,620267
9/3/18,1535932800,631429
9/4/18,1536019200,589521
9/5/18,1536105600,626957
9/6/18,1536192000,588959
9/7/18,1536278400,582184
9/8/18,1536364800,543337
9/9/18,1536451200,565631
9/10/18,1536537600,561611
9/11/18,1536624000,557317
9/12/18,1536710400,570673
9/13/18,1536796800,555753
9/14/18,1536883200,514394
9/15/18,1536969600,479695
9/16/18,1537056000,458432
9/17/18,1537142400,553720
9/18/18,1537228800,500513
9/19/18,1537315200,507255
9/20/18,1537401600,498146
9/21/18,1537488000,544686
9/22/18,1537574400,470309
9/23/18,1537660800,468627
9/24/18,1537747200,480337
9/25/18,1537833600,519108
9/26/18,1537920000,493507
9/27/18,1538006400,504047
9/28/18,1538092800,500407
9/29/18,1538179200,434315
9/30/18,1538265600,479351
10/1/18,1538352000,476308
10/2/18,1538438400,490262
10/3/18,1538524800,559006
10/4/18,1538611200,559181
10/5/18,1538697600,595361
10/6/18,1538784000,596865
10/7/18,1538870400,497767
10/8/18,1538956800,542842
10/9/18,1539043200,537028
10/10/18,1539129600,516772
10/11/18,1539216000,570525
10/12/18,1539302400,562140
10/13/18,1539388800,541797
10/14/18,1539475200,511719
10/15/18,1539561600,562011
10/16/18,1539648000,575450
10/17/18,1539734400,580354
10/18/18,1539820800,565791
10/19/18,1539907200,601119
10/20/18,1539993600,534080
10/21/18,1540080000,508014
10/22/18,1540166400,577314
10/23/18,1540252800,556231
10/24/18,1540339200,532709
10/25/18,1540425600,537236
10/26/18,1540512000,551218
10/27/18,1540598400,499165
10/28/18,1540684800,509862
10/29/18,1540771200,614695
10/30/18,1540857600,608397
10/31/18,1540944000,585707
11/1/18,1541030400,589096
11/2/18,1541116800,548534
11/3/18,1541203200,505015
11/4/18,1541289600,510848
11/5/18,1541376000,582354
11/6/18,1541462400,597166
11/7/18,1541548800,564602
11/8/18,1541635200,555392
11/9/18,1541721600,547848
11/10/18,1541808000,489120
11/11/18,1541894400,527799
11/12/18,1541980800,571162
11/13/18,1542067200,553590
11/14/18,1542153600,582181
11/15/18,1542240000,563051
11/16/18,1542326400,552107
11/17/18,1542412800,505581
11/18/18,1542499200,484801
11/19/18,1542585600,622942
11/20/18,1542672000,625752
11/21/18,1542758400,579531
11/22/18,1542844800,568895
11/23/18,1542931200,559992
11/24/18,1543017600,497091
11/25/18,1543104000,529038
11/26/18,1543190400,557388
11/27/18,1543276800,565825
11/28/18,1543363200,622580
11/29/18,1543449600,555591
11/30/18,1543536000,599039
12/1/18,1543622400,525757
12/2/18,1543708800,492410
12/3/18,1543795200,548100
12/4/18,1543881600,565202
12/5/18,1543968000,595937
12/6/18,1544054400,590923
12/7/18,1544140800,572417
12/8/18,1544227200,552651
12/9/18,1544313600,507555
12/10/18,1544400000,555379
12/11/18,1544486400,536006
12/12/18,1544572800,533920
12/13/18,1544659200,565689
12/14/18,1544745600,567306
12/15/18,1544832000,551916
12/16/18,1544918400,516697
12/17/18,1545004800,570051
12/18/18,1545091200,556320
12/19/18,1545177600,597824
12/20/18,1545264000,602429
12/21/18,1545350400,606526
12/22/18,1545436800,495551
12/23/18,1545523200,543655
12/24/18,1545609600,615551
12/25/18,1545696000,535001
12/26/18,1545782400,560047
12/27/18,1545868800,548411
12/28/18,1545955200,572189
12/29/18,1546041600,543746
12/30/18,1546128000,460395
12/31/18,1546214400,522040
1/1/19,1546300800,448168
1/2/19,1546387200,589959
1/3/19,1546473600,596620
1/4/19,1546560000,549398
1/5/19,1546646400,511189
1/6/19,1546732800,487372
1/7/19,1546819200,550964
1/8/19,1546905600,553367
1/9/19,1546992000,558847
1/10/19,1547078400,582839
1/11/19,1547164800,541838
1/12/19,1547251200,452707
1/13/19,1547337600,481347
1/14/19,1547424000,577239
1/15/19,1547510400,539896
1/16/19,1547596800,507687
1/17/19,1547683200,517082
1/18/19,1547769600,538899
1/19/19,1547856000,539125
1/20/19,1547942400,537705
1/21/19,1548028800,582751
1/22/19,1548115200,605558
1/23/19,1548201600,533819
1/24/19,1548288000,520130
1/25/19,1548374400,504903
1/26/19,1548460800,464380
1/27/19,1548547200,488814
1/28/19,1548633600,568564
1/29/19,1548720000,566026
1/30/19,1548806400,555347
1/31/19,1548892800,517057
2/1/19,1548979200,498856
2/2/19,1549065600,450314
2/3/19,1549152000,424378
2/4/19,1549238400,416394
2/5/19,1549324800,414815
2/6/19,1549411200,429065
2/7/19,1549497600,428676
2/8/19,1549584000,471952
2/9/19,1549670400,417129
2/10/19,1549756800,381151
2/11/19,1549843200,429007
2/12/19,1549929600,438111
2/13/19,1550016000,491354
2/14/19,1550102400,474782
2/15/19,1550188800,468599
2/16/19,1550275200,454309
2/17/19,1550361600,447945
2/18/19,1550448000,512455
2/19/19,1550534400,533602
2/20/19,1550620800,530268
2/21/19,1550707200,544817
2/22/19,1550793600,530839
2/23/19,1550880000,476225
2/24/19,1550966400,540201
2/25/19,1551052800,573756
2/26/19,1551139200,553925
2/27/19,1551225600,539516
2/28/19,1551312000,541458
3/1/19,1551398400,547622
3/2/19,1551484800,526912
3/3/19,1551571200,492382
3/4/19,1551657600,620211
3/5/19,1551744000,598085
3/6/19,1551830400,578932
3/7/19,1551916800,572685
3/8/19,1552003200,562361
3/9/19,1552089600,555854
3/10/19,1552176000,484038
3/11/19,1552262400,536412
3/12/19,1552348800,564306
3/13/19,1552435200,573281
3/14/19,1552521600,573828
3/15/19,1552608000,553012
3/16/19,1552694400,504183
3/17/19,1552780800,494872
3/18/19,1552867200,573940
3/19/19,1552953600,635940
3/20/19,1553040000,630313
3/21/19,1553126400,618318
3/22/19,1553212800,628700
3/23/19,1553299200,561778
3/24/19,1553385600,549073
3/25/19,1553472000,648670
3/26/19,1553558400,629010
3/27/19,1553644800,625948
3/28/19,1553731200,634367
3/29/19,1553817600,640352
3/30/19,1553904000,667967
3/31/19,1553990400,646230
4/1/19,1554076800,687574
4/2/19,1554163200,758900
4/3/19,1554249600,746605
4/4/19,1554336000,673520
4/5/19,1554422400,621924
4/6/19,1554508800,559039
4/7/19,1554595200,572886
4/8/19,1554681600,668000
4/9/19,1554768000,656914
4/10/19,1554854400,674070
4/11/19,1554940800,729032
4/12/19,1555027200,694793
4/13/19,1555113600,614291
4/14/19,1555200000,551055
4/15/19,1555286400,622058
4/16/19,1555372800,656461
4/17/19,1555459200,681896
4/18/19,1555545600,697650
4/19/19,1555632000,693183
4/20/19,1555718400,686824
4/21/19,1555804800,631190
4/22/19,1555891200,719306
4/23/19,1555977600,729268
4/24/19,1556064000,668917
4/25/19,1556150400,680812
4/26/19,1556236800,661061
4/27/19,1556323200,562687
4/28/19,1556409600,593482
4/29/19,1556496000,628989
4/30/19,1556582400,707771
5/1/19,1556668800,703790
5/2/19,1556755200,626308
5/3/19,1556841600,670882
5/4/19,1556928000,623395
5/5/19,1557014400,637464
5/6/19,1557100800,706135
5/7/19,1557187200,658146
5/8/19,1557273600,686996
5/9/19,1557360000,718440
5/10/19,1557446400,736762
5/11/19,1557532800,742337
5/12/19,1557619200,715827
5/13/19,1557705600,758695
5/14/19,1557792000,830785
5/15/19,1557878400,847606
5/16/19,1557964800,908208
5/17/19,1558051200,810320
5/18/19,1558137600,735420
5/19/19,1558224000,752431
5/20/19,1558310400,860161
5/21/19,1558396800,812799
5/22/19,1558483200,873384
5/23/19,1558569600,846724
5/24/19,1558656000,904057
5/25/19,1558742400,839949
5/26/19,1558828800,763094
5/27/19,1558915200,941733
5/28/19,1559001600,910535
5/29/19,1559088000,947509
5/30/19,1559174400,891907
5/31/19,1559260800,870676
6/1/19,1559347200,956751
6/2/19,1559433600,890894
6/3/19,1559520000,889067
6/4/19,1559606400,891955
6/5/19,1559692800,799392
6/6/19,1559779200,824817
6/7/19,1559865600,758454
6/8/19,1559952000,992653
6/9/19,1560038400,715741
6/10/19,1560124800,963694
6/11/19,1560211200,930038
6/12/19,1560297600,860682
6/13/19,1560384000,749758
6/14/19,1560470400,825364
6/15/19,1560556800,938952
6/16/19,1560643200,888979
6/17/19,1560729600,944094
6/18/19,1560816000,850016
6/19/19,1560902400,886054
6/20/19,1560988800,985024
6/21/19,1561075200,777627
6/22/19,1561161600,758133
6/23/19,1561248000,773499
6/24/19,1561334400,809637
6/25/19,1561420800,932194
6/26/19,1561507200,848601
6/27/19,1561593600,814118
6/28/19,1561680000,1004170
6/29/19,1561766400,733337
6/30/19,1561852800,685958
7/1/19,1561939200,951985
7/2/19,1562025600,895054
7/3/19,1562112000,753227
7/4/19,1562198400,747514
7/5/19,1562284800,849080
7/6/19,1562371200,754040
7/7/19,1562457600,582067
7/8/19,1562544000,809796
7/9/19,1562630400,771955
7/10/19,1562716800,736096
7/11/19,1562803200,975288
7/12/19,1562889600,726392
7/13/19,1562976000,587283
7/14/19,1563062400,613490
7/15/19,1563148800,743294
7/16/19,1563235200,1003278
7/17/19,1563321600,830029
7/18/19,1563408000,667874
7/19/19,1563494400,815548
7/20/19,1563580800,584085
7/21/19,1563667200,522416
7/22/19,1563753600,640666
7/23/19,1563840000,606795
7/24/19,1563926400,907213
7/25/19,1564012800,949864
7/26/19,1564099200,640260
7/27/19,1564185600,577697
7/28/19,1564272000,572697
7/29/19,1564358400,676990
7/30/19,1564444800,715782
7/31/19,1564531200,684284
8/1/19,1564617600,877643
8/2/19,1564704000,768312
8/3/19,1564790400,783492
8/4/19,1564876800,569134
8/5/19,1564963200,718438
8/6/19,1565049600,732052
8/7/19,1565136000,742477
8/8/19,1565222400,692736
8/9/19,1565308800,721762
8/10/19,1565395200,630929
8/11/19,1565481600,582507
8/12/19,1565568000,712949
8/13/19,1565654400,698671
8/14/19,1565740800,736647
8/15/19,1565827200,689076
8/16/19,1565913600,718875
8/17/19,1566000000,641106
8/18/19,1566086400,627260
8/19/19,1566172800,724461
8/20/19,1566259200,733520
8/21/19,1566345600,731500
8/22/19,1566432000,737144
8/23/19,1566518400,733282
8/24/19,1566604800,684235
8/25/19,1566691200,677260
8/26/19,1566777600,750845
8/27/19,1566864000,748158
8/28/19,1566950400,722262
8/29/19,1567036800,724189
8/30/19,1567123200,713194
8/31/19,1567209600,679773
9/1/19,1567296000,690235
9/2/19,1567382400,757539
9/3/19,1567468800,751224
9/4/19,1567555200,714432
9/5/19,1567641600,769872
9/6/19,1567728000,768500
9/7/19,1567814400,677445
9/8/19,1567900800,675137
9/9/19,1567987200,756508
9/10/19,1568073600,691617
9/11/19,1568160000,705292
9/12/19,1568246400,723726
9/13/19,1568332800,623470
9/14/19,1568419200,628467
9/15/19,1568505600,633961
9/16/19,1568592000,733010
9/17/19,1568678400,681814
9/18/19,1568764800,708743
9/19/19,1568851200,692484
9/20/19,1568937600,717128
9/21/19,1569024000,596973
9/22/19,1569110400,576563
9/23/19,1569196800,639394
9/24/19,1569283200,709522
9/25/19,1569369600,677675
9/26/19,1569456000,657676
9/27/19,1569542400,623632
9/28/19,1569628800,607857
9/29/19,1569715200,591986
9/30/19,1569801600,683924
10/1/19,1569888000,645073
10/2/19,1569974400,627137
10/3/19,1570060800,615189
10/4/19,1570147200,590197
10/5/19,1570233600,595118
10/6/19,1570320000,571769
10/7/19,1570406400,629382
10/8/19,1570492800,710373
10/9/19,1570579200,751354
10/10/19,1570665600,706127
10/11/19,1570752000,702673
10/12/19,1570838400,634450
10/13/19,1570924800,566845
10/14/19,1571011200,650601
10/15/19,1571097600,690703
10/16/19,1571184000,694589
10/17/19,1571270400,703704
10/18/19,1571356800,733646
10/19/19,1571443200,665170
10/20/19,1571529600,612341
10/21/19,1571616000,678528
10/22/19,1571702400,726230
10/23/19,1571788800,736388
10/24/19,1571875200,724917
10/25/19,1571961600,741655
10/26/19,1572048000,716822
10/27/19,1572134400,642955
10/28/19,1572220800,721335
10/29/19,1572307200,707622
10/30/19,1572393600,717618
10/31/19,1572480000,744118
11/1/19,1572566400,705019
11/2/19,1572652800,590976
11/3/19,1572739200,571113
11/4/19,1572825600,670783
11/5/19,1572912000,739254
11/6/19,1572998400,707733
11/7/19,1573084800,857371
11/8/19,1573171200,699138
11/9/19,1573257600,604007
11/10/19,1573344000,609364
11/11/19,1573430400,710155
11/12/19,1573516800,708660
11/13/19,1573603200,713551
11/14/19,1573689600,679505
11/15/19,1573776000,683049
11/16/19,1573862400,596661
11/17/19,1573948800,600168
11/18/19,1574035200,734472
11/19/19,1574121600,735532
11/20/19,1574208000,689771
11/21/19,1574294400,762896
11/22/19,1574380800,794748
11/23/19,1574467200,631670
11/24/19,1574553600,596880
11/25/19,1574640000,762888
11/26/19,1574726400,679733
11/27/19,1574812800,674957
11/28/19,1574899200,623080
11/29/19,1574985600,670568
11/30/19,1575072000,584871
12/1/19,1575158400,615069
12/2/19,1575244800,681210
12/3/19,1575331200,610528
12/4/19,1575417600,661004
12/5/19,1575504000,617647
12/6/19,1575590400,573666
12/7/19,1575676800,488124
12/8/19,1575763200,440672
12/9/19,1575849600,635462
12/10/19,1575936000,631603
12/11/19,1576022400,625349
12/12/19,1576108800,635638
12/13/19,1576195200,621511
12/14/19,1576281600,551143
12/15/19,1576368000,526996
12/16/19,1576454400,634682
12/17/19,1576540800,646999
12/18/19,1576627200,663295
12/19/19,1576713600,620140
12/20/19,1576800000,614338
12/21/19,1576886400,545378
12/22/19,1576972800,529935
12/23/19,1577059200,631635
12/24/19,1577145600,602814
12/25/19,1577232000,565093
12/26/19,1577318400,586645
12/27/19,1577404800,580029
12/28/19,1577491200,516438
12/29/19,1577577600,480131
12/30/19,1577664000,584426
12/31/19,1577750400,554215
1/1/20,1577836800,466526
1/2/20,1577923200,505639
1/3/20,1578009600,581641
1/4/20,1578096000,559074
1/5/20,1578182400,524664
1/6/20,1578268800,626525
1/7/20,1578355200,646478
1/8/20,1578441600,653831
1/9/20,1578528000,621399
1/10/20,1578614400,605095
1/11/20,1578700800,549612
1/12/20,1578787200,523951
1/13/20,1578873600,565389
1/14/20,1578960000,671748
1/15/20,1579046400,698399
1/16/20,1579132800,693649
1/17/20,1579219200,676556
1/18/20,1579305600,628211
1/19/20,1579392000,615368
1/20/20,1579478400,599266
1/21/20,1579564800,558962
1/22/20,1579651200,513767
1/23/20,1579737600,552533
1/24/20,1579824000,497135
1/25/20,1579910400,435515
1/26/20,1579996800,428839
1/27/20,1580083200,476541
1/28/20,1580169600,526284
1/29/20,1580256000,551529
1/30/20,1580342400,566052
1/31/20,1580428800,583358
2/1/20,1580515200,545761
2/2/20,1580601600,530094
2/3/20,1580688000,621191
2/4/20,1580774400,524476
2/5/20,1580860800,610780
2/6/20,1580947200,606505
2/7/20,1581033600,626252
2/8/20,1581120000,661649
2/9/20,1581206400,628631
2/10/20,1581292800,668760
2/11/20,1581379200,709280
2/12/20,1581465600,798162
2/13/20,1581552000,764763
2/14/20,1581638400,771827
2/15/20,1581724800,699151
2/16/20,1581811200,661490
2/17/20,1581897600,695366
2/18/20,1581984000,733983
2/19/20,1582070400,695837
2/20/20,1582156800,689600
2/21/20,1582243200,670542
2/22/20,1582329600,605859
2/23/20,1582416000,606290
2/24/20,1582502400,687702
2/25/20,1582588800,670257
2/26/20,1582675200,704929
2/27/20,1582761600,714482
2/28/20,1582848000,688694
2/29/20,1582934400,620465
3/1/20,1583020800,628500
3/2/20,1583107200,681477
3/3/20,1583193600,661419
3/4/20,1583280000,663966
3/5/20,1583366400,720114
3/6/20,1583452800,676799
3/7/20,1583539200,630992
3/8/20,1583625600,662565
3/9/20,1583712000,784085
3/10/20,1583798400,760588
3/11/20,1583884800,713065
3/12/20,1583971200,760781
3/13/20,1584057600,847947
3/14/20,1584144000,681830
3/15/20,1584230400,657653
3/16/20,1584316800,784094
3/17/20,1584403200,763100
3/18/20,1584489600,768437
3/19/20,1584576000,864017
3/20/20,1584662400,822158
3/21/20,1584748800,857503
3/22/20,1584835200,746195
3/23/20,1584921600,801238
3/24/20,1585008000,791900
3/25/20,1585094400,765389
3/26/20,1585180800,772649
3/27/20,1585267200,748776
3/28/20,1585353600,667726
3/29/20,1585440000,607984
3/30/20,1585526400,724004
3/31/20,1585612800,731749
4/1/20,1585699200,683007
4/2/20,1585785600,720554
4/3/20,1585872000,722688
4/4/20,1585958400,625952
4/5/20,1586044800,614001
4/6/20,1586131200,771300
4/7/20,1586217600,783472
4/8/20,1586304000,830223
4/9/20,1586390400,727502
4/10/20,1586476800,745643
4/11/20,1586563200,680523
4/12/20,1586649600,678530
4/13/20,1586736000,744306
4/14/20,1586822400,813972
4/15/20,1586908800,792152
4/16/20,1586995200,790334
4/17/20,1587081600,785639
4/18/20,1587168000,783111
4/19/20,1587254400,741675
4/20/20,1587340800,828885
4/21/20,1587427200,812963
4/22/20,1587513600,790519
4/23/20,1587600000,826397
4/24/20,1587686400,846807
4/25/20,1587772800,792299
4/26/20,1587859200,801949
4/27/20,1587945600,841193
4/28/20,1588032000,838453
4/29/20,1588118400,897881
4/30/20,1588204800,899459
5/1/20,1588291200,827138
5/2/20,1588377600,765990
5/3/20,1588464000,789689
5/4/20,1588550400,774035
5/5/20,1588636800,785518
5/6/20,1588723200,833506
5/7/20,1588809600,877129
5/8/20,1588896000,887756
5/9/20,1588982400,894382
5/10/20,1589068800,879153
5/11/20,1589155200,887554
5/12/20,1589241600,880678
5/13/20,1589328000,856962
5/14/20,1589414400,820300
5/15/20,1589500800,888691
5/16/20,1589587200,875030
5/17/20,1589673600,808464
5/18/20,1589760000,857645
5/19/20,1589846400,848038
5/20/20,1589932800,855377
5/21/20,1590019200,867704
5/22/20,1590105600,916282
5/23/20,1590192000,868425
5/24/20,1590278400,825755
5/25/20,1590364800,875607
5/26/20,1590451200,916975
5/27/20,1590537600,896217
5/28/20,1590624000,907265
5/29/20,1590710400,949269
5/30/20,1590796800,881950
5/31/20,1590883200,850103
6/1/20,1590969600,929874
6/2/20,1591056000,980902
6/3/20,1591142400,898364
6/4/20,1591228800,930407
6/5/20,1591315200,901995
6/6/20,1591401600,946196
6/7/20,1591488000,943786
6/8/20,1591574400,966206
6/9/20,1591660800,923075
6/10/20,1591747200,939890
6/11/20,1591833600,925331
6/12/20,1591920000,889318
6/13/20,1592006400,833267
6/14/20,1592092800,785017
6/15/20,1592179200,912281
6/16/20,1592265600,904928
6/17/20,1592352000,879736
6/18/20,1592438400,913845
6/19/20,1592524800,945942
6/20/20,1592611200,941415
6/21/20,1592697600,987058
6/22/20,1592784000,1092083
6/23/20,1592870400,1119442
6/24/20,1592956800,1070862
6/25/20,1593043200,1041742
6/26/20,1593129600,1017505
6/27/20,1593216000,1017138
6/28/20,1593302400,997731
6/29/20,1593388800,1056189
6/30/20,1593475200,1111318
7/1/20,1593561600,1044438
7/2/20,1593648000,1039119
7/3/20,1593734400,1022098
7/4/20,1593820800,946287
7/5/20,1593907200,880075
7/6/20,1593993600,1020012
7/7/20,1594080000,1064506
7/8/20,1594166400,1092210
7/9/20,1594252800,1070343
7/10/20,1594339200,1034806
7/11/20,1594425600,982930
7/12/20,1594512000,997960
7/13/20,1594598400,1151834
7/14/20,1594684800,1098661
7/15/20,1594771200,1111360
7/16/20,1594857600,1068620
7/17/20,1594944000,1078101
7/18/20,1595030400,1071509
7/19/20,1595116800,1082448
7/20/20,1595203200,1143700
7/21/20,1595289600,1120095
7/22/20,1595376000,1138040
7/23/20,1595462400,1147143
7/24/20,1595548800,1146282
7/25/20,1595635200,1175506
7/26/20,1595721600,1137893
7/27/20,1595808000,1261456
7/28/20,1595894400,1222353
7/29/20,1595980800,1163851
7/30/20,1596067200,1164479
7/31/20,1596153600,1218838
8/1/20,1596240000,1171566
8/2/20,1596326400,1125886
8/3/20,1596412800,1176793
8/4/20,1596499200,1164208
8/5/20,1596585600,1182699
8/6/20,1596672000,1215885
8/7/20,1596758400,1249695
8/8/20,1596844800,1182406
8/9/20,1596931200,1229151
8/10/20,1597017600,1289980
8/11/20,1597104000,1254244
8/12/20,1597190400,1229214
8/13/20,1597276800,1209139
8/14/20,1597363200,1201546
8/15/20,1597449600,1107833
8/16/20,1597536000,1152369
8/17/20,1597622400,1181976
8/18/20,1597708800,1229256
8/19/20,1597795200,1216891
8/20/20,1597881600,1182994
8/21/20,1597968000,1256752
8/22/20,1598054400,1102479
8/23/20,1598140800,1122524
8/24/20,1598227200,1162182
8/25/20,1598313600,1138199
8/26/20,1598400000,1166218
8/27/20,1598486400,1136576
8/28/20,1598572800,1131912
8/29/20,1598659200,1130992
8/30/20,1598745600,1142415
8/31/20,1598832000,1235856
9/1/20,1598918400,1245701
9/2/20,1599004800,1181212
9/3/20,1599091200,1149636
9/4/20,1599177600,1141207
9/5/20,1599264000,1040906
9/6/20,1599350400,1026667
9/7/20,1599436800,1051480
9/8/20,1599523200,1026700
9/9/20,1599609600,1052603
9/10/20,1599696000,1120964
9/11/20,1599782400,1074413
9/12/20,1599868800,1034584
9/13/20,1599955200,1042047
9/14/20,1600041600,1079688
9/15/20,1600128000,1089837
9/16/20,1600214400,1035013
9/17/20,1600300800,1406016
9/18/20,1600387200,1244808
9/19/20,1600473600,1090001
9/20/20,1600560000,1095309
9/21/20,1600646400,1133662
9/22/20,1600732800,1081497
9/23/20,1600819200,1084100
9/24/20,1600905600,1087537
9/25/20,1600992000,1034790
9/26/20,1601078400,984559
9/27/20,1601164800,966479
9/28/20,1601251200,1080187
9/29/20,1601337600,1088234
9/30/20,1601424000,1079040
10/1/20,1601510400,1018741
10/2/20,1601596800,1002138
10/3/20,1601683200,956528
10/4/20,1601769600,985452
10/5/20,1601856000,1027690
10/6/20,1601942400,1083502
10/7/20,1602028800,1035384
10/8/20,1602115200,1019446
10/9/20,1602201600,1049571
10/10/20,1602288000,1036351
10/11/20,1602374400,1004701
10/12/20,1602460800,1092162
10/13/20,1602547200,1127396
10/14/20,1602633600,1093927
10/15/20,1602720000,1249576
10/16/20,1602806400,1161135
10/17/20,1602892800,1051772
10/18/20,1602979200,995711
10/19/20,1603065600,1128930
10/20/20,1603152000,1105678
10/21/20,1603238400,1159354
10/22/20,1603324800,1189043
10/23/20,1603411200,1132837
10/24/20,1603497600,1012156
10/25/20,1603584000,965206
10/26/20,1603670400,1086139
10/27/20,1603756800,1078466
10/28/20,1603843200,1139608
10/29/20,1603929600,1107849
10/30/20,1604016000,1111013
10/31/20,1604102400,1089587
11/1/20,1604188800,1050753
11/2/20,1604275200,1156870
11/3/20,1604361600,1119359
11/4/20,1604448000,1137324
11/5/20,1604534400,1128431
11/6/20,1604620800,1171971
11/7/20,1604707200,1131722
11/8/20,1604793600,1016465
11/9/20,1604880000,1147695
11/10/20,1604966400,1157455
11/11/20,1605052800,1096582
11/12/20,1605139200,1099253
11/13/20,1605225600,1156377
11/14/20,1605312000,1067063
11/15/20,1605398400,1037428
11/16/20,1605484800,1105512
11/17/20,1605571200,1173012
11/18/20,1605657600,1120798
11/19/20,1605744000,1122748
11/20/20,1605830400,1162871
11/21/20,1605916800,1172183
11/22/20,1606003200,1148006
11/23/20,1606089600,1213632
11/24/20,1606176000,1240072
11/25/20,1606262400,1205924
11/26/20,1606348800,1173330
11/27/20,1606435200,1102889
11/28/20,1606521600,992335
11/29/20,1606608000,993930
11/30/20,1606694400,1183915
12/1/20,1606780800,1172361
12/2/20,1606867200,1071389
12/3/20,1606953600,1114178
12/4/20,1607040000,1134337
12/5/20,1607126400,1055722
12/6/20,1607212800,1034515
12/7/20,1607299200,1102501
12/8/20,1607385600,1149816
12/9/20,1607472000,1150822
12/10/20,1607558400,1092429
12/11/20,1607644800,1122160
12/12/20,1607731200,1092064
12/13/20,1607817600,1142703
12/14/20,1607904000,1241593
12/15/20,1607990400,1215285
12/16/20,1608076800,1261767
12/17/20,1608163200,1342281
12/18/20,1608249600,1193950
12/19/20,1608336000,1162872
12/20/20,1608422400,1074305
12/21/20,1608508800,1146949
12/22/20,1608595200,1147101
12/23/20,1608681600,1254308
12/24/20,1608768000,1142743
12/25/20,1608854400,1140417
12/26/20,1608940800,1139562
12/27/20,1609027200,1177372
12/28/20,1609113600,1256783
12/29/20,1609200000,1206703
12/30/20,1609286400,1227653
12/31/20,1609372800,1163876
1/1/21,1609459200,1136712
1/2/21,1609545600,1170839
1/3/21,1609632000,1234419
1/4/21,1609718400,1275169
1/5/21,1609804800,1258441
1/6/21,1609891200,1280434
1/7/21,1609977600,1298568
1/8/21,1610064000,1288953
1/9/21,1610150400,1231759
1/10/21,1610236800,1210603
1/11/21,1610323200,1280285
1/12/21,1610409600,1165508
1/13/21,1610496000,1126532
1/14/21,1610582400,1184604
1/15/21,1610668800,1227187
1/16/21,1610755200,1193339
1/17/21,1610841600,1133096
1/18/21,1610928000,1217953
1/19/21,1611014400,1252236
1/20/21,1611100800,1213930
1/21/21,1611187200,1178190
1/22/21,1611273600,1182794
1/23/21,1611360000,1140666
1/24/21,1611446400,1117744
1/25/21,1611532800,1207263
1/26/21,1611619200,1194595
1/27/21,1611705600,1140980
1/28/21,1611792000,1190834
1/29/21,1611878400,1293963
1/30/21,1611964800,1218241
1/31/21,1612051200,1244924
2/1/21,1612137600,1300451
2/2/21,1612224000,1302891
2/3/21,1612310400,1314906
2/4/21,1612396800,1309863
2/5/21,1612483200,1316904
2/6/21,1612569600,1227828
2/7/21,1612656000,1230638
2/8/21,1612742400,1275739
2/9/21,1612828800,1327544
2/10/21,1612915200,1320357
2/11/21,1613001600,1270521
2/12/21,1613088000,1290300
2/13/21,1613174400,1252364
2/14/21,1613260800,1206665
2/15/21,1613347200,1210500
2/16/21,1613433600,1217916
2/17/21,1613520000,1258503
2/18/21,1613606400,1298425
2/19/21,1613692800,1323618
2/20/21,1613779200,1337507
2/21/21,1613865600,1233518
2/22/21,1613952000,1312178
2/23/21,1614038400,1302882
2/24/21,1614124800,1285208
2/25/21,1614211200,1232758
2/26/21,1614297600,1236241
2/27/21,1614384000,1202432
2/28/21,1614470400,1179859
3/1/21,1614556800,1185925
3/2/21,1614643200,1240182
3/3/21,1614729600,1235048
3/4/21,1614816000,1234903
3/5/21,1614902400,1208640
3/6/21,1614988800,1160519
3/7/21,1615075200,1180104
3/8/21,1615161600,1216417
3/9/21,1615248000,1275347
3/10/21,1615334400,1256065
3/11/21,1615420800,1284767
3/12/21,1615507200,1325679
3/13/21,1615593600,1293352
3/14/21,1615680000,1277890
3/15/21,1615766400,1321388
3/16/21,1615852800,1308992
3/17/21,1615939200,1272298
3/18/21,1616025600,1299760
3/19/21,1616112000,1291231
3/20/21,1616198400,1262309
3/21/21,1616284800,1206064
3/22/21,1616371200,1307460
3/23/21,1616457600,1298959
3/24/21,1616544000,1309468
3/25/21,1616630400,1349663
3/26/21,1616716800,1265836
3/27/21,1616803200,1230764
3/28/21,1616889600,1211918
3/29/21,1616976000,1269901
3/30/21,1617062400,1300973
3/31/21,1617148800,1354603
4/1/21,1617235200,1368006
4/2/21,1617321600,1358619
4/3/21,1617408000,1293333
4/4/21,1617494400,1197875
4/5/21,1617580800,1296946
4/6/21,1617667200,1335799
4/7/21,1617753600,1293255
4/8/21,1617840000,1284449
4/9/21,1617926400,1300882
4/10/21,1618012800,1315016
4/11/21,1618099200,1256904
4/12/21,1618185600,1347983
4/13/21,1618272000,1350467
4/14/21,1618358400,1386341
4/15/21,1618444800,1197340
4/16/21,1618531200,1426977
4/17/21,1618617600,1453000
4/18/21,1618704000,1396766
4/19/21,1618790400,1476842
4/20/21,1618876800,1555560
4/21/21,1618963200,1565355
4/22/21,1619049600,1577266
4/23/21,1619136000,1537100
4/24/21,1619222400,1389103
4/25/21,1619308800,1389350
4/26/21,1619395200,1448466
4/27/21,1619481600,1448293
4/28/21,1619568000,1517604
4/29/21,1619654400,1530717
4/30/21,1619740800,1441230
5/1/21,1619827200,1427568
5/2/21,1619913600,1417458
5/3/21,1620000000,1488804
5/4/21,1620086400,1536119
5/5/21,1620172800,1518877
5/6/21,1620259200,1532197
5/7/21,1620345600,1527890
5/8/21,1620432000,1710882
5/9/21,1620518400,1716600
5/10/21,1620604800,1716489
5/11/21,1620691200,1716051
5/12/21,1620777600,1624077
5/13/21,1620864000,1588560
5/14/21,1620950400,1531689
5/15/21,1621036800,1472680
5/16/21,1621123200,1425115
5/17/21,1621209600,1446627
5/18/21,1621296000,1425053
5/19/21,1621382400,1461174
5/20/21,1621468800,1459146
5/21/21,1621555200,1367394
5/22/21,1621641600,1283663
5/23/21,1621728000,1264253
5/24/21,1621814400,1312739
5/25/21,1621900800,1289446
5/26/21,1621987200,1326432
5/27/21,1622073600,1291385
5/28/21,1622160000,1305078
5/29/21,1622246400,1293425
5/30/21,1622332800,1280282
5/31/21,1622419200,1297889
6/1/21,1622505600,1274354
6/2/21,1622592000,1314178
6/3/21,1622678400,1337711
6/4/21,1622764800,1301803
6/5/21,1622851200,1176676
6/6/21,1622937600,1134526
6/7/21,1623024000,1225549
6/8/21,1623110400,1221063
6/9/21,1623196800,1194275
6/10/21,1623283200,1188556
6/11/21,1623369600,1183286
6/12/21,1623456000,1131777
6/13/21,1623542400,1124736
6/14/21,1623628800,1188556
6/15/21,1623715200,1224101
6/16/21,1623801600,1201109
6/17/21,1623888000,1218956
6/18/21,1623974400,1170182
6/19/21,1624060800,1050189
6/20/21,1624147200,1057288
6/21/21,1624233600,1209567
6/22/21,1624320000,1297644
6/23/21,1624406400,1201974
6/24/21,1624492800,1207012
6/25/21,1624579200,1227331
6/26/21,1624665600,1150460
6/27/21,1624752000,1104703
6/28/21,1624838400,1404100
6/29/21,1624924800,1264320
6/30/21,1625011200,1212214
7/1/21,1625097600,1211710
7/2/21,1625184000,1181574
7/3/21,1625270400,1122543
7/4/21,1625356800,1105343
7/5/21,1625443200,1147895
7/6/21,1625529600,1355421
7/7/21,1625616000,1290979
7/8/21,1625702400,1262627
7/9/21,1625788800,1223691
7/10/21,1625875200,1139265
7/11/21,1625961600,1101766
7/12/21,1626048000,1191465
7/13/21,1626134400,1183412
7/14/21,1626220800,1223130
7/15/21,1626307200,1259972
7/16/21,1626393600,1199018
7/17/21,1626480000,1164624
7/18/21,1626566400,1168843
7/19/21,1626652800,1195218
7/20/21,1626739200,1192750
7/21/21,1626825600,1195171
7/22/21,1626912000,1202844
7/23/21,1626998400,1203397
7/24/21,1627084800,1225509
7/25/21,1627171200,1128848
7/26/21,1627257600,1260619
7/27/21,1627344000,1318124
7/28/21,1627430400,1300283
7/29/21,1627516800,1259128
7/30/21,1627603200,1242337
7/31/21,1627689600,1212322
8/1/21,1627776000,1190618
8/2/21,1627862400,1269470
8/3/21,1627948800,1219663
8/4/21,1628035200,1223841
8/5/21,1628121600,1159663
8/6/21,1628208000,1212021
8/7/21,1628294400,1198433
8/8/21,1628380800,1184278
8/9/21,1628467200,1218594
8/10/21,1628553600,1212289
8/11/21,1628640000,1234409
8/12/21,1628726400,1195283
8/13/21,1628812800,1197050
8/14/21,1628899200,1159942
8/15/21,1628985600,1125295
8/16/21,1629072000,1253968
8/17/21,1629158400,1252163
8/18/21,1629244800,1201544
8/19/21,1629331200,1255453
8/20/21,1629417600,1260054
8/21/21,1629504000,1186758
8/22/21,1629590400,1183893
8/23/21,1629676800,1245624
8/24/21,1629763200,1247051
8/25/21,1629849600,1184780
8/26/21,1629936000,1175063
8/27/21,1630022400,1119072
8/28/21,1630108800,1131721
8/29/21,1630195200,1147150
8/30/21,1630281600,1198993
8/31/21,1630368000,1206314
9/1/21,1630454400,1225104
9/2/21,1630540800,1261258
9/3/21,1630627200,1198777
9/4/21,1630713600,1189085
9/5/21,1630800000,1136467
9/6/21,1630886400,1206493
9/7/21,1630972800,1308071
9/8/21,1631059200,1178449
9/9/21,1631145600,1219850
9/10/21,1631232000,1244706
9/11/21,1631318400,1249438
9/12/21,1631404800,1211328
9/13/21,1631491200,1267491
9/14/21,1631577600,1231240
9/15/21,1631664000,1207590
9/16/21,1631750400,1224358
9/17/21,1631836800,1187578
9/18/21,1631923200,1143178
9/19/21,1632009600,1128226
9/20/21,1632096000,1174559
9/21/21,1632182400,1193295
9/22/21,1632268800,1174030
9/23/21,1632355200,1193053
9/24/21,1632441600,1152685
9/25/21,1632528000,1121078
9/26/21,1632614400,1088537
9/27/21,1632700800,1133903
9/28/21,1632787200,1108122
9/29/21,1632873600,1135869
9/30/21,1632960000,1116157
10/1/21,1633046400,1207263
10/2/21,1633132800,1117899
10/3/21,1633219200,1130224
10/4/21,1633305600,1121513
10/5/21,1633392000,1235674
10/6/21,1633478400,1337833
10/7/21,1633564800,1344295
10/8/21,1633651200,1287034
10/9/21,1633737600,1191856
10/10/21,1633824000,1137901
10/11/21,1633910400,1183486
10/12/21,1633996800,1203566
10/13/21,1634083200,1189854
10/14/21,1634169600,1227097
10/15/21,1634256000,1302993
10/16/21,1634342400,1181031
10/17/21,1634428800,1144184
10/18/21,1634515200,1197673
10/19/21,1634601600,1243503
10/20/21,1634688000,1259885
10/21/21,1634774400,1277275
10/22/21,1634860800,1256044
10/23/21,1634947200,1235169
10/24/21,1635033600,1261312
10/25/21,1635120000,1299495
10/26/21,1635206400,1344772
10/27/21,1635292800,1370504
10/28/21,1635379200,1510502
10/29/21,1635465600,1456333
10/30/21,1635552000,1379095
10/31/21,1635638400,1304184
11/1/21,1635724800,1341733
11/2/21,1635811200,1395656
11/3/21,1635897600,1417221
11/4/21,1635984000,1352186
11/5/21,1636070400,1339661
11/6/21,1636156800,1255921
11/7/21,1636243200,1276998
11/8/21,1636329600,1329018
11/9/21,1636416000,1334145
11/10/21,1636502400,1390746
11/11/21,1636588800,1347643
11/12/21,1636675200,1345131
11/13/21,1636761600,1300464
11/14/21,1636848000,1275744
11/15/21,1636934400,1289636
11/16/21,1637020800,1310153
11/17/21,1637107200,1353219
11/18/21,1637193600,1284250
11/19/21,1637280000,1255788
11/20/21,1637366400,1160128
11/21/21,1637452800,1260939
11/22/21,1637539200,1221508
11/23/21,1637625600,1264994
11/24/21,1637712000,1342491
11/25/21,1637798400,1301578
11/26/21,1637884800,1297524
11/27/21,1637971200,1213284
11/28/21,1638057600,1135653
11/29/21,1638144000,1247688
11/30/21,1638230400,1280926
12/1/21,1638316800,1221643
12/2/21,1638403200,1265286
12/3/21,1638489600,1211488
12/4/21,1638576000,1235697
12/5/21,1638662400,1386491
12/6/21,1638748800,1244773
12/7/21,1638835200,1224771
12/8/21,1638921600,1296307
12/9/21,1639008000,1251338
12/10/21,1639094400,1237735
12/11/21,1639180800,1199384
12/12/21,1639267200,1181898
12/13/21,1639353600,1242978
12/14/21,1639440000,1214900
12/15/21,1639526400,1258462
12/16/21,1639612800,1155456
12/17/21,1639699200,1270355
12/18/21,1639785600,1159873
12/19/21,1639872000,1137581
12/20/21,1639958400,1201239
12/21/21,1640044800,1203638
12/22/21,1640131200,1233315
12/23/21,1640217600,1245242
12/24/21,1640304000,1298329
12/25/21,1640390400,1299519
12/26/21,1640476800,1206942
12/27/21,1640563200,1252037
12/28/21,1640649600,1241032
12/29/21,1640736000,1252468
12/30/21,1640822400,1255688
12/31/21,1640908800,1214585
1/1/22,1640995200,1180989
1/2/22,1641081600,1158900
1/3/22,1641168000,1209173
1/4/22,1641254400,1221316
1/5/22,1641340800,1249628
1/6/22,1641427200,1212495
1/7/22,1641513600,1188490
1/8/22,1641600000,1183873
1/9/22,1641686400,1108322
1/10/22,1641772800,1233195
1/11/22,1641859200,1277649
1/12/22,1641945600,1283346
1/13/22,1642032000,1282921
1/14/22,1642118400,1218460
1/15/22,1642204800,1174849
1/16/22,1642291200,1162954
1/17/22,1642377600,1198719
1/18/22,1642464000,1169526
1/19/22,1642550400,1223143
1/20/22,1642636800,1190018
1/21/22,1642723200,1189898
1/22/22,1642809600,1204920
1/23/22,1642896000,1077884
1/24/22,1642982400,1147109
1/25/22,1643068800,1177640
1/26/22,1643155200,1146116
1/27/22,1643241600,1133684
1/28/22,1643328000,1137559
1/29/22,1643414400,1147157
1/30/22,1643500800,1183850
1/31/22,1643587200,1177345
2/1/22,1643673600,1173199
2/2/22,1643760000,1152665
2/3/22,1643846400,1111215
2/4/22,1643932800,1168994
2/5/22,1644019200,1235023
2/6/22,1644105600,1173884
2/7/22,1644192000,1163338
2/8/22,1644278400,1180780
2/9/22,1644364800,1205889
2/10/22,1644451200,1205676
2/11/22,1644537600,1183966
2/12/22,1644624000,1114648
2/13/22,1644710400,1115296
2/14/22,1644796800,1147522
2/15/22,1644883200,1192633
2/16/22,1644969600,1194693
2/17/22,1645056000,1141997
2/18/22,1645142400,1252754
2/19/22,1645228800,1150162
2/20/22,1645315200,1343869
2/21/22,1645401600,1134349
2/22/22,1645488000,1129213
2/23/22,1645574400,1147632
2/24/22,1645660800,1181182
2/25/22,1645747200,1137898
2/26/22,1645833600,1167802
2/27/22,1645920000,1125065
2/28/22,1646006400,1108112
3/1/22,1646092800,1161564
3/2/22,1646179200,1191369
3/3/22,1646265600,1167187
3/4/22,1646352000,1167450
3/5/22,1646438400,1077981
3/6/22,1646524800,1123245
3/7/22,1646611200,1174568
3/8/22,1646697600,1195626
3/9/22,1646784000,1178322
3/10/22,1646870400,1229591
3/11/22,1646956800,1119334
3/12/22,1647043200,1120627
3/13/22,1647129600,1041827
3/14/22,1647216000,1097913
3/15/22,1647302400,1190207
3/16/22,1647388800,1236011
3/17/22,1647475200,1174532
3/18/22,1647561600,1265944
3/19/22,1647648000,1127607
3/20/22,1647734400,1119066
3/21/22,1647820800,1162829
3/22/22,1647907200,1220571
3/23/22,1647993600,1164437
3/24/22,1648080000,1151969
3/25/22,1648166400,1146814
3/26/22,1648252800,1123878
3/27/22,1648339200,1122675
3/28/22,1648425600,1218023
3/29/22,1648512000,1199899
3/30/22,1648598400,1152200
3/31/22,1648684800,1167121
4/1/22,1648771200,1159493
4/2/22,1648857600,1094668
4/3/22,1648944000,1060779
4/4/22,1649030400,1105170
4/5/22,1649116800,1087129
4/6/22,1649203200,1127174
4/7/22,1649289600,1127793
4/8/22,1649376000,1104419
4/9/22,1649462400,1085399
4/10/22,1649548800,1104239
4/11/22,1649635200,1113264
4/12/22,1649721600,1112524
4/13/22,1649808000,1067983
4/14/22,1649894400,1117285
4/15/22,1649980800,1110994
4/16/22,1650067200,1059286
4/17/22,1650153600,1043251
4/18/22,1650240000,1103439
4/19/22,1650326400,1214496
4/20/22,1650412800,1241534
4/21/22,1650499200,1119925
4/22/22,1650585600,1144822
4/23/22,1650672000,1051478
4/24/22,1650758400,1071778
4/25/22,1650844800,1149227
4/26/22,1650931200,1125250
4/27/22,1651017600,1161504
4/28/22,1651104000,1155514
4/29/22,1651190400,1168081
4/30/22,1651276800,1211671
5/1/22,1651363200,1154787
5/2/22,1651449600,1112065
5/3/22,1651536000,1077506
5/4/22,1651622400,1102254
5/5/22,1651708800,1187804
5/6/22,1651795200,1116562
5/7/22,1651881600,1051489
5/8/22,1651968000,1087198
5/9/22,1652054400,1158340
5/10/22,1652140800,1202934
5/11/22,1652227200,1210708
5/12/22,1652313600,1327755
5/13/22,1652400000,1342405
5/14/22,1652486400,1139785
5/15/22,1652572800,1089441
5/16/22,1652659200,1124352
5/17/22,1652745600,1135718
5/18/22,1652832000,1177913
5/19/22,1652918400,1093367
5/20/22,1653004800,1112811
5/21/22,1653091200,1094539
5/22/22,1653177600,1055644
5/23/22,1653264000,1085863
5/24/22,1653350400,1100715
5/25/22,1653436800,1094639
5/26/22,1653523200,1071180
5/27/22,1653609600,1093469
5/28/22,1653696000,1069802
5/29/22,1653782400,1065407
5/30/22,1653868800,1070320
5/31/22,1653955200,1149142
6/1/22,1654041600,1091260
6/2/22,1654128000,1092776
6/3/22,1654214400,1067485
6/4/22,1654300800,1029121
6/5/22,1654387200,1007109
6/6/22,1654473600,1044319
6/7/22,1654560000,1050984
6/8/22,1654646400,1042749
6/9/22,1654732800,1022462
6/10/22,1654819200,1079448
6/11/22,1654905600,1031618
6/12/22,1654992000,1021635
6/13/22,1655078400,1109435
6/14/22,1655164800,1086757
6/15/22,1655251200,1097000
6/16/22,1655337600,1100312
6/17/22,1655424000,1110579
6/18/22,1655510400,1058336
6/19/22,1655596800,1018674
6/20/22,1655683200,1042748
6/21/22,1655769600,1012862
6/22/22,1655856000,988683
6/23/22,1655942400,967965
6/24/22,1656028800,1019472
6/25/22,1656115200,939290
6/26/22,1656201600,919721
6/27/22,1656288000,994102
6/28/22,1656374400,976577
6/29/22,1656460800,1005558
6/30/22,1656547200,1054433
7/1/22,1656633600,1178620
7/2/22,1656720000,1189382
7/3/22,1656806400,1157052
7/4/22,1656892800,1151999
7/5/22,1656979200,1182504
7/6/22,1657065600,1161432
7/7/22,1657152000,1194330
7/8/22,1657238400,1192819
7/9/22,1657324800,1170747
7/10/22,1657411200,1148695
7/11/22,1657497600,1146369
7/12/22,1657584000,1135896
7/13/22,1657670400,1174882
7/14/22,1657756800,1189567
7/15/22,1657843200,1217596
7/16/22,1657929600,1241502
7/17/22,1658016000,1245545
7/18/22,1658102400,1213565
7/19/22,1658188800,1175526
7/20/22,1658275200,1191452
7/21/22,1658361600,1204397
7/22/22,1658448000,1201699
7/23/22,1658534400,1144468
7/24/22,1658620800,1122303
7/25/22,1658707200,1275861
7/26/22,1658793600,1679068
7/27/22,1658880000,1197448
7/28/22,1658966400,1158182
7/29/22,1659052800,1192330
7/30/22,1659139200,1179749
7/31/22,1659225600,1158621
8/1/22,1659312000,1342202
8/2/22,1659398400,1206185
8/3/22,1659484800,1250888
8/4/22,1659571200,1458612
8/5/22,1659657600,1207188
8/6/22,1659744000,1148225
8/7/22,1659830400,1166932
8/8/22,1659916800,1167115
8/9/22,1660003200,1125139
8/10/22,1660089600,1160380
8/11/22,1660176000,1098707
8/12/22,1660262400,1130848
8/13/22,1660348800,1106236
8/14/22,1660435200,1102367
8/15/22,1660521600,1104408
8/16/22,1660608000,1086312
8/17/22,1660694400,1099261
8/18/22,1660780800,1117868
8/19/22,1660867200,1093309
8/20/22,1660953600,1096088
8/21/22,1661040000,1077250
8/22/22,1661126400,1059940
8/23/22,1661212800,1075718
8/24/22,1661299200,1043820
8/25/22,1661385600,1074563
8/26/22,1661472000,1057768
8/27/22,1661558400,1047949
8/28/22,1661644800,1025044
8/29/22,1661731200,1083202
8/30/22,1661817600,1051964
8/31/22,1661904000,1035135
9/1/22,1661990400,1085160
9/2/22,1662076800,1083220
9/3/22,1662163200,1035586
9/4/22,1662249600,1113119
9/5/22,1662336000,1091350
9/6/22,1662422400,1076929
9/7/22,1662508800,1068296
9/8/22,1662595200,1078689
9/9/22,1662681600,1093966
9/10/22,1662768000,998158
9/11/22,1662854400,1024482
9/12/22,1662940800,1068969
9/13/22,1663027200,1093205
9/14/22,1663113600,1109172
9/15/22,1663200000,1265640
9/16/22,1663286400,1311849
9/17/22,1663372800,1322077
9/18/22,1663459200,1156893
9/19/22,1663545600,1138210
9/20/22,1663632000,1149031