Date(UTC),UnixTimeStamp,Block Count,Block Size,Block Time,Month,Year,,,,,,,
4/24/20,1587686400,17262,758,5.01,April,2020,,,,,,,
4/25/20,1587772800,17244,731,5.01,April,2020,,,,Row Labels,Average of Block Count,Average of Block Time,Average of Block Size
4/26/20,1587859200,17204,732,5.02,April,2020,,,,2020,17278.18254,5.000198413,826.1071429
4/27/20,1587945600,17279,732,5,April,2020,,,,April,17261.14286,5.005714286,735.4285714
4/28/20,1588032000,17280,732,5,April,2020,,,,May,17279,5,755.483871
4/29/20,1588118400,17280,731,5,April,2020,,,,June,17279.36667,5,775.7666667
4/30/20,1588204800,17279,732,5,April,2020,,,,July,17278.87097,5,807.8387097
5/1/20,1588291200,17280,981,5,May,2020,,,,August,17278.19355,5,835.5806452
5/2/20,1588377600,17280,733,5,May,2020,,,,September,17278.2,5.000333333,859.0666667
5/3/20,1588464000,17280,733,5,May,2020,,,,October,17278.58065,5,871.6451613
5/4/20,1588550400,17280,732,5,May,2020,,,,November,17279.46667,5,831.2333333
5/5/20,1588636800,17280,734,5,May,2020,,,,December,17277.70968,5,892.3225806
5/6/20,1588723200,17280,736,5,May,2020,,,,2021,17278.48767,5.000136986,8542.534247
5/7/20,1588809600,17280,734,5,May,2020,,,,January,17278.48387,5,1057.225806
5/8/20,1588896000,17280,734,5,May,2020,,,,February,17278.21429,5,1059.535714
5/9/20,1588982400,17280,736,5,May,2020,,,,March,17278.41935,5,1078.677419
5/10/20,1589068800,17280,736,5,May,2020,,,,April,17277.66667,5,2777.633333
5/11/20,1589155200,17280,736,5,May,2020,,,,May,17279.22581,5,1800.935484
5/12/20,1589241600,17280,737,5,May,2020,,,,June,17279.73333,5,1289.966667
5/13/20,1589328000,17279,737,5,May,2020,,,,July,17279.70968,5,4069.677419
5/14/20,1589414400,17280,739,5,May,2020,,,,August,17279.35484,5.000322581,12361.06452
5/15/20,1589500800,17271,740,5,May,2020,,,,September,17279.8,5,16115.1
5/16/20,1589587200,17277,872,5,May,2020,,,,October,17278.64516,5,18940.74194
5/17/20,1589673600,17280,741,5,May,2020,,,,November,17274.4,5.001333333,21422.23333
5/18/20,1589760000,17275,742,5,May,2020,,,,December,17278.09677,5,20053.29032
5/19/20,1589846400,17280,742,5,May,2020,,,,2022,17179.2446,200.6010432,10481.61151
5/20/20,1589932800,17280,741,5,May,2020,,,,January,17277.83871,5,12347.64516
5/21/20,1590019200,17280,831,5,May,2020,,,,February,17279.17857,5,8352.25
5/22/20,1590105600,17280,740,5,May,2020,,,,March,16960.32258,1218.598065,5977
5/23/20,1590192000,17277,739,5,May,2020,,,,April,17279.6,5,6461.633333
5/24/20,1590278400,17280,739,5,May,2020,,,,May,17277.45161,5.000645161,9760.16129
5/25/20,1590364800,17280,740,5,May,2020,,,,June,17279.03333,5,7300.8
5/26/20,1590451200,17280,741,5,May,2020,,,,July,16703.90323,545.5009677,21840.29032
5/27/20,1590537600,17272,739,5,May,2020,,,,August,17279.64516,5,10408.3871
5/28/20,1590624000,17278,818,5,May,2020,,,,September,17279.4,5,11394.33333
5/29/20,1590710400,17280,739,5,May,2020,,,,October,17279.6,5,10996.8
5/30/20,1590796800,17280,739,5,May,2020,,,,Grand Total,17247.57542,65.75663687,6972.169832
5/31/20,1590883200,17280,739,5,May,2020,,,,,,,
6/1/20,1590969600,17275,739,5,June,2020,,,,,,,
6/2/20,1591056000,17277,739,5,June,2020,,,,,,,
6/3/20,1591142400,17279,739,5,June,2020,,,,,,,
6/4/20,1591228800,17280,739,5,June,2020,,,,,,,
6/5/20,1591315200,17280,739,5,June,2020,,,,,,,
6/6/20,1591401600,17280,739,5,June,2020,,,,,,,
6/7/20,1591488000,17279,739,5,June,2020,,,,,,,
6/8/20,1591574400,17280,739,5,June,2020,,,,,,,
6/9/20,1591660800,17280,741,5,June,2020,,,,,,,
6/10/20,1591747200,17279,739,5,June,2020,,,,,,,
6/11/20,1591833600,17276,738,5,June,2020,,,,,,,
6/12/20,1591920000,17280,739,5,June,2020,,,,,,,
6/13/20,1592006400,17279,881,5,June,2020,,,,,,,
6/14/20,1592092800,17280,790,5,June,2020,,,,,,,
6/15/20,1592179200,17280,793,5,June,2020,,,,,,,
6/16/20,1592265600,17280,792,5,June,2020,,,,,,,
6/17/20,1592352000,17280,791,5,June,2020,,,,,,,
6/18/20,1592438400,17280,788,5,June,2020,,,,,,,
6/19/20,1592524800,17280,795,5,June,2020,,,,,,,
6/20/20,1592611200,17280,792,5,June,2020,,,,,,,
6/21/20,1592697600,17280,794,5,June,2020,,,,,,,
6/22/20,1592784000,17279,793,5,June,2020,,,,,,,
6/23/20,1592870400,17280,790,5,June,2020,,,,,,,
6/24/20,1592956800,17280,791,5,June,2020,,,,,,,
6/25/20,1593043200,17279,792,5,June,2020,,,,,,,
6/26/20,1593129600,17280,792,5,June,2020,,,,,,,
6/27/20,1593216000,17280,792,5,June,2020,,,,,,,
6/28/20,1593302400,17280,808,5,June,2020,,,,,,,
6/29/20,1593388800,17280,819,5,June,2020,,,,,,,
6/30/20,1593475200,17279,811,5,June,2020,,,,,,,
7/1/20,1593561600,17279,808,5,July,2020,,,,,,,
7/2/20,1593648000,17280,804,5,July,2020,,,,,,,
7/3/20,1593734400,17280,800,5,July,2020,,,,,,,
7/4/20,1593820800,17280,798,5,July,2020,,,,,,,
7/5/20,1593907200,17270,799,5,July,2020,,,,,,,
7/6/20,1593993600,17280,803,5,July,2020,,,,,,,
7/7/20,1594080000,17279,803,5,July,2020,,,,,,,
7/8/20,1594166400,17279,844,5,July,2020,,,,,,,
7/9/20,1594252800,17280,825,5,July,2020,,,,,,,
7/10/20,1594339200,17278,812,5,July,2020,,,,,,,
7/11/20,1594425600,17280,819,5,July,2020,,,,,,,
7/12/20,1594512000,17267,818,5,July,2020,,,,,,,
7/13/20,1594598400,17279,809,5,July,2020,,,,,,,
7/14/20,1594684800,17278,800,5,July,2020,,,,,,,
7/15/20,1594771200,17280,854,5,July,2020,,,,,,,
7/16/20,1594857600,17279,803,5,July,2020,,,,,,,
7/17/20,1594944000,17280,806,5,July,2020,,,,,,,
7/18/20,1595030400,17280,803,5,July,2020,,,,,,,
7/19/20,1595116800,17280,803,5,July,2020,,,,,,,
7/20/20,1595203200,17279,802,5,July,2020,,,,,,,
7/21/20,1595289600,17280,803,5,July,2020,,,,,,,
7/22/20,1595376000,17280,802,5,July,2020,,,,,,,
7/23/20,1595462400,17280,801,5,July,2020,,,,,,,
7/24/20,1595548800,17280,803,5,July,2020,,,,,,,
7/25/20,1595635200,17280,800,5,July,2020,,,,,,,
7/26/20,1595721600,17280,801,5,July,2020,,,,,,,
7/27/20,1595808000,17280,802,5,July,2020,,,,,,,
7/28/20,1595894400,17280,803,5,July,2020,,,,,,,
7/29/20,1595980800,17278,801,5,July,2020,,,,,,,
7/30/20,1596067200,17280,808,5,July,2020,,,,,,,
7/31/20,1596153600,17280,806,5,July,2020,,,,,,,
8/1/20,1596240000,17280,832,5,August,2020,,,,,,,
8/2/20,1596326400,17280,838,5,August,2020,,,,,,,
8/3/20,1596412800,17279,834,5,August,2020,,,,,,,
8/4/20,1596499200,17280,888,5,August,2020,,,,,,,
8/5/20,1596585600,17275,840,5,August,2020,,,,,,,
8/6/20,1596672000,17273,891,5,August,2020,,,,,,,
8/7/20,1596758400,17280,806,5,August,2020,,,,,,,
8/8/20,1596844800,17280,805,5,August,2020,,,,,,,
8/9/20,1596931200,17279,803,5,August,2020,,,,,,,
8/10/20,1597017600,17280,806,5,August,2020,,,,,,,
8/11/20,1597104000,17263,829,5,August,2020,,,,,,,
8/12/20,1597190400,17280,892,5,August,2020,,,,,,,
8/13/20,1597276800,17279,887,5,August,2020,,,,,,,
8/14/20,1597363200,17280,900,5,August,2020,,,,,,,
8/15/20,1597449600,17279,861,5,August,2020,,,,,,,
8/16/20,1597536000,17278,820,5,August,2020,,,,,,,
8/17/20,1597622400,17280,825,5,August,2020,,,,,,,
8/18/20,1597708800,17279,832,5,August,2020,,,,,,,
8/19/20,1597795200,17280,818,5,August,2020,,,,,,,
8/20/20,1597881600,17280,806,5,August,2020,,,,,,,
8/21/20,1597968000,17280,818,5,August,2020,,,,,,,
8/22/20,1598054400,17280,815,5,August,2020,,,,,,,
8/23/20,1598140800,17280,810,5,August,2020,,,,,,,
8/24/20,1598227200,17273,808,5,August,2020,,,,,,,
8/25/20,1598313600,17274,813,5,August,2020,,,,,,,
8/26/20,1598400000,17279,838,5,August,2020,,,,,,,
8/27/20,1598486400,17279,873,5,August,2020,,,,,,,
8/28/20,1598572800,17277,848,5,August,2020,,,,,,,
8/29/20,1598659200,17279,850,5,August,2020,,,,,,,
8/30/20,1598745600,17279,808,5,August,2020,,,,,,,
8/31/20,1598832000,17280,809,5,August,2020,,,,,,,
9/1/20,1598918400,17276,820,5,September,2020,,,,,,,
9/2/20,1599004800,17280,839,5,September,2020,,,,,,,
9/3/20,1599091200,17280,855,5,September,2020,,,,,,,
9/4/20,1599177600,17280,888,5,September,2020,,,,,,,
9/5/20,1599264000,17280,849,5,September,2020,,,,,,,
9/6/20,1599350400,17280,829,5,September,2020,,,,,,,
9/7/20,1599436800,17276,817,5,September,2020,,,,,,,
9/8/20,1599523200,17270,817,5,September,2020,,,,,,,
9/9/20,1599609600,17280,842,5,September,2020,,,,,,,
9/10/20,1599696000,17280,814,5,September,2020,,,,,,,
9/11/20,1599782400,17280,811,5,September,2020,,,,,,,
9/12/20,1599868800,17279,812,5,September,2020,,,,,,,
9/13/20,1599955200,17280,807,5,September,2020,,,,,,,
9/14/20,1600041600,17280,827,5,September,2020,,,,,,,
9/15/20,1600128000,17280,894,5,September,2020,,,,,,,
9/16/20,1600214400,17280,881,5,September,2020,,,,,,,
9/17/20,1600300800,17280,929,5,September,2020,,,,,,,
9/18/20,1600387200,17280,901,5,September,2020,,,,,,,
9/19/20,1600473600,17276,897,5,September,2020,,,,,,,
9/20/20,1600560000,17280,908,5,September,2020,,,,,,,
9/21/20,1600646400,17279,949,5,September,2020,,,,,,,
9/22/20,1600732800,17260,917,5.01,September,2020,,,,,,,
9/23/20,1600819200,17274,818,5,September,2020,,,,,,,
9/24/20,1600905600,17277,843,5,September,2020,,,,,,,
9/25/20,1600992000,17280,889,5,September,2020,,,,,,,
9/26/20,1601078400,17279,837,5,September,2020,,,,,,,
9/27/20,1601164800,17280,885,5,September,2020,,,,,,,
9/28/20,1601251200,17280,860,5,September,2020,,,,,,,
9/29/20,1601337600,17280,837,5,September,2020,,,,,,,
9/30/20,1601424000,17280,900,5,September,2020,,,,,,,
10/1/20,1601510400,17275,988,5,October,2020,,,,,,,
10/2/20,1601596800,17280,972,5,October,2020,,,,,,,
10/3/20,1601683200,17280,898,5,October,2020,,,,,,,
10/4/20,1601769600,17275,889,5,October,2020,,,,,,,
10/5/20,1601856000,17280,892,5,October,2020,,,,,,,
10/6/20,1601942400,17280,882,5,October,2020,,,,,,,
10/7/20,1602028800,17280,842,5,October,2020,,,,,,,
10/8/20,1602115200,17278,836,5,October,2020,,,,,,,
10/9/20,1602201600,17279,908,5,October,2020,,,,,,,
10/10/20,1602288000,17280,897,5,October,2020,,,,,,,
10/11/20,1602374400,17280,903,5,October,2020,,,,,,,
10/12/20,1602460800,17280,895,5,October,2020,,,,,,,
10/13/20,1602547200,17280,844,5,October,2020,,,,,,,
10/14/20,1602633600,17280,920,5,October,2020,,,,,,,
10/15/20,1602720000,17277,946,5,October,2020,,,,,,,
10/16/20,1602806400,17280,915,5,October,2020,,,,,,,
10/17/20,1602892800,17280,850,5,October,2020,,,,,,,
10/18/20,1602979200,17278,887,5,October,2020,,,,,,,
10/19/20,1603065600,17279,847,5,October,2020,,,,,,,
10/20/20,1603152000,17280,860,5,October,2020,,,,,,,
10/21/20,1603238400,17280,885,5,October,2020,,,,,,,
10/22/20,1603324800,17279,904,5,October,2020,,,,,,,
10/23/20,1603411200,17280,860,5,October,2020,,,,,,,
10/24/20,1603497600,17276,805,5,October,2020,,,,,,,
10/25/20,1603584000,17275,807,5,October,2020,,,,,,,
10/26/20,1603670400,17276,810,5,October,2020,,,,,,,
10/27/20,1603756800,17280,813,5,October,2020,,,,,,,
10/28/20,1603843200,17275,816,5,October,2020,,,,,,,
10/29/20,1603929600,17275,818,5,October,2020,,,,,,,
10/30/20,1604016000,17279,818,5,October,2020,,,,,,,
10/31/20,1604102400,17280,814,5,October,2020,,,,,,,
11/1/20,1604188800,17280,814,5,November,2020,,,,,,,
11/2/20,1604275200,17280,814,5,November,2020,,,,,,,
11/3/20,1604361600,17279,815,5,November,2020,,,,,,,
11/4/20,1604448000,17280,817,5,November,2020,,,,,,,
11/5/20,1604534400,17279,816,5,November,2020,,,,,,,
11/6/20,1604620800,17280,840,5,November,2020,,,,,,,
11/7/20,1604707200,17280,823,5,November,2020,,,,,,,
11/8/20,1604793600,17280,810,5,November,2020,,,,,,,
11/9/20,1604880000,17280,822,5,November,2020,,,,,,,
11/10/20,1604966400,17279,940,5,November,2020,,,,,,,
11/11/20,1605052800,17280,893,5,November,2020,,,,,,,
11/12/20,1605139200,17276,826,5,November,2020,,,,,,,
11/13/20,1605225600,17276,827,5,November,2020,,,,,,,
11/14/20,1605312000,17280,811,5,November,2020,,,,,,,
11/15/20,1605398400,17279,808,5,November,2020,,,,,,,
11/16/20,1605484800,17279,815,5,November,2020,,,,,,,
11/17/20,1605571200,17280,812,5,November,2020,,,,,,,
11/18/20,1605657600,17279,811,5,November,2020,,,,,,,
11/19/20,1605744000,17280,808,5,November,2020,,,,,,,
11/20/20,1605830400,17279,808,5,November,2020,,,,,,,
11/21/20,1605916800,17280,833,5,November,2020,,,,,,,
11/22/20,1606003200,17280,912,5,November,2020,,,,,,,
11/23/20,1606089600,17280,855,5,November,2020,,,,,,,
11/24/20,1606176000,17280,832,5,November,2020,,,,,,,
11/25/20,1606262400,17280,834,5,November,2020,,,,,,,
11/26/20,1606348800,17280,849,5,November,2020,,,,,,,
11/27/20,1606435200,17280,826,5,November,2020,,,,,,,
11/28/20,1606521600,17280,824,5,November,2020,,,,,,,
11/29/20,1606608000,17280,821,5,November,2020,,,,,,,
11/30/20,1606694400,17279,821,5,November,2020,,,,,,,
12/1/20,1606780800,17279,824,5,December,2020,,,,,,,
12/2/20,1606867200,17276,827,5,December,2020,,,,,,,
12/3/20,1606953600,17280,822,5,December,2020,,,,,,,
12/4/20,1607040000,17280,820,5,December,2020,,,,,,,
12/5/20,1607126400,17280,813,5,December,2020,,,,,,,
12/6/20,1607212800,17280,816,5,December,2020,,,,,,,
12/7/20,1607299200,17280,818,5,December,2020,,,,,,,
12/8/20,1607385600,17280,827,5,December,2020,,,,,,,
12/9/20,1607472000,17273,890,5,December,2020,,,,,,,
12/10/20,1607558400,17279,940,5,December,2020,,,,,,,
12/11/20,1607644800,17280,957,5,December,2020,,,,,,,
12/12/20,1607731200,17273,874,5,December,2020,,,,,,,
12/13/20,1607817600,17280,873,5,December,2020,,,,,,,
12/14/20,1607904000,17275,894,5,December,2020,,,,,,,
12/15/20,1607990400,17273,952,5,December,2020,,,,,,,
12/16/20,1608076800,17279,990,5,December,2020,,,,,,,
12/17/20,1608163200,17280,1011,5,December,2020,,,,,,,
12/18/20,1608249600,17280,974,5,December,2020,,,,,,,
12/19/20,1608336000,17279,941,5,December,2020,,,,,,,
12/20/20,1608422400,17274,903,5,December,2020,,,,,,,
12/21/20,1608508800,17280,917,5,December,2020,,,,,,,
12/22/20,1608595200,17276,947,5,December,2020,,,,,,,
12/23/20,1608681600,17270,932,5,December,2020,,,,,,,
12/24/20,1608768000,17280,903,5,December,2020,,,,,,,
12/25/20,1608854400,17278,884,5,December,2020,,,,,,,
12/26/20,1608940800,17279,892,5,December,2020,,,,,,,
12/27/20,1609027200,17280,915,5,December,2020,,,,,,,
12/28/20,1609113600,17279,905,5,December,2020,,,,,,,
12/29/20,1609200000,17269,886,5,December,2020,,,,,,,
12/30/20,1609286400,17278,852,5,December,2020,,,,,,,
12/31/20,1609372800,17280,863,5,December,2020,,,,,,,
1/1/21,1609459200,17280,841,5,January,2021,,,,,,,
1/2/21,1609545600,17280,868,5,January,2021,,,,,,,
1/3/21,1609632000,17280,860,5,January,2021,,,,,,,
1/4/21,1609718400,17280,886,5,January,2021,,,,,,,
1/5/21,1609804800,17280,1179,5,January,2021,,,,,,,
1/6/21,1609891200,17271,1121,5,January,2021,,,,,,,
1/7/21,1609977600,17279,1049,5,January,2021,,,,,,,
1/8/21,1610064000,17278,1005,5,January,2021,,,,,,,
1/9/21,1610150400,17276,981,5,January,2021,,,,,,,
1/10/21,1610236800,17272,901,5,January,2021,,,,,,,
1/11/21,1610323200,17279,1190,5,January,2021,,,,,,,
1/12/21,1610409600,17280,1118,5,January,2021,,,,,,,
1/13/21,1610496000,17273,1365,5,January,2021,,,,,,,
1/14/21,1610582400,17280,1401,5,January,2021,,,,,,,
1/15/21,1610668800,17280,1288,5,January,2021,,,,,,,
1/16/21,1610755200,17280,1072,5,January,2021,,,,,,,
1/17/21,1610841600,17275,1013,5,January,2021,,,,,,,
1/18/21,1610928000,17280,1069,5,January,2021,,,,,,,
1/19/21,1611014400,17280,1055,5,January,2021,,,,,,,
1/20/21,1611100800,17280,1123,5,January,2021,,,,,,,
1/21/21,1611187200,17280,1262,5,January,2021,,,,,,,
1/22/21,1611273600,17280,1139,5,January,2021,,,,,,,
1/23/21,1611360000,17277,976,5,January,2021,,,,,,,
1/24/21,1611446400,17280,940,5,January,2021,,,,,,,
1/25/21,1611532800,17279,1021,5,January,2021,,,,,,,
1/26/21,1611619200,17275,1089,5,January,2021,,,,,,,
1/27/21,1611705600,17280,996,5,January,2021,,,,,,,
1/28/21,1611792000,17279,1035,5,January,2021,,,,,,,
1/29/21,1611878400,17280,962,5,January,2021,,,,,,,
1/30/21,1611964800,17280,1018,5,January,2021,,,,,,,
1/31/21,1612051200,17280,951,5,January,2021,,,,,,,
2/1/21,1612137600,17279,953,5,February,2021,,,,,,,
2/2/21,1612224000,17280,995,5,February,2021,,,,,,,
2/3/21,1612310400,17269,975,5,February,2021,,,,,,,
2/4/21,1612396800,17277,955,5,February,2021,,,,,,,
2/5/21,1612483200,17280,985,5,February,2021,,,,,,,
2/6/21,1612569600,17280,963,5,February,2021,,,,,,,
2/7/21,1612656000,17280,1047,5,February,2021,,,,,,,
2/8/21,1612742400,17280,1049,5,February,2021,,,,,,,
2/9/21,1612828800,17266,1055,5,February,2021,,,,,,,
2/10/21,1612915200,17280,1327,5,February,2021,,,,,,,
2/11/21,1613001600,17280,1223,5,February,2021,,,,,,,
2/12/21,1613088000,17277,1124,5,February,2021,,,,,,,
2/13/21,1613174400,17273,1090,5,February,2021,,,,,,,
2/14/21,1613260800,17280,1014,5,February,2021,,,,,,,
2/15/21,1613347200,17280,1035,5,February,2021,,,,,,,
2/16/21,1613433600,17280,1004,5,February,2021,,,,,,,
2/17/21,1613520000,17280,1160,5,February,2021,,,,,,,
2/18/21,1613606400,17279,1137,5,February,2021,,,,,,,
2/19/21,1613692800,17279,1134,5,February,2021,,,,,,,
2/20/21,1613779200,17280,1094,5,February,2021,,,,,,,
2/21/21,1613865600,17280,1023,5,February,2021,,,,,,,
2/22/21,1613952000,17280,1016,5,February,2021,,,,,,,
2/23/21,1614038400,17279,1288,5,February,2021,,,,,,,
2/24/21,1614124800,17280,1034,5,February,2021,,,,,,,
2/25/21,1614211200,17280,1016,5,February,2021,,,,,,,
2/26/21,1614297600,17280,1001,5,February,2021,,,,,,,
2/27/21,1614384000,17280,990,5,February,2021,,,,,,,
2/28/21,1614470400,17272,980,5,February,2021,,,,,,,
3/1/21,1614556800,17277,1011,5,March,2021,,,,,,,
3/2/21,1614643200,17279,1264,5,March,2021,,,,,,,
3/3/21,1614729600,17279,958,5,March,2021,,,,,,,
3/4/21,1614816000,17280,1018,5,March,2021,,,,,,,
3/5/21,1614902400,17280,1064,5,March,2021,,,,,,,
3/6/21,1614988800,17280,1078,5,March,2021,,,,,,,
3/7/21,1615075200,17280,1035,5,March,2021,,,,,,,
3/8/21,1615161600,17265,1069,5,March,2021,,,,,,,
3/9/21,1615248000,17273,1279,5,March,2021,,,,,,,
3/10/21,1615334400,17280,1127,5,March,2021,,,,,,,
3/11/21,1615420800,17275,1024,5,March,2021,,,,,,,
3/12/21,1615507200,17280,1004,5,March,2021,,,,,,,
3/13/21,1615593600,17278,1062,5,March,2021,,,,,,,
3/14/21,1615680000,17279,1007,5,March,2021,,,,,,,
3/15/21,1615766400,17280,1027,5,March,2021,,,,,,,
3/16/21,1615852800,17279,1154,5,March,2021,,,,,,,
3/17/21,1615939200,17278,993,5,March,2021,,,,,,,
3/18/21,1616025600,17279,1062,5,March,2021,,,,,,,
3/19/21,1616112000,17280,1034,5,March,2021,,,,,,,
3/20/21,1616198400,17279,1027,5,March,2021,,,,,,,
3/21/21,1616284800,17279,1026,5,March,2021,,,,,,,
3/22/21,1616371200,17280,1095,5,March,2021,,,,,,,
3/23/21,1616457600,17280,1196,5,March,2021,,,,,,,
3/24/21,1616544000,17278,1061,5,March,2021,,,,,,,
3/25/21,1616630400,17280,1059,5,March,2021,,,,,,,
3/26/21,1616716800,17279,1030,5,March,2021,,,,,,,
3/27/21,1616803200,17280,1032,5,March,2021,,,,,,,
3/28/21,1616889600,17280,1046,5,March,2021,,,,,,,
3/29/21,1616976000,17280,1123,5,March,2021,,,,,,,
3/30/21,1617062400,17275,1318,5,March,2021,,,,,,,
3/31/21,1617148800,17280,1156,5,March,2021,,,,,,,
4/1/21,1617235200,17279,1452,5,April,2021,,,,,,,
4/2/21,1617321600,17279,2386,5,April,2021,,,,,,,
4/3/21,1617408000,17280,1153,5,April,2021,,,,,,,
4/4/21,1617494400,17280,1104,5,April,2021,,,,,,,
4/5/21,1617580800,17280,1162,5,April,2021,,,,,,,
4/6/21,1617667200,17273,1366,5,April,2021,,,,,,,
4/7/21,1617753600,17278,1119,5,April,2021,,,,,,,
4/8/21,1617840000,17279,1092,5,April,2021,,,,,,,
4/9/21,1617926400,17280,1123,5,April,2021,,,,,,,
4/10/21,1618012800,17280,1090,5,April,2021,,,,,,,
4/11/21,1618099200,17280,1073,5,April,2021,,,,,,,
4/12/21,1618185600,17269,1178,5,April,2021,,,,,,,
4/13/21,1618272000,17280,2021,5,April,2021,,,,,,,
4/14/21,1618358400,17271,2347,5,April,2021,,,,,,,
4/15/21,1618444800,17280,3569,5,April,2021,,,,,,,
4/16/21,1618531200,17272,5932,5,April,2021,,,,,,,
4/17/21,1618617600,17280,1655,5,April,2021,,,,,,,
4/18/21,1618704000,17280,1950,5,April,2021,,,,,,,
4/19/21,1618790400,17280,2715,5,April,2021,,,,,,,
4/20/21,1618876800,17267,6498,5,April,2021,,,,,,,
4/21/21,1618963200,17280,5818,5,April,2021,,,,,,,
4/22/21,1619049600,17273,5408,5,April,2021,,,,,,,
4/23/21,1619136000,17274,4286,5,April,2021,,,,,,,
4/24/21,1619222400,17279,2956,5,April,2021,,,,,,,
4/25/21,1619308800,17280,4199,5,April,2021,,,,,,,
4/26/21,1619395200,17279,4018,5,April,2021,,,,,,,
4/27/21,1619481600,17279,4183,5,April,2021,,,,,,,
4/28/21,1619568000,17280,3824,5,April,2021,,,,,,,
4/29/21,1619654400,17279,3336,5,April,2021,,,,,,,
4/30/21,1619740800,17280,3316,5,April,2021,,,,,,,
5/1/21,1619827200,17280,3583,5,May,2021,,,,,,,
5/2/21,1619913600,17280,3217,5,May,2021,,,,,,,
5/3/21,1620000000,17278,3486,5,May,2021,,,,,,,
5/4/21,1620086400,17268,3656,5,May,2021,,,,,,,
5/5/21,1620172800,17280,3399,5,May,2021,,,,,,,
5/6/21,1620259200,17279,3642,5,May,2021,,,,,,,
5/7/21,1620345600,17276,3389,5,May,2021,,,,,,,
5/8/21,1620432000,17280,2283,5,May,2021,,,,,,,
5/9/21,1620518400,17280,1273,5,May,2021,,,,,,,
5/10/21,1620604800,17280,1126,5,May,2021,,,,,,,
5/11/21,1620691200,17279,1579,5,May,2021,,,,,,,
5/12/21,1620777600,17279,1246,5,May,2021,,,,,,,
5/13/21,1620864000,17280,1300,5,May,2021,,,,,,,
5/14/21,1620950400,17280,1176,5,May,2021,,,,,,,
5/15/21,1621036800,17280,1141,5,May,2021,,,,,,,
5/16/21,1621123200,17279,1150,5,May,2021,,,,,,,
5/17/21,1621209600,17280,1496,5,May,2021,,,,,,,
5/18/21,1621296000,17279,1679,5,May,2021,,,,,,,
5/19/21,1621382400,17280,1412,5,May,2021,,,,,,,
5/20/21,1621468800,17280,1305,5,May,2021,,,,,,,
5/21/21,1621555200,17280,1309,5,May,2021,,,,,,,
5/22/21,1621641600,17280,1116,5,May,2021,,,,,,,
5/23/21,1621728000,17280,1214,5,May,2021,,,,,,,
5/24/21,1621814400,17280,1258,5,May,2021,,,,,,,
5/25/21,1621900800,17279,1586,5,May,2021,,,,,,,
5/26/21,1621987200,17280,1258,5,May,2021,,,,,,,
5/27/21,1622073600,17280,1193,5,May,2021,,,,,,,
5/28/21,1622160000,17280,1134,5,May,2021,,,,,,,
5/29/21,1622246400,17280,1119,5,May,2021,,,,,,,
5/30/21,1622332800,17280,1039,5,May,2021,,,,,,,
5/31/21,1622419200,17280,1065,5,May,2021,,,,,,,
6/1/21,1622505600,17279,1416,5,June,2021,,,,,,,
6/2/21,1622592000,17280,1060,5,June,2021,,,,,,,
6/3/21,1622678400,17280,1058,5,June,2021,,,,,,,
6/4/21,1622764800,17280,1067,5,June,2021,,,,,,,
6/5/21,1622851200,17280,1009,5,June,2021,,,,,,,
6/6/21,1622937600,17280,975,5,June,2021,,,,,,,
6/7/21,1623024000,17280,1039,5,June,2021,,,,,,,
6/8/21,1623110400,17280,1477,5,June,2021,,,,,,,
6/9/21,1623196800,17280,1071,5,June,2021,,,,,,,
6/10/21,1623283200,17280,1041,5,June,2021,,,,,,,
6/11/21,1623369600,17280,1163,5,June,2021,,,,,,,
6/12/21,1623456000,17279,1193,5,June,2021,,,,,,,
6/13/21,1623542400,17280,1093,5,June,2021,,,,,,,
6/14/21,1623628800,17280,1121,5,June,2021,,,,,,,
6/15/21,1623715200,17280,1512,5,June,2021,,,,,,,
6/16/21,1623801600,17279,1182,5,June,2021,,,,,,,
6/17/21,1623888000,17280,1201,5,June,2021,,,,,,,
6/18/21,1623974400,17279,1243,5,June,2021,,,,,,,
6/19/21,1624060800,17280,1040,5,June,2021,,,,,,,
6/20/21,1624147200,17280,1058,5,June,2021,,,,,,,
6/21/21,1624233600,17280,1143,5,June,2021,,,,,,,
6/22/21,1624320000,17279,1685,5,June,2021,,,,,,,
6/23/21,1624406400,17280,1240,5,June,2021,,,,,,,
6/24/21,1624492800,17278,1252,5,June,2021,,,,,,,
6/25/21,1624579200,17279,1507,5,June,2021,,,,,,,
6/26/21,1624665600,17280,1637,5,June,2021,,,,,,,
6/27/21,1624752000,17280,1430,5,June,2021,,,,,,,
6/28/21,1624838400,17280,1354,5,June,2021,,,,,,,
6/29/21,1624924800,17280,1203,5,June,2021,,,,,,,
6/30/21,1625011200,17280,3229,5,June,2021,,,,,,,
7/1/21,1625097600,17280,3033,5,July,2021,,,,,,,
7/2/21,1625184000,17280,1381,5,July,2021,,,,,,,
7/3/21,1625270400,17280,1206,5,July,2021,,,,,,,
7/4/21,1625356800,17280,1126,5,July,2021,,,,,,,
7/5/21,1625443200,17280,1099,5,July,2021,,,,,,,
7/6/21,1625529600,17280,3652,5,July,2021,,,,,,,
7/7/21,1625616000,17280,2223,5,July,2021,,,,,,,
7/8/21,1625702400,17280,1234,5,July,2021,,,,,,,
7/9/21,1625788800,17280,1185,5,July,2021,,,,,,,
7/10/21,1625875200,17279,1179,5,July,2021,,,,,,,
7/11/21,1625961600,17280,1144,5,July,2021,,,,,,,
7/12/21,1626048000,17280,1300,5,July,2021,,,,,,,
7/13/21,1626134400,17280,4542,5,July,2021,,,,,,,
7/14/21,1626220800,17280,2915,5,July,2021,,,,,,,
7/15/21,1626307200,17280,3561,5,July,2021,,,,,,,
7/16/21,1626393600,17280,2772,5,July,2021,,,,,,,
7/17/21,1626480000,17280,2936,5,July,2021,,,,,,,
7/18/21,1626566400,17280,2885,5,July,2021,,,,,,,
7/19/21,1626652800,17280,2922,5,July,2021,,,,,,,
7/20/21,1626739200,17280,6794,5,July,2021,,,,,,,
7/21/21,1626825600,17280,7142,5,July,2021,,,,,,,
7/22/21,1626912000,17280,3771,5,July,2021,,,,,,,
7/23/21,1626998400,17280,4954,5,July,2021,,,,,,,
7/24/21,1627084800,17280,7382,5,July,2021,,,,,,,
7/25/21,1627171200,17279,7246,5,July,2021,,,,,,,
7/26/21,1627257600,17280,7277,5,July,2021,,,,,,,
7/27/21,1627344000,17279,5861,5,July,2021,,,,,,,
7/28/21,1627430400,17280,8177,5,July,2021,,,,,,,
7/29/21,1627516800,17280,10693,5,July,2021,,,,,,,
7/30/21,1627603200,17274,6891,5,July,2021,,,,,,,
7/31/21,1627689600,17280,7677,5,July,2021,,,,,,,
8/1/21,1627776000,17280,6706,5,August,2021,,,,,,,
8/2/21,1627862400,17262,7162,5.01,August,2021,,,,,,,
8/3/21,1627948800,17279,14446,5,August,2021,,,,,,,
8/4/21,1628035200,17280,7108,5,August,2021,,,,,,,
8/5/21,1628121600,17280,7279,5,August,2021,,,,,,,
8/6/21,1628208000,17280,7002,5,August,2021,,,,,,,
8/7/21,1628294400,17280,8306,5,August,2021,,,,,,,
8/8/21,1628380800,17280,14597,5,August,2021,,,,,,,
8/9/21,1628467200,17280,14860,5,August,2021,,,,,,,
8/10/21,1628553600,17280,22574,5,August,2021,,,,,,,
8/11/21,1628640000,17280,10393,5,August,2021,,,,,,,
8/12/21,1628726400,17279,10300,5,August,2021,,,,,,,
8/13/21,1628812800,17280,4537,5,August,2021,,,,,,,
8/14/21,1628899200,17280,5760,5,August,2021,,,,,,,
8/15/21,1628985600,17280,7812,5,August,2021,,,,,,,
8/16/21,1629072000,17280,9120,5,August,2021,,,,,,,
8/17/21,1629158400,17280,15164,5,August,2021,,,,,,,
8/18/21,1629244800,17280,15941,5,August,2021,,,,,,,
8/19/21,1629331200,17280,15778,5,August,2021,,,,,,,
8/20/21,1629417600,17280,16155,5,August,2021,,,,,,,
8/21/21,1629504000,17280,14076,5,August,2021,,,,,,,
8/22/21,1629590400,17280,12387,5,August,2021,,,,,,,
8/23/21,1629676800,17280,11853,5,August,2021,,,,,,,
8/24/21,1629763200,17280,18234,5,August,2021,,,,,,,
8/25/21,1629849600,17280,14885,5,August,2021,,,,,,,
8/26/21,1629936000,17280,12899,5,August,2021,,,,,,,
8/27/21,1630022400,17280,11769,5,August,2021,,,,,,,
8/28/21,1630108800,17280,13848,5,August,2021,,,,,,,
8/29/21,1630195200,17280,13768,5,August,2021,,,,,,,
8/30/21,1630281600,17280,17253,5,August,2021,,,,,,,
8/31/21,1630368000,17280,21221,5,August,2021,,,,,,,
9/1/21,1630454400,17280,13550,5,September,2021,,,,,,,
9/2/21,1630540800,17280,14975,5,September,2021,,,,,,,
9/3/21,1630627200,17279,15637,5,September,2021,,,,,,,
9/4/21,1630713600,17280,9319,5,September,2021,,,,,,,
9/5/21,1630800000,17280,9903,5,September,2021,,,,,,,
9/6/21,1630886400,17280,13352,5,September,2021,,,,,,,
9/7/21,1630972800,17280,21594,5,September,2021,,,,,,,
9/8/21,1631059200,17280,12042,5,September,2021,,,,,,,
9/9/21,1631145600,17280,9299,5,September,2021,,,,,,,
9/10/21,1631232000,17280,10948,5,September,2021,,,,,,,
9/11/21,1631318400,17280,10377,5,September,2021,,,,,,,
9/12/21,1631404800,17280,13904,5,September,2021,,,,,,,
9/13/21,1631491200,17280,18080,5,September,2021,,,,,,,
9/14/21,1631577600,17280,21168,5,September,2021,,,,,,,
9/15/21,1631664000,17280,16631,5,September,2021,,,,,,,
9/16/21,1631750400,17280,8732,5,September,2021,,,,,,,
9/17/21,1631836800,17280,8312,5,September,2021,,,,,,,
9/18/21,1631923200,17280,10076,5,September,2021,,,,,,,
9/19/21,1632009600,17279,12263,5,September,2021,,,,,,,
9/20/21,1632096000,17280,16035,5,September,2021,,,,,,,
9/21/21,1632182400,17280,17858,5,September,2021,,,,,,,
9/22/21,1632268800,17280,22894,5,September,2021,,,,,,,
9/23/21,1632355200,17278,18154,5,September,2021,,,,,,,
9/24/21,1632441600,17280,16819,5,September,2021,,,,,,,
9/25/21,1632528000,17280,16401,5,September,2021,,,,,,,
9/26/21,1632614400,17280,24383,5,September,2021,,,,,,,
9/27/21,1632700800,17280,26033,5,September,2021,,,,,,,
9/28/21,1632787200,17280,27831,5,September,2021,,,,,,,
9/29/21,1632873600,17280,25271,5,September,2021,,,,,,,
9/30/21,1632960000,17278,21612,5,September,2021,,,,,,,
10/1/21,1633046400,17277,18307,5,October,2021,,,,,,,
10/2/21,1633132800,17279,18229,5,October,2021,,,,,,,
10/3/21,1633219200,17280,18372,5,October,2021,,,,,,,
10/4/21,1633305600,17279,18523,5,October,2021,,,,,,,
10/5/21,1633392000,17280,20054,5,October,2021,,,,,,,
10/6/21,1633478400,17280,22840,5,October,2021,,,,,,,
10/7/21,1633564800,17280,10999,5,October,2021,,,,,,,
10/8/21,1633651200,17280,12996,5,October,2021,,,,,,,
10/9/21,1633737600,17280,13794,5,October,2021,,,,,,,
10/10/21,1633824000,17280,13498,5,October,2021,,,,,,,
10/11/21,1633910400,17280,13079,5,October,2021,,,,,,,
10/12/21,1633996800,17270,21153,5,October,2021,,,,,,,
10/13/21,1634083200,17270,26019,5,October,2021,,,,,,,
10/14/21,1634169600,17280,27385,5,October,2021,,,,,,,
10/15/21,1634256000,17279,30462,5,October,2021,,,,,,,
10/16/21,1634342400,17279,27479,5,October,2021,,,,,,,
10/17/21,1634428800,17279,25056,5,October,2021,,,,,,,
10/18/21,1634515200,17280,22266,5,October,2021,,,,,,,
10/19/21,1634601600,17279,20149,5,October,2021,,,,,,,
10/20/21,1634688000,17276,20996,5,October,2021,,,,,,,
10/21/21,1634774400,17280,19033,5,October,2021,,,,,,,
10/22/21,1634860800,17279,17734,5,October,2021,,,,,,,
10/23/21,1634947200,17280,18047,5,October,2021,,,,,,,
10/24/21,1635033600,17279,18753,5,October,2021,,,,,,,
10/25/21,1635120000,17279,17216,5,October,2021,,,,,,,
10/26/21,1635206400,17280,16789,5,October,2021,,,,,,,
10/27/21,1635292800,17275,18298,5,October,2021,,,,,,,
10/28/21,1635379200,17279,14514,5,October,2021,,,,,,,
10/29/21,1635465600,17280,10975,5,October,2021,,,,,,,
10/30/21,1635552000,17280,11983,5,October,2021,,,,,,,
10/31/21,1635638400,17280,22165,5,October,2021,,,,,,,
11/1/21,1635724800,17280,16989,5,November,2021,,,,,,,
11/2/21,1635811200,17279,29937,5,November,2021,,,,,,,
11/3/21,1635897600,17280,21554,5,November,2021,,,,,,,
11/4/21,1635984000,17278,25172,5,November,2021,,,,,,,
11/5/21,1636070400,17279,22105,5,November,2021,,,,,,,
11/6/21,1636156800,17279,18922,5,November,2021,,,,,,,
11/7/21,1636243200,17280,23982,5,November,2021,,,,,,,
11/8/21,1636329600,17280,31209,5,November,2021,,,,,,,
11/9/21,1636416000,17275,24399,5,November,2021,,,,,,,
11/10/21,1636502400,17280,22902,5,November,2021,,,,,,,
11/11/21,1636588800,17280,25736,5,November,2021,,,,,,,
11/12/21,1636675200,17280,26773,5,November,2021,,,,,,,
11/13/21,1636761600,17280,20757,5,November,2021,,,,,,,
11/14/21,1636848000,17279,21620,5,November,2021,,,,,,,
11/15/21,1636934400,17280,15132,5,November,2021,,,,,,,
11/16/21,1637020800,17278,18333,5,November,2021,,,,,,,
11/17/21,1637107200,17279,21539,5,November,2021,,,,,,,
11/18/21,1637193600,17280,21934,5,November,2021,,,,,,,
11/19/21,1637280000,17279,14510,5,November,2021,,,,,,,
11/20/21,1637366400,17280,13519,5,November,2021,,,,,,,
11/21/21,1637452800,17280,20290,5,November,2021,,,,,,,
11/22/21,1637539200,17219,23173,5.02,November,2021,,,,,,,
11/23/21,1637625600,17279,22997,5,November,2021,,,,,,,
11/24/21,1637712000,17280,19259,5,November,2021,,,,,,,
11/25/21,1637798400,17235,15224,5.01,November,2021,,,,,,,
11/26/21,1637884800,17247,25483,5.01,November,2021,,,,,,,
11/27/21,1637971200,17277,18667,5,November,2021,,,,,,,
11/28/21,1638057600,17276,22169,5,November,2021,,,,,,,
11/29/21,1638144000,17280,16928,5,November,2021,,,,,,,
11/30/21,1638230400,17274,21453,5,November,2021,,,,,,,
12/1/21,1638316800,17278,15066,5,December,2021,,,,,,,
12/2/21,1638403200,17276,14141,5,December,2021,,,,,,,
12/3/21,1638489600,17280,12155,5,December,2021,,,,,,,
12/4/21,1638576000,17280,20588,5,December,2021,,,,,,,
12/5/21,1638662400,17280,23932,5,December,2021,,,,,,,
12/6/21,1638748800,17280,17178,5,December,2021,,,,,,,
12/7/21,1638835200,17280,12672,5,December,2021,,,,,,,
12/8/21,1638921600,17280,13823,5,December,2021,,,,,,,
12/9/21,1639008000,17280,16308,5,December,2021,,,,,,,
12/10/21,1639094400,17277,17894,5,December,2021,,,,,,,
12/11/21,1639180800,17278,16616,5,December,2021,,,,,,,
12/12/21,1639267200,17280,7520,5,December,2021,,,,,,,
12/13/21,1639353600,17279,8866,5,December,2021,,,,,,,
12/14/21,1639440000,17280,7665,5,December,2021,,,,,,,
12/15/21,1639526400,17273,16672,5,December,2021,,,,,,,
12/16/21,1639612800,17280,24716,5,December,2021,,,,,,,
12/17/21,1639699200,17280,15970,5,December,2021,,,,,,,
12/18/21,1639785600,17277,24215,5,December,2021,,,,,,,
12/19/21,1639872000,17278,23189,5,December,2021,,,,,,,
12/20/21,1639958400,17277,29239,5,December,2021,,,,,,,
12/21/21,1640044800,17280,32005,5,December,2021,,,,,,,
12/22/21,1640131200,17278,38934,5,December,2021,,,,,,,
12/23/21,1640217600,17279,38843,5,December,2021,,,,,,,
12/24/21,1640304000,17280,21852,5,December,2021,,,,,,,
12/25/21,1640390400,17280,3955,5,December,2021,,,,,,,
12/26/21,1640476800,17280,4150,5,December,2021,,,,,,,
12/27/21,1640563200,17271,26457,5,December,2021,,,,,,,
12/28/21,1640649600,17279,36619,5,December,2021,,,,,,,
12/29/21,1640736000,17278,23027,5,December,2021,,,,,,,
12/30/21,1640822400,17264,28109,5,December,2021,,,,,,,
12/31/21,1640908800,17279,29276,5,December,2021,,,,,,,
1/1/22,1640995200,17279,27386,5,January,2022,,,,,,,
1/2/22,1641081600,17279,26824,5,January,2022,,,,,,,
1/3/22,1641168000,17277,22151,5,January,2022,,,,,,,
1/4/22,1641254400,17275,27627,5,January,2022,,,,,,,
1/5/22,1641340800,17272,22863,5,January,2022,,,,,,,
1/6/22,1641427200,17279,15967,5,January,2022,,,,,,,
1/7/22,1641513600,17279,15302,5,January,2022,,,,,,,
1/8/22,1641600000,17279,10943,5,January,2022,,,,,,,
1/9/22,1641686400,17279,11749,5,January,2022,,,,,,,
1/10/22,1641772800,17279,13759,5,January,2022,,,,,,,
1/11/22,1641859200,17279,7292,5,January,2022,,,,,,,
1/12/22,1641945600,17277,6383,5,January,2022,,,,,,,
1/13/22,1642032000,17277,6685,5,January,2022,,,,,,,
1/14/22,1642118400,17277,7810,5,January,2022,,,,,,,
1/15/22,1642204800,17277,13363,5,January,2022,,,,,,,
1/16/22,1642291200,17278,9600,5,January,2022,,,,,,,
1/17/22,1642377600,17279,7982,5,January,2022,,,,,,,
1/18/22,1642464000,17280,8998,5,January,2022,,,,,,,
1/19/22,1642550400,17275,8510,5,January,2022,,,,,,,
1/20/22,1642636800,17278,6464,5,January,2022,,,,,,,
1/21/22,1642723200,17279,7165,5,January,2022,,,,,,,
1/22/22,1642809600,17278,8024,5,January,2022,,,,,,,
1/23/22,1642896000,17280,6040,5,January,2022,,,,,,,
1/24/22,1642982400,17270,6691,5,January,2022,,,,,,,
1/25/22,1643068800,17280,15070,5,January,2022,,,,,,,
1/26/22,1643155200,17278,13140,5,January,2022,,,,,,,
1/27/22,1643241600,17279,10367,5,January,2022,,,,,,,
1/28/22,1643328000,17278,9722,5,January,2022,,,,,,,
1/29/22,1643414400,17279,9068,5,January,2022,,,,,,,
1/30/22,1643500800,17279,10319,5,January,2022,,,,,,,
1/31/22,1643587200,17279,9513,5,January,2022,,,,,,,
2/1/22,1643673600,17279,11917,5,February,2022,,,,,,,
2/2/22,1643760000,17277,10840,5,February,2022,,,,,,,
2/3/22,1643846400,17278,8890,5,February,2022,,,,,,,
2/4/22,1643932800,17279,9312,5,February,2022,,,,,,,
2/5/22,1644019200,17276,9343,5,February,2022,,,,,,,
2/6/22,1644105600,17280,8077,5,February,2022,,,,,,,
2/7/22,1644192000,17278,8444,5,February,2022,,,,,,,
2/8/22,1644278400,17280,9340,5,February,2022,,,,,,,
2/9/22,1644364800,17280,8491,5,February,2022,,,,,,,
2/10/22,1644451200,17278,9066,5,February,2022,,,,,,,
2/11/22,1644537600,17280,8929,5,February,2022,,,,,,,
2/12/22,1644624000,17279,8342,5,February,2022,,,,,,,
2/13/22,1644710400,17280,7888,5,February,2022,,,,,,,
2/14/22,1644796800,17279,9955,5,February,2022,,,,,,,
2/15/22,1644883200,17280,10446,5,February,2022,,,,,,,
2/16/22,1644969600,17280,10084,5,February,2022,,,,,,,
2/17/22,1645056000,17278,10254,5,February,2022,,,,,,,
2/18/22,1645142400,17280,7066,5,February,2022,,,,,,,
2/19/22,1645228800,17280,5202,5,February,2022,,,,,,,
2/20/22,1645315200,17280,8904,5,February,2022,,,,,,,
2/21/22,1645401600,17280,9239,5,February,2022,,,,,,,
2/22/22,1645488000,17280,9763,5,February,2022,,,,,,,
2/23/22,1645574400,17280,7059,5,February,2022,,,,,,,
2/24/22,1645660800,17279,7187,5,February,2022,,,,,,,
2/25/22,1645747200,17279,7235,5,February,2022,,,,,,,
2/26/22,1645833600,17278,4909,5,February,2022,,,,,,,
2/27/22,1645920000,17280,3768,5,February,2022,,,,,,,
2/28/22,1646006400,17280,3913,5,February,2022,,,,,,,
3/1/22,1646092800,17280,5557,5,March,2022,,,,,,,
3/2/22,1646179200,17280,4929,5,March,2022,,,,,,,
3/3/22,1646265600,17279,3409,5,March,2022,,,,,,,
3/4/22,1646352000,17280,3857,6817.96,March,2022,,,,,,,
3/5/22,1646438400,17280,3340,5,March,2022,,,,,,,
3/6/22,1646524800,17280,3655,6835.15,March,2022,,,,,,,
3/7/22,1646611200,17280,4119,5,March,2022,,,,,,,
3/8/22,1646697600,17280,4344,13702.84,March,2022,,,,,,,
3/9/22,1646784000,17280,4377,10285.59,March,2022,,,,,,,
3/10/22,1646870400,17279,3884,5,March,2022,,,,,,,
3/11/22,1646956800,17280,3483,5,March,2022,,,,,,,
3/12/22,1647043200,17280,2908,5,March,2022,,,,,,,
3/13/22,1647129600,17280,4039,5,March,2022,,,,,,,
3/14/22,1647216000,17280,3344,5,March,2022,,,,,,,
3/15/22,1647302400,17280,3633,5,March,2022,,,,,,,
3/16/22,1647388800,17280,4344,5,March,2022,,,,,,,
3/17/22,1647475200,7379,13097,5,March,2022,,,,,,,
3/18/22,1647561600,17280,11320,5,March,2022,,,,,,,
3/19/22,1647648000,17279,8469,5,March,2022,,,,,,,
3/20/22,1647734400,17280,7883,5,March,2022,,,,,,,
3/21/22,1647820800,17280,10519,5,March,2022,,,,,,,
3/22/22,1647907200,17280,10478,5,March,2022,,,,,,,
3/23/22,1647993600,17279,11879,5,March,2022,,,,,,,
3/24/22,1648080000,17280,4794,5,March,2022,,,,,,,
3/25/22,1648166400,17275,5363,5,March,2022,,,,,,,
3/26/22,1648252800,17280,4567,5,March,2022,,,,,,,
3/27/22,1648339200,17280,4014,5,March,2022,,,,,,,
3/28/22,1648425600,17280,5213,5,March,2022,,,,,,,
3/29/22,1648512000,17280,5243,5,March,2022,,,,,,,
3/30/22,1648598400,17280,4804,5,March,2022,,,,,,,
3/31/22,1648684800,17280,14422,5,March,2022,,,,,,,
4/1/22,1648771200,17279,17046,5,April,2022,,,,,,,
4/2/22,1648857600,17280,12035,5,April,2022,,,,,,,
4/3/22,1648944000,17279,4663,5,April,2022,,,,,,,
4/4/22,1649030400,17280,11926,5,April,2022,,,,,,,
4/5/22,1649116800,17280,14346,5,April,2022,,,,,,,
4/6/22,1649203200,17279,13450,5,April,2022,,,,,,,
4/7/22,1649289600,17278,11468,5,April,2022,,,,,,,
4/8/22,1649376000,17280,4774,5,April,2022,,,,,,,
4/9/22,1649462400,17280,4699,5,April,2022,,,,,,,
4/10/22,1649548800,17280,5346,5,April,2022,,,,,,,
4/11/22,1649635200,17280,6540,5,April,2022,,,,,,,
4/12/22,1649721600,17280,5773,5,April,2022,,,,,,,
4/13/22,1649808000,17280,5289,5,April,2022,,,,,,,
4/14/22,1649894400,17280,5137,5,April,2022,,,,,,,
4/15/22,1649980800,17279,4640,5,April,2022,,,,,,,
4/16/22,1650067200,17278,5070,5,April,2022,,,,,,,
4/17/22,1650153600,17280,4814,5,April,2022,,,,,,,
4/18/22,1650240000,17280,5851,5,April,2022,,,,,,,
4/19/22,1650326400,17279,4071,5,April,2022,,,,,,,
4/20/22,1650412800,17280,4243,5,April,2022,,,,,,,
4/21/22,1650499200,17280,4555,5,April,2022,,,,,,,
4/22/22,1650585600,17280,3776,5,April,2022,,,,,,,
4/23/22,1650672000,17280,3956,5,April,2022,,,,,,,
4/24/22,1650758400,17279,3977,5,April,2022,,,,,,,
4/25/22,1650844800,17280,4988,5,April,2022,,,,,,,
4/26/22,1650931200,17280,4242,5,April,2022,,,,,,,
4/27/22,1651017600,17280,4020,5,April,2022,,,,,,,
4/28/22,1651104000,17279,4147,5,April,2022,,,,,,,
4/29/22,1651190400,17280,4086,5,April,2022,,,,,,,
4/30/22,1651276800,17279,4921,5,April,2022,,,,,,,
5/1/22,1651363200,17280,4694,5,May,2022,,,,,,,
5/2/22,1651449600,17280,4270,5,May,2022,,,,,,,
5/3/22,1651536000,17280,3569,5,May,2022,,,,,,,
5/4/22,1651622400,17280,4913,5,May,2022,,,,,,,
5/5/22,1651708800,17280,4980,5,May,2022,,,,,,,
5/6/22,1651795200,17279,4307,5,May,2022,,,,,,,
5/7/22,1651881600,17280,3806,5,May,2022,,,,,,,
5/8/22,1651968000,17280,6582,5,May,2022,,,,,,,
5/9/22,1652054400,17279,11438,5,May,2022,,,,,,,
5/10/22,1652140800,17215,15987,5.02,May,2022,,,,,,,
5/11/22,1652227200,17280,28304,5,May,2022,,,,,,,
5/12/22,1652313600,17279,25154,5,May,2022,,,,,,,
5/13/22,1652400000,17280,15798,5,May,2022,,,,,,,
5/14/22,1652486400,17280,13481,5,May,2022,,,,,,,
5/15/22,1652572800,17279,10501,5,May,2022,,,,,,,
5/16/22,1652659200,17279,9973,5,May,2022,,,,,,,
5/17/22,1652745600,17280,9730,5,May,2022,,,,,,,
5/18/22,1652832000,17280,10468,5,May,2022,,,,,,,
5/19/22,1652918400,17279,10176,5,May,2022,,,,,,,
5/20/22,1653004800,17279,11661,5,May,2022,,,,,,,
5/21/22,1653091200,17280,8640,5,May,2022,,,,,,,
5/22/22,1653177600,17279,8282,5,May,2022,,,,,,,
5/23/22,1653264000,17279,9901,5,May,2022,,,,,,,
5/24/22,1653350400,17277,8668,5,May,2022,,,,,,,
5/25/22,1653436800,17279,9155,5,May,2022,,,,,,,
5/26/22,1653523200,17279,10873,5,May,2022,,,,,,,
5/27/22,1653609600,17280,10061,5,May,2022,,,,,,,
5/28/22,1653696000,17280,7821,5,May,2022,,,,,,,
5/29/22,1653782400,17280,6508,5,May,2022,,,,,,,
5/30/22,1653868800,17280,6748,5,May,2022,,,,,,,
5/31/22,1653955200,17280,6116,5,May,2022,,,,,,,
6/1/22,1654041600,17279,4893,5,June,2022,,,,,,,
6/2/22,1654128000,17279,4355,5,June,2022,,,,,,,
6/3/22,1654214400,17278,5432,5,June,2022,,,,,,,
6/4/22,1654300800,17280,7628,5,June,2022,,,,,,,
6/5/22,1654387200,17280,7385,5,June,2022,,,,,,,
6/6/22,1654473600,17279,8585,5,June,2022,,,,,,,
6/7/22,1654560000,17280,8193,5,June,2022,,,,,,,
6/8/22,1654646400,17280,5410,5,June,2022,,,,,,,
6/9/22,1654732800,17280,5966,5,June,2022,,,,,,,
6/10/22,1654819200,17279,8312,5,June,2022,,,,,,,
6/11/22,1654905600,17280,7909,5,June,2022,,,,,,,
6/12/22,1654992000,17277,11866,5,June,2022,,,,,,,
6/13/22,1655078400,17276,13227,5,June,2022,,,,,,,
6/14/22,1655164800,17279,7974,5,June,2022,,,,,,,
6/15/22,1655251200,17279,8534,5,June,2022,,,,,,,
6/16/22,1655337600,17278,8728,5,June,2022,,,,,,,
6/17/22,1655424000,17279,7506,5,June,2022,,,,,,,
6/18/22,1655510400,17279,9431,5,June,2022,,,,,,,
6/19/22,1655596800,17279,7944,5,June,2022,,,,,,,
6/20/22,1655683200,17279,8551,5,June,2022,,,,,,,
6/21/22,1655769600,17279,6933,5,June,2022,,,,,,,
6/22/22,1655856000,17279,6721,5,June,2022,,,,,,,
6/23/22,1655942400,17279,6280,5,June,2022,,,,,,,
6/24/22,1656028800,17280,5134,5,June,2022,,,,,,,
6/25/22,1656115200,17279,6207,5,June,2022,,,,,,,
6/26/22,1656201600,17280,5881,5,June,2022,,,,,,,
6/27/22,1656288000,17279,5286,5,June,2022,,,,,,,
6/28/22,1656374400,17280,5820,5,June,2022,,,,,,,
6/29/22,1656460800,17279,6202,5,June,2022,,,,,,,
6/30/22,1656547200,17278,6731,5,June,2022,,,,,,,
7/1/22,1656633600,17280,4833,5,July,2022,,,,,,,
7/2/22,1656720000,17279,4231,5,July,2022,,,,,,,
7/3/22,1656806400,17279,4040,5,July,2022,,,,,,,
7/4/22,1656892800,17279,4229,5,July,2022,,,,,,,
7/5/22,1656979200,17280,5662,5,July,2022,,,,,,,
7/6/22,1657065600,17279,5620,5,July,2022,,,,,,,
7/7/22,1657152000,17280,5483,5,July,2022,,,,,,,
7/8/22,1657238400,17278,5698,5,July,2022,,,,,,,
7/9/22,1657324800,17280,4417,5,July,2022,,,,,,,
7/10/22,1657411200,17278,5526,5,July,2022,,,,,,,
7/11/22,1657497600,17280,6405,5,July,2022,,,,,,,
7/12/22,1657584000,17280,5745,5,July,2022,,,,,,,
7/13/22,1657670400,16807,8036,5,July,2022,,,,,,,
7/14/22,1657756800,2,442186,16760.5,July,2022,,,,,,,
7/15/22,1657843200,17187,9187,5.03,July,2022,,,,,,,
7/16/22,1657929600,17280,5833,5,July,2022,,,,,,,
7/17/22,1658016000,17280,5215,5,July,2022,,,,,,,
7/18/22,1658102400,17280,5465,5,July,2022,,,,,,,
7/19/22,1658188800,17279,6771,5,July,2022,,,,,,,
7/20/22,1658275200,17280,6848,5,July,2022,,,,,,,
7/21/22,1658361600,17279,4830,5,July,2022,,,,,,,
7/22/22,1658448000,17280,5444,5,July,2022,,,,,,,
7/23/22,1658534400,17279,4770,5,July,2022,,,,,,,
7/24/22,1658620800,17280,4355,5,July,2022,,,,,,,
7/25/22,1658707200,17280,4963,5,July,2022,,,,,,,
7/26/22,1658793600,17279,6570,5,July,2022,,,,,,,
7/27/22,1658880000,17280,14610,5,July,2022,,,,,,,
7/28/22,1658966400,17278,14002,5,July,2022,,,,,,,
7/29/22,1659052800,17279,20548,5,July,2022,,,,,,,
7/30/22,1659139200,17280,26336,5,July,2022,,,,,,,
7/31/22,1659225600,17280,19191,5,July,2022,,,,,,,
8/1/22,1659312000,17280,17376,5,August,2022,,,,,,,
8/2/22,1659398400,17280,15041,5,August,2022,,,,,,,
8/3/22,1659484800,17280,17130,5,August,2022,,,,,,,
8/4/22,1659571200,17280,12661,5,August,2022,,,,,,,
8/5/22,1659657600,17279,13576,5,August,2022,,,,,,,
8/6/22,1659744000,17280,10343,5,August,2022,,,,,,,
8/7/22,1659830400,17279,11260,5,August,2022,,,,,,,
8/8/22,1659916800,17280,10756,5,August,2022,,,,,,,
8/9/22,1660003200,17280,10946,5,August,2022,,,,,,,
8/10/22,1660089600,17279,11084,5,August,2022,,,,,,,
8/11/22,1660176000,17280,9135,5,August,2022,,,,,,,
8/12/22,1660262400,17280,12744,5,August,2022,,,,,,,
8/13/22,1660348800,17279,10160,5,August,2022,,,,,,,
8/14/22,1660435200,17279,9483,5,August,2022,,,,,,,
8/15/22,1660521600,17280,9766,5,August,2022,,,,,,,
8/16/22,1660608000,17280,7121,5,August,2022,,,,,,,
8/17/22,1660694400,17280,8382,5,August,2022,,,,,,,
8/18/22,1660780800,17280,7439,5,August,2022,,,,,,,
8/19/22,1660867200,17279,8247,5,August,2022,,,,,,,
8/20/22,1660953600,17280,8002,5,August,2022,,,,,,,
8/21/22,1661040000,17280,7628,5,August,2022,,,,,,,
8/22/22,1661126400,17280,9224,5,August,2022,,,,,,,
8/23/22,1661212800,17280,11250,5,August,2022,,,,,,,
8/24/22,1661299200,17280,10397,5,August,2022,,,,,,,
8/25/22,1661385600,17279,9028,5,August,2022,,,,,,,
8/26/22,1661472000,17279,9570,5,August,2022,,,,,,,
8/27/22,1661558400,17279,11528,5,August,2022,,,,,,,
8/28/22,1661644800,17280,10616,5,August,2022,,,,,,,
8/29/22,1661731200,17279,8679,5,August,2022,,,,,,,
8/30/22,1661817600,17279,7218,5,August,2022,,,,,,,
8/31/22,1661904000,17280,6870,5,August,2022,,,,,,,
9/1/22,1661990400,17280,6880,5,September,2022,,,,,,,
9/2/22,1662076800,17280,7464,5,September,2022,,,,,,,
9/3/22,1662163200,17280,14076,5,September,2022,,,,,,,
9/4/22,1662249600,17279,13822,5,September,2022,,,,,,,
9/5/22,1662336000,17280,12022,5,September,2022,,,,,,,
9/6/22,1662422400,17279,12265,5,September,2022,,,,,,,
9/7/22,1662508800,17280,12141,5,September,2022,,,,,,,
9/8/22,1662595200,17280,10481,5,September,2022,,,,,,,
9/9/22,1662681600,17280,9528,5,September,2022,,,,,,,
9/10/22,1662768000,17278,10290,5,September,2022,,,,,,,
9/11/22,1662854400,17280,9176,5,September,2022,,,,,,,
9/12/22,1662940800,17279,12213,5,September,2022,,,,,,,
9/13/22,1663027200,17278,10510,5,September,2022,,,,,,,
9/14/22,1663113600,17280,11808,5,September,2022,,,,,,,
9/15/22,1663200000,17279,11821,5,September,2022,,,,,,,
9/16/22,1663286400,17280,16002,5,September,2022,,,,,,,
9/17/22,1663372800,17280,13244,5,September,2022,,,,,,,
9/18/22,1663459200,17280,12787,5,September,2022,,,,,,,
9/19/22,1663545600,17280,12274,5,September,2022,,,,,,,
9/20/22,1663632000,17276,11216,5,September,2022,,,,,,,
9/21/22,1663718400,17280,12979,5,September,2022,,,,,,,
9/22/22,1663804800,17276,13482,5,September,2022,,,,,,,
9/23/22,1663891200,17279,12471,5,September,2022,,,,,,,
9/24/22,1663977600,17280,9669,5,September,2022,,,,,,,
9/25/22,1664064000,17279,9222,5,September,2022,,,,,,,
9/26/22,1664150400,17280,12570,5,September,2022,,,,,,,
9/27/22,1664236800,17280,12505,5,September,2022,,,,,,,
9/28/22,1664323200,17280,11468,5,September,2022,,,,,,,
9/29/22,1664409600,17280,10430,5,September,2022,,,,,,,
9/30/22,1664496000,17280,7014,5,September,2022,,,,,,,
10/1/22,1664582400,17280,10624,5,October,2022,,,,,,,
10/2/22,1664668800,17280,10151,5,October,2022,,,,,,,
10/3/22,1664755200,17278,10419,5,October,2022,,,,,,,
10/4/22,1664841600,17280,11628,5,October,2022,,,,,,,
10/5/22,1664928000,17280,12162,5,October,2022,,,,,,,