Date(UTC),UnixTimeStamp,Average Block Size,Block Time,Block Count
7/30/15,1438214400,644,4.46,6912
7/31/15,1438300800,582,12.58,6863
8/1/15,1438387200,575,16.34,5293
8/2/15,1438473600,581,16.12,5358
8/3/15,1438560000,587,16.37,5280
8/4/15,1438646400,587,16.1,5368
8/5/15,1438732800,579,16.51,5235
8/6/15,1438819200,584,16.89,5116
8/7/15,1438905600,633,16.65,5189
8/8/15,1438992000,668,16.44,5256
8/9/15,1439078400,618,16.86,5123
8/10/15,1439164800,631,16.44,5255
8/11/15,1439251200,692,16.37,5280
8/12/15,1439337600,653,16.86,5124
8/13/15,1439424000,666,16.34,5286
8/14/15,1439510400,660,14.88,5809
8/15/15,1439596800,638,16.04,5382
8/16/15,1439683200,641,16.84,5132
8/17/15,1439769600,635,16.16,5347
8/18/15,1439856000,648,17.46,4948
8/19/15,1439942400,653,16.64,5192
8/20/15,1440028800,650,21.47,4024
8/21/15,1440115200,668,16.98,5088
8/22/15,1440201600,648,16.39,5271
8/23/15,1440288000,681,17.24,5013
8/24/15,1440374400,673,16.67,5184
8/25/15,1440460800,680,16.95,5097
8/26/15,1440547200,669,17.27,5003
8/27/15,1440633600,708,18.35,4708
8/28/15,1440720000,691,18.57,4653
8/29/15,1440806400,682,19.93,4329
8/30/15,1440892800,689,20.77,4155
8/31/15,1440979200,731,20.87,4122
9/1/15,1441065600,741,21.86,3938
9/2/15,1441152000,766,24.12,3577
9/3/15,1441238400,755,25.53,3383
9/4/15,1441324800,762,19.3,4443
9/5/15,1441411200,753,17.48,4921
9/6/15,1441497600,733,17.19,4978
9/7/15,1441584000,753,17.77,4834
9/8/15,1441670400,759,17.46,4923
9/9/15,1441756800,765,17.12,5035
9/10/15,1441843200,730,17.18,5003
9/11/15,1441929600,736,16.71,5141
9/12/15,1442016000,761,17.11,5026
9/13/15,1442102400,764,17.25,4971
9/14/15,1442188800,771,17.61,4851
9/15/15,1442275200,755,17.75,4842
9/16/15,1442361600,739,17.32,4956
9/17/15,1442448000,753,17.91,4808
9/18/15,1442534400,785,17.57,4889
9/19/15,1442620800,735,16.9,5078
9/20/15,1442707200,766,16.04,5305
9/21/15,1442793600,779,16.87,5075
9/22/15,1442880000,807,17,5051
9/23/15,1442966400,784,16.58,5165
9/24/15,1443052800,782,17.1,5021
9/25/15,1443139200,767,16.73,5126
9/26/15,1443225600,765,17.32,4930
9/27/15,1443312000,725,17.92,4773
9/28/15,1443398400,755,18.02,4738
9/29/15,1443484800,762,18.51,4640
9/30/15,1443571200,742,18.04,4757
10/1/15,1443657600,741,16.45,5210
10/2/15,1443744000,773,16.62,5143
10/3/15,1443830400,769,16.84,5077
10/4/15,1443916800,776,17.47,4886
10/5/15,1444003200,771,17.05,5009
10/6/15,1444089600,781,17.67,4806
10/7/15,1444176000,808,17.09,5004
10/8/15,1444262400,789,16.6,5152
10/9/15,1444348800,779,17.45,4905
10/10/15,1444435200,778,17.44,4896
10/11/15,1444521600,748,16.91,5073
10/12/15,1444608000,787,16.48,5148
10/13/15,1444694400,818,16.76,5108
10/14/15,1444780800,791,17.3,4934
10/15/15,1444867200,824,17.39,4926
10/16/15,1444953600,827,17.56,4883
10/17/15,1445040000,788,16.86,5056
10/18/15,1445126400,812,17.28,4945
10/19/15,1445212800,802,17.29,4975
10/20/15,1445299200,770,17.2,4990
10/21/15,1445385600,774,17.22,4990
10/22/15,1445472000,782,17.78,4835
10/23/15,1445558400,818,16.26,5263
10/24/15,1445644800,771,16.52,5171
10/25/15,1445731200,751,16.74,5096
10/26/15,1445817600,765,17.52,4908
10/27/15,1445904000,815,16.5,5220
10/28/15,1445990400,808,17.33,4967
10/29/15,1446076800,814,16.64,5158
10/30/15,1446163200,781,16.3,5232
10/31/15,1446249600,812,16.65,5129
11/1/15,1446336000,783,16.54,5158
11/2/15,1446422400,779,17.04,5024
11/3/15,1446508800,844,16.83,5085
11/4/15,1446595200,762,16.79,5125
11/5/15,1446681600,813,16.85,5103
11/6/15,1446768000,812,16.56,5142
11/7/15,1446854400,1005,17.27,4922
11/8/15,1446940800,1015,17.02,5021
11/9/15,1447027200,786,17,5024
11/10/15,1447113600,834,16.92,5053
11/11/15,1447200000,1044,17.08,5028
11/12/15,1447286400,874,16.84,5079
11/13/15,1447372800,808,16.63,5119
11/14/15,1447459200,938,16.64,5127
11/15/15,1447545600,797,16.52,5195
11/16/15,1447632000,782,16.97,5039
11/17/15,1447718400,762,16.54,5163
11/18/15,1447804800,774,16.81,5075
11/19/15,1447891200,882,17.04,4977
11/20/15,1447977600,814,18.1,4721
11/21/15,1448064000,832,16.97,5035
11/22/15,1448150400,816,16.9,5049
11/23/15,1448236800,863,16.65,5089
11/24/15,1448323200,828,17.21,5001
11/25/15,1448409600,807,17.37,4940
11/26/15,1448496000,784,17.36,4940
11/27/15,1448582400,790,16.5,5174
11/28/15,1448668800,774,16.96,5008
11/29/15,1448755200,776,16.84,5050
11/30/15,1448841600,864,16.75,5080
12/1/15,1448928000,847,16.92,5078
12/2/15,1449014400,819,17.86,4824
12/3/15,1449100800,778,16.46,5205
12/4/15,1449187200,804,17.09,5008
12/5/15,1449273600,835,17.07,5006
12/6/15,1449360000,877,17.42,4913
12/7/15,1449446400,775,17.18,4971
12/8/15,1449532800,771,17.39,4911
12/9/15,1449619200,779,16.46,5208
12/10/15,1449705600,820,16.71,5144
12/11/15,1449792000,884,16.93,5062
12/12/15,1449878400,916,16.82,5076
12/13/15,1449964800,845,16.29,5280
12/14/15,1450051200,1752,17.12,4999
12/15/15,1450137600,1834,16.91,5070
12/16/15,1450224000,1216,17.13,4982
12/17/15,1450310400,1053,16.86,5060
12/18/15,1450396800,1057,17.06,5020
12/19/15,1450483200,1009,16.89,5038
12/20/15,1450569600,1103,17.07,4947
12/21/15,1450656000,1172,17.14,4976
12/22/15,1450742400,2045,16.63,5129
12/23/15,1450828800,1544,16.73,5112
12/24/15,1450915200,1292,17.04,5018
12/25/15,1451001600,1042,16.82,5080
12/26/15,1451088000,1074,17.08,5004
12/27/15,1451174400,1575,16.96,5018
12/28/15,1451260800,1239,16.65,5081
12/29/15,1451347200,1200,17.18,4981
12/30/15,1451433600,1564,17.03,5028
12/31/15,1451520000,1057,16.97,5040
1/1/16,1451606400,885,17.43,4885
1/2/16,1451692800,954,16.74,5095
1/3/16,1451779200,955,16.51,5134
1/4/16,1451865600,981,16.61,5096
1/5/16,1451952000,1396,16.47,5126
1/6/16,1452038400,1553,16.63,5090
1/7/16,1452124800,1550,16.99,4981
1/8/16,1452211200,1080,16.28,5176
1/9/16,1452297600,1209,16.59,5099
1/10/16,1452384000,1044,16.59,5093
1/11/16,1452470400,1058,16.51,5107
1/12/16,1452556800,1094,17.23,4930
1/13/16,1452643200,1423,16.93,5002
1/14/16,1452729600,1062,16.66,5090
1/15/16,1452816000,1006,16.61,5084
1/16/16,1452902400,967,16.79,5046
1/17/16,1452988800,887,16.76,5036
1/18/16,1453075200,1057,16.71,5072
1/19/16,1453161600,1107,16.93,4972
1/20/16,1453248000,959,16.72,5038
1/21/16,1453334400,944,16.97,4963
1/22/16,1453420800,1027,16.81,5007
1/23/16,1453507200,906,17.12,4928
1/24/16,1453593600,993,16.39,5168
1/25/16,1453680000,1335,17.31,4881
1/26/16,1453766400,1228,16.37,5152
1/27/16,1453852800,1566,16.96,4983
1/28/16,1453939200,1424,16.96,5059
1/29/16,1454025600,1308,17.27,4981
1/30/16,1454112000,1179,17.11,5017
1/31/16,1454198400,1135,17.63,4872
2/1/16,1454284800,1081,16.96,5015
2/2/16,1454371200,1077,17.15,4955
2/3/16,1454457600,1060,16.36,5199
2/4/16,1454544000,1087,16.8,5062
2/5/16,1454630400,1117,16.84,5046
2/6/16,1454716800,1678,17.05,4987
2/7/16,1454803200,1026,16.69,5087
2/8/16,1454889600,1034,16.75,5071
2/9/16,1454976000,1032,16.92,5055
2/10/16,1455062400,1106,17.26,4961
2/11/16,1455148800,1280,17.02,5019
2/12/16,1455235200,1171,16.99,5033
2/13/16,1455321600,1222,16.82,5093
2/14/16,1455408000,1140,17.03,4990
2/15/16,1455494400,1127,17.2,4975
2/16/16,1455580800,1128,17.02,5025
2/17/16,1455667200,1265,17.5,4857
2/18/16,1455753600,1109,17.1,4999
2/19/16,1455840000,1157,16.91,5033
2/20/16,1455926400,1046,16.83,5051
2/21/16,1456012800,1051,16.81,5055
2/22/16,1456099200,1090,16.68,5103
2/23/16,1456185600,1117,17,4969
2/24/16,1456272000,1109,16.89,5029
2/25/16,1456358400,1114,16.51,5128
2/26/16,1456444800,1289,16.76,5055
2/27/16,1456531200,1102,16.95,4992
2/28/16,1456617600,1091,16.8,5029
2/29/16,1456704000,1175,17.47,4820
3/1/16,1456790400,1157,16.58,5052
3/2/16,1456876800,1199,16.58,5086
3/3/16,1456963200,1248,16.71,5014
3/4/16,1457049600,1249,16.87,4994
3/5/16,1457136000,1314,16.32,5138
3/6/16,1457222400,1366,17.17,4907
3/7/16,1457308800,1218,16.8,5026
3/8/16,1457395200,1242,16.76,5017
3/9/16,1457481600,1279,16.81,4989
3/10/16,1457568000,1222,16.18,5196
3/11/16,1457654400,1211,16.68,5065
3/12/16,1457740800,1385,16.75,5023
3/13/16,1457827200,1392,16.08,5186
3/14/16,1457913600,1501,16.53,5108
3/15/16,1458000000,1318,14.09,5979
3/16/16,1458086400,1316,14.01,6025
3/17/16,1458172800,1421,13.82,6082
3/18/16,1458259200,1403,14.08,5962
3/19/16,1458345600,1494,13.7,6082
3/20/16,1458432000,1446,13.9,6027
3/21/16,1458518400,1498,14.01,5994
3/22/16,1458604800,1514,13.85,6071
3/23/16,1458691200,1529,14.04,5974
3/24/16,1458777600,1862,13.71,6101
3/25/16,1458864000,1621,13.78,6066
3/26/16,1458950400,1538,13.72,6095
3/27/16,1459036800,1261,13.85,6046
3/28/16,1459123200,1568,14.05,5999
3/29/16,1459209600,1389,13.98,6010
3/30/16,1459296000,1572,13.86,6047
3/31/16,1459382400,1405,13.95,6021
4/1/16,1459468800,1493,13.75,6081
4/2/16,1459555200,1235,14.12,5936
4/3/16,1459641600,1245,13.91,6035
4/4/16,1459728000,1502,13.8,6086
4/5/16,1459814400,1528,13.94,6033
4/6/16,1459900800,1337,14.07,6004
4/7/16,1459987200,1404,14.16,5953
4/8/16,1460073600,1541,13.81,6102
4/9/16,1460160000,1318,14.12,5933
4/10/16,1460246400,1281,13.82,6065
4/11/16,1460332800,1262,14.14,5937
4/12/16,1460419200,1451,13.91,6015
4/13/16,1460505600,1477,13.95,6015
4/14/16,1460592000,1406,13.91,6021
4/15/16,1460678400,1412,13.86,6059
4/16/16,1460764800,1215,13.93,6019
4/17/16,1460851200,1917,13.91,6015
4/18/16,1460937600,1351,13.79,6055
4/19/16,1461024000,1317,14,5969
4/20/16,1461110400,1359,13.88,6050
4/21/16,1461196800,1504,14,5990
4/22/16,1461283200,1291,13.94,6031
4/23/16,1461369600,1270,13.89,6051
4/24/16,1461456000,1433,13.95,5981
4/25/16,1461542400,1399,13.7,6104
4/26/16,1461628800,1344,14.05,5952
4/27/16,1461715200,1314,13.87,6062
4/28/16,1461801600,1408,13.88,6030
4/29/16,1461888000,1423,13.88,6030
4/30/16,1461974400,1588,13.84,6058
5/1/16,1462060800,1681,14.09,5942
5/2/16,1462147200,1480,13.86,6080
5/3/16,1462233600,1446,13.78,6054
5/4/16,1462320000,1498,14.04,5980
5/5/16,1462406400,1486,13.92,6037
5/6/16,1462492800,1625,13.91,6022
5/7/16,1462579200,1375,13.97,5988
5/8/16,1462665600,1530,13.83,6051
5/9/16,1462752000,1460,13.96,6044
5/10/16,1462838400,1481,13.85,6012
5/11/16,1462924800,1559,14.22,5914
5/12/16,1463011200,1679,13.69,6099
5/13/16,1463097600,1674,13.65,6064
5/14/16,1463184000,1683,13.93,5958
5/15/16,1463270400,1540,13.94,6015
5/16/16,1463356800,1491,14.03,5961
5/17/16,1463443200,1515,13.74,6071
5/18/16,1463529600,1689,13.85,6063
5/19/16,1463616000,1576,13.96,6011
5/20/16,1463702400,1677,13.9,6037
5/21/16,1463788800,1673,14.02,5981
5/22/16,1463875200,1494,13.8,6084
5/23/16,1463961600,1568,13.91,6013
5/24/16,1464048000,1528,14,6010
5/25/16,1464134400,1670,13.91,6029
5/26/16,1464220800,1733,13.89,6019
5/27/16,1464307200,1727,13.8,6045
5/28/16,1464393600,2436,13.85,6019
5/29/16,1464480000,1675,13.91,6001
5/30/16,1464566400,1543,13.92,6007
5/31/16,1464652800,1594,14.14,5936
6/1/16,1464739200,1562,13.88,6039
6/2/16,1464825600,1453,13.86,6072
6/3/16,1464912000,1429,13.81,6029
6/4/16,1464998400,1409,13.85,6016
6/5/16,1465084800,1396,13.99,5963
6/6/16,1465171200,1426,13.69,6108
6/7/16,1465257600,1693,13.95,5990
6/8/16,1465344000,1437,13.79,6091
6/9/16,1465430400,1477,13.75,6092
6/10/16,1465516800,1437,14.21,5902
6/11/16,1465603200,1382,13.68,6114
6/12/16,1465689600,1463,13.86,6065
6/13/16,1465776000,1599,13.85,6084
6/14/16,1465862400,1713,13.82,6035
6/15/16,1465948800,1523,13.91,6007
6/16/16,1466035200,1604,13.97,6015
6/17/16,1466121600,2138,14.03,5849
6/18/16,1466208000,2044,13.76,5889
6/19/16,1466294400,1624,13.43,6222
6/20/16,1466380800,1709,14.03,5949
6/21/16,1466467200,1629,13.97,5999
6/22/16,1466553600,1614,13.65,6139
6/23/16,1466640000,1513,14.01,6003
6/24/16,1466726400,1638,13.84,6042
6/25/16,1466812800,1415,13.98,5998
6/26/16,1466899200,1453,13.85,6052
6/27/16,1466985600,1410,13.89,6052
6/28/16,1467072000,1482,13.8,6067
6/29/16,1467158400,1792,14.01,5991
6/30/16,1467244800,2367,13.97,5985
7/1/16,1467331200,1380,13.71,6127
7/2/16,1467417600,1382,13.95,6003
7/3/16,1467504000,1404,13.91,6045
7/4/16,1467590400,1415,13.85,6067
7/5/16,1467676800,1470,14.11,5949
7/6/16,1467763200,1409,13.75,6088
7/7/16,1467849600,1414,13.93,6036
7/8/16,1467936000,1581,14.01,5996
7/9/16,1468022400,1417,13.71,6126
7/10/16,1468108800,1407,13.92,6046
7/11/16,1468195200,1421,13.87,6029
7/12/16,1468281600,1567,13.99,6006
7/13/16,1468368000,1357,13.85,6086
7/14/16,1468454400,1536,13.96,6001
7/15/16,1468540800,1457,14.04,5988
7/16/16,1468627200,1349,13.78,6081
7/17/16,1468713600,1264,13.94,6029
7/18/16,1468800000,1397,13.69,6109
7/19/16,1468886400,1502,14,5970
7/20/16,1468972800,1718,14.05,5946
7/21/16,1469059200,1522,13.65,6154
7/22/16,1469145600,1641,14.08,5957
7/23/16,1469232000,1496,13.84,6093
7/24/16,1469318400,1797,14.16,5937
7/25/16,1469404800,1737,13.94,6030
7/26/16,1469491200,1946,14.42,5809
7/27/16,1469577600,1706,13.79,6175
7/28/16,1469664000,1610,14.21,6081
7/29/16,1469750400,1598,14.45,5979
7/30/16,1469836800,1460,14.44,5981
7/31/16,1469923200,1585,14.33,6029
8/1/16,1470009600,1561,14.49,5961
8/2/16,1470096000,1687,14.66,5894
8/3/16,1470182400,1665,14.44,5984
8/4/16,1470268800,1617,13.95,6192
8/5/16,1470355200,1527,14.24,6065
8/6/16,1470441600,1465,14.46,5978
8/7/16,1470528000,1473,14.22,6077
8/8/16,1470614400,1504,14.26,6059
8/9/16,1470700800,1592,14.1,6130
8/10/16,1470787200,1607,14.27,6054
8/11/16,1470873600,1621,14.24,6068
8/12/16,1470960000,1559,14.37,6014
8/13/16,1471046400,1431,14.32,6032
8/14/16,1471132800,1406,14.32,6034
8/15/16,1471219200,1467,14.19,6090
8/16/16,1471305600,1621,14.27,6054
8/17/16,1471392000,1532,14.38,6009
8/18/16,1471478400,1663,14.16,6100
8/19/16,1471564800,1491,14.37,6014
8/20/16,1471651200,1453,14.27,6055
8/21/16,1471737600,1480,14.2,6084
8/22/16,1471824000,1526,14.22,6078
8/23/16,1471910400,2023,14.36,6015
8/24/16,1471996800,1590,14.28,6053
8/25/16,1472083200,1663,14.18,6094
8/26/16,1472169600,1610,14.39,6006
8/27/16,1472256000,1586,14.22,6076
8/28/16,1472342400,1451,14.32,6035
8/29/16,1472428800,1572,14.37,6014
8/30/16,1472515200,1616,14.34,6026
8/31/16,1472601600,1538,14.22,6073
9/1/16,1472688000,1583,14.43,5989
9/2/16,1472774400,1850,14.18,6088
9/3/16,1472860800,1513,14.53,5949
9/4/16,1472947200,1719,14.34,6023
9/5/16,1473033600,1512,14.22,6076
9/6/16,1473120000,1722,14.42,5993
9/7/16,1473206400,1692,14.11,6118
9/8/16,1473292800,1900,14.37,6016
9/9/16,1473379200,1853,14.23,6074
9/10/16,1473465600,1508,14.4,5999
9/11/16,1473552000,1460,14.18,6093
9/12/16,1473638400,1585,14.25,6063
9/13/16,1473724800,1497,14.39,6003
9/14/16,1473811200,1758,14.18,6091
9/15/16,1473897600,1743,14.32,6031
9/16/16,1473984000,2020,14.25,6065
9/17/16,1474070400,1588,14.3,6044
9/18/16,1474156800,1433,15.43,5598
9/19/16,1474243200,1341,13.48,6409
9/20/16,1474329600,1689,14.01,6167
9/21/16,1474416000,1598,14.25,6062
9/22/16,1474502400,1876,15.04,5746
9/23/16,1474588800,1280,13.87,6226
9/24/16,1474675200,1526,14.71,5877
9/25/16,1474761600,1387,13.79,6267
9/26/16,1474848000,1545,14.79,5843
9/27/16,1474934400,1661,14.27,6053
9/28/16,1475020800,1561,14.15,6106
9/29/16,1475107200,1442,14.11,6126
9/30/16,1475193600,1437,14.37,6008
10/1/16,1475280000,1810,14.96,5780
10/2/16,1475366400,1687,14.04,6068
10/3/16,1475452800,1719,13.85,6204
10/4/16,1475539200,2192,14.13,6077
10/5/16,1475625600,1802,14.69,5817
10/6/16,1475712000,1938,14.44,5953
10/7/16,1475798400,4119,14.4,5887
10/8/16,1475884800,5429,13.73,6200
10/9/16,1475971200,5683,14.17,6049
10/10/16,1476057600,12725,14.16,6041
10/11/16,1476144000,2762,14.2,6050
10/12/16,1476230400,1248,14.48,5910
10/13/16,1476316800,1306,13.94,6114
10/14/16,1476403200,1400,14.13,6079
10/15/16,1476489600,1236,14.25,6027
10/16/16,1476576000,1297,14.2,6055
10/17/16,1476662400,1377,14.39,5959
10/18/16,1476748800,1747,14,6119
10/19/16,1476835200,1638,14.74,5774
10/20/16,1476921600,1466,13.65,6298
10/21/16,1477008000,1724,14.11,6097
10/22/16,1477094400,1357,14.24,6041
10/23/16,1477180800,1292,14.38,5993
10/24/16,1477267200,1791,14.15,6065
10/25/16,1477353600,1675,14.26,6028
10/26/16,1477440000,1550,14.13,6096
10/27/16,1477526400,1518,14.29,6018
10/28/16,1477612800,1472,14.49,5943
10/29/16,1477699200,1461,15.16,5668
10/30/16,1477785600,1422,14.18,6059
10/31/16,1477872000,1536,14.12,6092
11/1/16,1477958400,1689,14.75,5839
11/2/16,1478044800,1497,14.46,5952
11/3/16,1478131200,1471,14.46,5950
11/4/16,1478217600,1262,14.58,5904
11/5/16,1478304000,1358,14.33,5996
11/6/16,1478390400,1289,14.17,6054
11/7/16,1478476800,1399,13.6,6315
11/8/16,1478563200,1476,13.97,6159
11/9/16,1478649600,1484,14.49,5924
11/10/16,1478736000,1492,14.4,5966
11/11/16,1478822400,1462,14.37,5992
11/12/16,1478908800,1426,14.12,6086
11/13/16,1478995200,1468,13.85,6203
11/14/16,1479081600,1576,14.13,6067
11/15/16,1479168000,1577,14.33,6006
11/16/16,1479254400,1481,14.21,6045
11/17/16,1479340800,1476,14.61,5868
11/18/16,1479427200,1514,13.67,6289
11/19/16,1479513600,1375,13.92,6150
11/20/16,1479600000,1473,13.87,6179
11/21/16,1479686400,1537,14.12,6073
11/22/16,1479772800,1708,14.47,5922
11/23/16,1479859200,1950,14.5,5837
11/24/16,1479945600,1424,14.44,5914
11/25/16,1480032000,1767,14.13,6111
11/26/16,1480118400,1501,14.56,5938
11/27/16,1480204800,1703,14.53,5945
11/28/16,1480291200,1731,14.3,6042
11/29/16,1480377600,1692,14.43,5988
11/30/16,1480464000,2209,14.26,6061
12/1/16,1480550400,1407,14.27,6057
12/2/16,1480636800,1462,14.22,6075
12/3/16,1480723200,1404,14,6160
12/4/16,1480809600,1403,14.4,5983
12/5/16,1480896000,1491,14.34,6004
12/6/16,1480982400,1615,14.09,6089
12/7/16,1481068800,1523,14.17,6073
12/8/16,1481155200,1416,14.03,6125
12/9/16,1481241600,1502,14.22,6050
12/10/16,1481328000,1428,14.16,6075
12/11/16,1481414400,1681,14.11,6098
12/12/16,1481500800,1477,14.35,5999
12/13/16,1481587200,1538,14.17,6070
12/14/16,1481673600,1835,14.14,6080
12/15/16,1481760000,1582,14.33,6001
12/16/16,1481846400,1506,14.15,6075
12/17/16,1481932800,1418,14.07,6116
12/18/16,1482019200,1345,14.13,6096
12/19/16,1482105600,1616,14.27,6032
12/20/16,1482192000,1536,14.19,6069
12/21/16,1482278400,1769,14.19,6070
12/22/16,1482364800,1762,14.42,5956
12/23/16,1482451200,1522,14.43,5954
12/24/16,1482537600,1361,14.33,6006
12/25/16,1482624000,1317,14.07,6127
12/26/16,1482710400,1294,14.18,6066
12/27/16,1482796800,1558,14.38,5998
12/28/16,1482883200,1531,14.19,6056
12/29/16,1482969600,1678,14.12,6082
12/30/16,1483056000,1623,14.17,6063
12/31/16,1483142400,1544,14.34,5993
1/1/17,1483228800,1390,14.09,6111
1/2/17,1483315200,1458,14.21,6058
1/3/17,1483401600,1627,14.28,6035
1/4/17,1483488000,1717,13.99,6141
1/5/17,1483574400,1676,14.1,6091
1/6/17,1483660800,1593,14.32,6009
1/7/17,1483747200,1570,14.09,6108
1/8/17,1483833600,1557,14.13,6074
1/9/17,1483920000,1595,14.16,6082
1/10/17,1484006400,1686,14.27,6030
1/11/17,1484092800,1591,14.24,6047
1/12/17,1484179200,1697,14.21,6056
1/13/17,1484265600,1729,14.1,6106
1/14/17,1484352000,1499,14.18,6067
1/15/17,1484438400,1498,14.14,6085
1/16/17,1484524800,1575,14.22,6052
1/17/17,1484611200,1642,14.36,6002
1/18/17,1484697600,1583,14.18,6065
1/19/17,1484784000,1552,14,6158
1/20/17,1484870400,1609,14.41,5963
1/21/17,1484956800,1504,14.27,6046
1/22/17,1485043200,1616,14.18,6065
1/23/17,1485129600,1612,14.22,6048
1/24/17,1485216000,1754,14.23,6037
1/25/17,1485302400,1644,14.31,6010
1/26/17,1485388800,1673,14.14,6081
1/27/17,1485475200,1658,14.36,5985
1/28/17,1485561600,1628,14.21,6063
1/29/17,1485648000,1523,14.43,5960
1/30/17,1485734400,1579,14.1,6094
1/31/17,1485820800,1539,14.29,6018
2/1/17,1485907200,1607,14.32,6009
2/2/17,1485993600,1578,14.2,6047
2/3/17,1486080000,1568,14.38,5990
2/4/17,1486166400,1560,14.12,6078
2/5/17,1486252800,1614,14.16,6077
2/6/17,1486339200,1606,14.21,6050
2/7/17,1486425600,1827,14.34,5998
2/8/17,1486512000,1764,14.18,6067
2/9/17,1486598400,1630,14.25,6029
2/10/17,1486684800,1735,14.23,6040
2/11/17,1486771200,1594,14.22,6038
2/12/17,1486857600,1571,14.21,6059
2/13/17,1486944000,1823,14.19,6070
2/14/17,1487030400,1914,14.29,6023
2/15/17,1487116800,1818,14.14,6089
2/16/17,1487203200,1661,14.22,6052
2/17/17,1487289600,1661,14.33,6012
2/18/17,1487376000,1773,14.34,5999
2/19/17,1487462400,1635,14.31,6019
2/20/17,1487548800,1696,14.31,6015
2/21/17,1487635200,1989,14.2,6052
2/22/17,1487721600,1790,14.43,5968
2/23/17,1487808000,1667,14.29,6019
2/24/17,1487894400,1778,14.34,6011
2/25/17,1487980800,1761,14.28,6039
2/26/17,1488067200,1713,14.12,6089
2/27/17,1488153600,1819,14.37,5988
2/28/17,1488240000,1935,14.08,6107
3/1/17,1488326400,2235,14.45,5958
3/2/17,1488412800,2209,14.2,6061
3/3/17,1488499200,2084,14.31,6006
3/4/17,1488585600,1860,14.37,5985
3/5/17,1488672000,1821,14.18,6073
3/6/17,1488758400,1808,14.41,5977
3/7/17,1488844800,1963,14.43,5978
3/8/17,1488931200,1800,14.29,6016
3/9/17,1489017600,2403,14.54,5928
3/10/17,1489104000,2190,14.43,5953
3/11/17,1489190400,2014,14.35,6002
3/12/17,1489276800,2043,14.53,5919
3/13/17,1489363200,2452,14.25,6040
3/14/17,1489449600,2433,14.43,5961
3/15/17,1489536000,2456,14.37,5986
3/16/17,1489622400,3071,14.37,5990
3/17/17,1489708800,2880,14.22,6046
3/18/17,1489795200,2513,14.36,5991
3/19/17,1489881600,2396,14.48,5950
3/20/17,1489968000,2316,14.15,6066
3/21/17,1490054400,2507,14.46,5957
3/22/17,1490140800,2368,14.31,6008
3/23/17,1490227200,2513,14.55,5914
3/24/17,1490313600,2557,14.54,5913
3/25/17,1490400000,2428,14.44,5962
3/26/17,1490486400,2375,14.37,5981
3/27/17,1490572800,2896,14.45,5951
3/28/17,1490659200,2543,14.61,5900
3/29/17,1490745600,2744,14.36,5988
3/30/17,1490832000,2853,14.57,5910
3/31/17,1490918400,2949,14.39,5971
4/1/17,1491004800,2403,14.51,5926
4/2/17,1491091200,2669,14.7,5846
4/3/17,1491177600,2788,14.4,5979
4/4/17,1491264000,2518,14.49,5932
4/5/17,1491350400,2558,14.41,5986
4/6/17,1491436800,2799,14.65,5880
4/7/17,1491523200,2776,14.47,5946
4/8/17,1491609600,2249,14.52,5936
4/9/17,1491696000,2358,14.9,5797
4/10/17,1491782400,2460,14.97,5758
4/11/17,1491868800,2377,14.76,5849
4/12/17,1491955200,2697,14.98,5779
4/13/17,1492041600,2589,14.88,5798
4/14/17,1492128000,2451,14.62,5908
4/15/17,1492214400,2348,15.08,5721
4/16/17,1492300800,2220,14.85,5820
4/17/17,1492387200,2309,14.73,5861
4/18/17,1492473600,2603,14.67,5861
4/19/17,1492560000,2664,15.06,5718
4/20/17,1492646400,2581,14.67,5859
4/21/17,1492732800,2691,14.67,5878
4/22/17,1492819200,2429,14.87,5792
4/23/17,1492905600,2393,14.67,5864
4/24/17,1492992000,2553,15.06,5721
4/25/17,1493078400,2803,14.57,5897
4/26/17,1493164800,2724,15.27,5637
4/27/17,1493251200,3095,15.25,5642
4/28/17,1493337600,3178,15.12,5697
4/29/17,1493424000,2793,15.29,5626
4/30/17,1493510400,3064,15.25,5648
5/1/17,1493596800,3544,15.32,5624
5/2/17,1493683200,3461,15.29,5619
5/3/17,1493769600,3028,15.21,5649
5/4/17,1493856000,3351,15.25,5649
5/5/17,1493942400,3171,15.15,5675
5/6/17,1494028800,2934,15.14,5678
5/7/17,1494115200,3322,15.07,5718
5/8/17,1494201600,3409,15.24,5640
5/9/17,1494288000,3376,15.13,5672
5/10/17,1494374400,3227,15.19,5648
5/11/17,1494460800,3352,15.03,5702
5/12/17,1494547200,3154,15.1,5688
5/13/17,1494633600,3065,15.39,5591
5/14/17,1494720000,3140,15.92,5402
5/15/17,1494806400,3831,15.9,5401
5/16/17,1494892800,3644,15.67,5457
5/17/17,1494979200,4305,16.1,5325
5/18/17,1495065600,4245,15.74,5462
5/19/17,1495152000,4801,15.83,5424
5/20/17,1495238400,4179,15.59,5489
5/21/17,1495324800,4586,15.77,5437
5/22/17,1495411200,5328,15.71,5468
5/23/17,1495497600,6627,15.83,5419
5/24/17,1495584000,6666,15.77,5427
5/25/17,1495670400,5952,15.71,5465
5/26/17,1495756800,5559,15.57,5492
5/27/17,1495843200,5127,15.76,5439
5/28/17,1495929600,5379,15.7,5453
5/29/17,1496016000,4922,15.32,5579
5/30/17,1496102400,7069,15.3,5581
5/31/17,1496188800,6843,15.87,5412
6/1/17,1496275200,6541,16.22,5276
6/2/17,1496361600,7542,16.82,5087
6/3/17,1496448000,6636,16.51,5206
6/4/17,1496534400,6458,16.61,5160
6/5/17,1496620800,6439,16.31,5249
6/6/17,1496707200,7374,16.44,5208
6/7/17,1496793600,7388,16.39,5239
6/8/17,1496880000,6932,16.43,5209
6/9/17,1496966400,7482,16.42,5214
6/10/17,1497052800,6592,16.02,5332
6/11/17,1497139200,8658,16.37,5246
6/12/17,1497225600,9451,16.31,5237
6/13/17,1497312000,8807,16.21,5272
6/14/17,1497398400,7942,16.15,5293
6/15/17,1497484800,8192,16.11,5305
6/16/17,1497571200,8034,16.03,5336
6/17/17,1497657600,7958,16.17,5279
6/18/17,1497744000,7931,15.97,5347
6/19/17,1497830400,8956,16,5334
6/20/17,1497916800,9258,17.32,4967
6/21/17,1498003200,6195,17.52,4898
6/22/17,1498089600,8691,17.31,4944
6/23/17,1498176000,9123,17.53,4890
6/24/17,1498262400,8935,17.25,4939
6/25/17,1498348800,8979,17.32,4926
6/26/17,1498435200,9544,17.2,4965
6/27/17,1498521600,7911,17.06,5001
6/28/17,1498608000,10005,17.24,4961
6/29/17,1498694400,9460,16.96,5027
6/30/17,1498780800,8800,16.98,5036
7/1/17,1498867200,8106,17.05,5009
7/2/17,1498953600,8503,16.97,5034
7/3/17,1499040000,10143,16.85,5052
7/4/17,1499126400,10132,16.81,5078
7/5/17,1499212800,10094,17.16,4985
7/6/17,1499299200,8830,16.96,5046
7/7/17,1499385600,9709,16.78,5084
7/8/17,1499472000,8884,16.78,5087
7/9/17,1499558400,6980,16.81,5094
7/10/17,1499644800,10586,18.59,4594
7/11/17,1499731200,10484,18.95,4520
7/12/17,1499817600,10735,18.95,4509
7/13/17,1499904000,10676,18.88,4512
7/14/17,1499990400,10040,19.02,4502
7/15/17,1500076800,8747,18.58,4603
7/16/17,1500163200,9225,18.71,4575
7/17/17,1500249600,9814,19.17,4459
7/18/17,1500336000,11286,18.82,4551
7/19/17,1500422400,10282,18.43,4637
7/20/17,1500508800,9370,18.44,4632
7/21/17,1500595200,8661,18.85,4543
7/22/17,1500681600,7992,18.45,4649
7/23/17,1500768000,9282,18.33,4660
7/24/17,1500854400,10560,18.62,4582
7/25/17,1500940800,9766,18.24,4686
7/26/17,1501027200,8403,18.43,4650
7/27/17,1501113600,8346,18.45,4634
7/28/17,1501200000,9258,18.45,4647
7/29/17,1501286400,7452,18.29,4683
7/30/17,1501372800,7621,18.25,4704
7/31/17,1501459200,9291,18.87,4535
8/1/17,1501545600,9503,20.93,4087
8/2/17,1501632000,9426,21.24,4044
8/3/17,1501718400,9597,21.55,3976
8/4/17,1501804800,10507,21.13,4040
8/5/17,1501891200,10427,21.22,4034
8/6/17,1501977600,10463,21.29,4032
8/7/17,1502064000,11867,20.92,4094
8/8/17,1502150400,13278,20.88,4093
8/9/17,1502236800,11373,20.85,4113
8/10/17,1502323200,13581,21.07,4029
8/11/17,1502409600,14429,20.79,4105
8/12/17,1502496000,13642,21.01,4113
8/13/17,1502582400,12993,20.73,4129
8/14/17,1502668800,15655,20.61,4133
8/15/17,1502755200,16403,20.73,4132
8/16/17,1502841600,17360,20.43,4166
8/17/17,1502928000,17330,20.61,4144
8/18/17,1503014400,17335,20.68,4136
8/19/17,1503100800,16348,20.29,4211
8/20/17,1503187200,12825,20.65,4156
8/21/17,1503273600,15179,20.31,4233
8/22/17,1503360000,14259,20.38,4185
8/23/17,1503446400,14352,20.38,4216
8/24/17,1503532800,13796,20.51,4184
8/25/17,1503619200,15772,24.18,3554
8/26/17,1503705600,14625,24.58,3499
8/27/17,1503792000,14945,24.43,3514
8/28/17,1503878400,17757,25,3446
8/29/17,1503964800,18455,24.22,3541
8/30/17,1504051200,18827,24.21,3531
8/31/17,1504137600,17436,24.64,3473
9/1/17,1504224000,18436,24.43,3521
9/2/17,1504310400,15334,24.2,3541
9/3/17,1504396800,13871,24.24,3539
9/4/17,1504483200,19760,24.33,3527
9/5/17,1504569600,19704,24.08,3559
9/6/17,1504656000,22603,24.44,3510
9/7/17,1504742400,21135,24.16,3547
9/8/17,1504828800,20975,23.86,3592
9/9/17,1504915200,17147,24.01,3561
9/10/17,1505001600,14680,24.03,3574
9/11/17,1505088000,16764,24.12,3551
9/12/17,1505174400,18037,23.83,3603
9/13/17,1505260800,16933,24.19,3536
9/14/17,1505347200,17288,23.71,3599
9/15/17,1505433600,19312,23.56,3616
9/16/17,1505520000,16698,23.68,3609
9/17/17,1505606400,14350,23.67,3630
9/18/17,1505692800,17536,23.99,3557
9/19/17,1505779200,16596,23.53,3628
9/20/17,1505865600,16028,23.74,3600
9/21/17,1505952000,16104,23.53,3645
9/22/17,1506038400,16972,28.57,3001
9/23/17,1506124800,15951,29.78,2884
9/24/17,1506211200,17983,29.19,2938
9/25/17,1506297600,19577,30.16,2836
9/26/17,1506384000,18527,29.56,2890
9/27/17,1506470400,18893,29.54,2904
9/28/17,1506556800,20553,30.02,2856
9/29/17,1506643200,21540,30.31,2829
9/30/17,1506729600,21998,30.27,2840
10/1/17,1506816000,21781,30.08,2862
10/2/17,1506902400,21143,30.16,2842
10/3/17,1506988800,20918,29.9,2862
10/4/17,1507075200,20395,29.4,2886
10/5/17,1507161600,20313,29.11,2946
10/6/17,1507248000,21656,30,2848
10/7/17,1507334400,19657,29.94,2848
10/8/17,1507420800,19150,29.65,2879
10/9/17,1507507200,19671,29.74,2882
10/10/17,1507593600,21438,29.38,2915
10/11/17,1507680000,20045,29.33,2915
10/12/17,1507766400,21137,29.46,2899
10/13/17,1507852800,21845,29.6,2891
10/14/17,1507939200,19951,29.71,2887
10/15/17,1508025600,19011,29.09,2925
10/16/17,1508112000,16294,18.71,4554
10/17/17,1508198400,14412,14.06,6050
10/18/17,1508284800,13060,13.73,6221
10/19/17,1508371200,12978,13.71,6241
10/20/17,1508457600,15254,13.68,6237
10/21/17,1508544000,11983,13.69,6229
10/22/17,1508630400,10947,13.59,6280
10/23/17,1508716800,12828,13.63,6254
10/24/17,1508803200,13946,13.64,6248
10/25/17,1508889600,14347,13.78,6176
10/26/17,1508976000,14417,13.87,6157
10/27/17,1509062400,14924,13.67,6229
10/28/17,1509148800,14317,13.69,6240
10/29/17,1509235200,14872,13.78,6194
10/30/17,1509321600,16448,14.02,6072
10/31/17,1509408000,15604,13.58,6275
11/1/17,1509494400,15758,13.85,6142
11/2/17,1509580800,15696,13.83,6144
11/3/17,1509667200,15831,13.68,6208
11/4/17,1509753600,12156,13.78,6196
11/5/17,1509840000,11640,13.54,6299
11/6/17,1509926400,13796,13.77,6199
11/7/17,1510012800,14267,13.72,6211
11/8/17,1510099200,14220,13.7,6236
11/9/17,1510185600,13929,13.79,6195
11/10/17,1510272000,13413,13.52,6300
11/11/17,1510358400,12665,13.58,6267
11/12/17,1510444800,13233,13.83,6245
11/13/17,1510531200,14443,13.65,6225
11/14/17,1510617600,16232,13.87,6122
11/15/17,1510704000,16453,13.69,6237
11/16/17,1510790400,15278,13.8,6154
11/17/17,1510876800,15301,13.66,6235
11/18/17,1510963200,14628,13.71,6215
11/19/17,1511049600,14551,13.6,6266
11/20/17,1511136000,16654,13.81,6176
11/21/17,1511222400,16182,13.8,6174
11/22/17,1511308800,15978,13.67,6242
11/23/17,1511395200,16029,13.73,6190
11/24/17,1511481600,15104,13.68,6234
11/25/17,1511568000,16192,13.69,6201
11/26/17,1511654400,16099,13.79,6169
11/27/17,1511740800,22187,14.02,6086
11/28/17,1511827200,18980,13.95,6094
11/29/17,1511913600,18539,13.92,6108
11/30/17,1512000000,18059,13.83,6151
12/1/17,1512086400,18184,13.89,6127
12/2/17,1512172800,17954,14.07,6053
12/3/17,1512259200,19326,14.08,6029
12/4/17,1512345600,19741,14.86,5671
12/5/17,1512432000,19800,14.94,5588
12/6/17,1512518400,21174,15.36,5473
12/7/17,1512604800,17899,14.57,5798
12/8/17,1512691200,21220,14.58,5803
12/9/17,1512777600,19891,14.51,5813
12/10/17,1512864000,20864,14.57,5781
12/11/17,1512950400,23554,14.68,5749
12/12/17,1513036800,25607,14.73,5715
12/13/17,1513123200,26216,14.96,5659
12/14/17,1513209600,26049,14.82,5694
12/15/17,1513296000,26180,14.52,5800
12/16/17,1513382400,26389,14.58,5775
12/17/17,1513468800,25965,14.66,5781
12/18/17,1513555200,27932,14.67,5781
12/19/17,1513641600,31463,15.02,5604
12/20/17,1513728000,27465,15.03,5571
12/21/17,1513814400,30221,15.07,5570
12/22/17,1513900800,29198,14.92,5652
12/23/17,1513987200,26198,14.25,5947
12/24/17,1514073600,20519,14.14,5981
12/25/17,1514160000,21721,14.17,6032
12/26/17,1514246400,22433,14.23,5992
12/27/17,1514332800,24734,14.2,5966
12/28/17,1514419200,25965,14.46,5889
12/29/17,1514505600,29542,14.71,5786
12/30/17,1514592000,29346,14.66,5773
12/31/17,1514678400,25038,14.27,5907
1/1/18,1514764800,24025,14.2,5926
1/2/18,1514851200,30157,14.74,5750
1/3/18,1514937600,32473,15.12,5540
1/4/18,1515024000,33681,15.39,5454
1/5/18,1515110400,33416,15.56,5341
1/6/18,1515196800,32655,15.59,5416
1/7/18,1515283200,31266,15.15,5528
1/8/18,1515369600,32502,15.42,5408
1/9/18,1515456000,33037,15.45,5377
1/10/18,1515542400,30646,15.31,5415
1/11/18,1515628800,31298,15.47,5430
1/12/18,1515715200,30655,15.46,5419
1/13/18,1515801600,31264,15.57,5394
1/14/18,1515888000,29323,14.78,5625
1/15/18,1515974400,31846,15.34,5424
1/16/18,1516060800,32767,15.02,5522
1/17/18,1516147200,32427,14.96,5572
1/18/18,1516233600,31705,14.9,5569
1/19/18,1516320000,28846,14.67,5685
1/20/18,1516406400,27414,14.38,5873
1/21/18,1516492800,26798,14.44,5810
1/22/18,1516579200,25864,14.31,5883
1/23/18,1516665600,25079,14.37,5898
1/24/18,1516752000,24566,14.16,5961
1/25/18,1516838400,23671,14.29,5910
1/26/18,1516924800,26059,14.24,5910
1/27/18,1517011200,22450,14.04,6004
1/28/18,1517097600,24197,14.03,6017
1/29/18,1517184000,25248,14.31,5925
1/30/18,1517270400,25224,14.31,5867
1/31/18,1517356800,24902,14.4,5883
2/1/18,1517443200,26328,14.59,5778
2/2/18,1517529600,26186,14.43,5865
2/3/18,1517616000,22592,14.16,5973
2/4/18,1517702400,22742,14.16,5960
2/5/18,1517788800,24175,14,6025
2/6/18,1517875200,24934,14.31,5926
2/7/18,1517961600,22972,14.32,5913
2/8/18,1518048000,20093,14.03,6002
2/9/18,1518134400,22095,14.26,5936
2/10/18,1518220800,22121,14.02,6022
2/11/18,1518307200,20982,14.26,5955
2/12/18,1518393600,22178,14.21,5945
2/13/18,1518480000,20432,14.23,5965
2/14/18,1518566400,21848,14.45,5860
2/15/18,1518652800,21805,14.2,5966
2/16/18,1518739200,20711,14.22,5958
2/17/18,1518825600,21891,14.05,6036
2/18/18,1518912000,20735,14.12,5984
2/19/18,1518998400,21811,14.34,5898
2/20/18,1519084800,24413,14.42,5814
2/21/18,1519171200,23307,14.37,5849
2/22/18,1519257600,21747,14.4,5873
2/23/18,1519344000,20793,14.25,5926
2/24/18,1519430400,21265,14.4,5850
2/25/18,1519516800,20566,14.39,5858
2/26/18,1519603200,21652,14.54,5803
2/27/18,1519689600,20964,14.32,5865
2/28/18,1519776000,21593,14.25,5898
3/1/18,1519862400,20663,14.37,5879
3/2/18,1519948800,22550,14.25,5899
3/3/18,1520035200,21173,14.22,5949
3/4/18,1520121600,20794,14.33,5881
3/5/18,1520208000,22566,14.36,5885
3/6/18,1520294400,21623,14.37,5890
3/7/18,1520380800,22824,14.26,5915
3/8/18,1520467200,21478,14.42,5856
3/9/18,1520553600,20374,14.33,5898
3/10/18,1520640000,18862,14.3,5893
3/11/18,1520726400,18612,14.14,5957
3/12/18,1520812800,21668,14.42,5823
3/13/18,1520899200,20946,14.43,5865
3/14/18,1520985600,20106,14.41,5843
3/15/18,1521072000,20056,14.32,5881
3/16/18,1521158400,19502,14.24,5918
3/17/18,1521244800,17376,14.46,5856
3/18/18,1521331200,20197,14.33,5933
3/19/18,1521417600,20642,14.23,5961
3/20/18,1521504000,20067,14.19,5959
3/21/18,1521590400,20630,14.21,5934
3/22/18,1521676800,17883,14.02,6014
3/23/18,1521763200,18847,14.22,5968
3/24/18,1521849600,16599,13.98,6058
3/25/18,1521936000,14982,14.12,6024
3/26/18,1522022400,17841,14.11,6004
3/27/18,1522108800,17230,14.31,5923
3/28/18,1522195200,17283,14.17,5949
3/29/18,1522281600,17508,14.38,5867
3/30/18,1522368000,18457,14.24,5938
3/31/18,1522454400,17025,14.01,6050
4/1/18,1522540800,15893,14.11,6016
4/2/18,1522627200,16871,13.92,6094
4/3/18,1522713600,19076,14.12,5999
4/4/18,1522800000,18676,14.17,6001
4/5/18,1522886400,19496,14.01,6056
4/6/18,1522972800,17769,14.01,6051
4/7/18,1523059200,15831,14.06,6049
4/8/18,1523145600,17233,13.97,6058
4/9/18,1523232000,18630,14.21,5995
4/10/18,1523318400,17582,13.93,6073
4/11/18,1523404800,18496,14.23,5962
4/12/18,1523491200,21244,14.39,5898
4/13/18,1523577600,21136,14.21,5923
4/14/18,1523664000,18148,14.29,5917
4/15/18,1523750400,18672,14.18,5939
4/16/18,1523836800,20768,14.26,5932
4/17/18,1523923200,22300,14.39,5835
4/18/18,1524009600,22474,14.55,5795
4/19/18,1524096000,25206,14.51,5810
4/20/18,1524182400,26386,14.71,5715
4/21/18,1524268800,21672,14.37,5883
4/22/18,1524355200,23074,14.31,5902
4/23/18,1524441600,24241,14.58,5776
4/24/18,1524528000,25599,14.76,5720
4/25/18,1524614400,25145,14.43,5818
4/26/18,1524700800,24705,14.34,5867
4/27/18,1524787200,24120,14.79,5714
4/28/18,1524873600,24555,14.81,5713
4/29/18,1524960000,24654,14.4,5833
4/30/18,1525046400,25891,14.71,5724
5/1/18,1525132800,24618,14.93,5622
5/2/18,1525219200,25626,14.75,5712
5/3/18,1525305600,26338,14.82,5681
5/4/18,1525392000,27766,14.91,5632
5/5/18,1525478400,24103,14.61,5741
5/6/18,1525564800,22388,14.57,5763
5/7/18,1525651200,23088,14.49,5835
5/8/18,1525737600,23859,14.67,5734
5/9/18,1525824000,24510,14.65,5730
5/10/18,1525910400,26750,14.72,5683
5/11/18,1525996800,25118,14.59,5751
5/12/18,1526083200,23752,14.61,5754
5/13/18,1526169600,23520,14.58,5760
5/14/18,1526256000,25932,14.94,5638
5/15/18,1526342400,24792,14.69,5732
5/16/18,1526428800,24743,14.85,5645
5/17/18,1526515200,24608,14.69,5704
5/18/18,1526601600,24643,14.97,5636
5/19/18,1526688000,24459,14.92,5603
5/20/18,1526774400,23759,14.87,5642
5/21/18,1526860800,25580,14.76,5687
5/22/18,1526947200,25326,14.9,5601
5/23/18,1527033600,25965,14.79,5655
5/24/18,1527120000,25467,15.14,5563
5/25/18,1527206400,24930,14.89,5635
5/26/18,1527292800,23053,14.63,5719
5/27/18,1527379200,23497,14.97,5634
5/28/18,1527465600,25414,14.69,5704
5/29/18,1527552000,25332,14.73,5649
5/30/18,1527638400,25508,14.91,5609
5/31/18,1527724800,27436,14.87,5647
6/1/18,1527811200,25130,14.88,5624
6/2/18,1527897600,24617,14.79,5632
6/3/18,1527984000,25077,14.99,5619
6/4/18,1528070400,26427,14.73,5672
6/5/18,1528156800,25848,14.93,5591
6/6/18,1528243200,24376,14.85,5633
6/7/18,1528329600,24384,14.84,5639
6/8/18,1528416000,24513,14.8,5679
6/9/18,1528502400,24163,14.9,5610
6/10/18,1528588800,24560,14.94,5641
6/11/18,1528675200,24470,14.89,5657
6/12/18,1528761600,23682,14.68,5714
6/13/18,1528848000,25448,14.67,5752
6/14/18,1528934400,24149,14.67,5765
6/15/18,1529020800,22615,14.62,5782
6/16/18,1529107200,26353,14.35,5871
6/17/18,1529193600,19968,14.3,5915
6/18/18,1529280000,22074,14.18,5954
6/19/18,1529366400,25000,14.53,5802
6/20/18,1529452800,25587,14.42,5823
6/21/18,1529539200,23526,14.29,5872
6/22/18,1529625600,24500,14.51,5820
6/23/18,1529712000,20591,14.24,5922
6/24/18,1529798400,20968,14.35,5881
6/25/18,1529884800,25228,14.88,5665
6/26/18,1529971200,23860,14.59,5748
6/27/18,1530057600,24580,14.45,5847
6/28/18,1530144000,23926,14.62,5762
6/29/18,1530230400,23219,14.62,5764
6/30/18,1530316800,22085,14.29,5870
7/1/18,1530403200,22500,14.38,5837
7/2/18,1530489600,19625,14.17,5929
7/3/18,1530576000,22047,14.54,5809
7/4/18,1530662400,18915,14.44,5837
7/5/18,1530748800,21492,14.5,5808
7/6/18,1530835200,19221,14.4,5844
7/7/18,1530921600,19710,14.51,5820
7/8/18,1531008000,22366,14.75,5697
7/9/18,1531094400,22362,14.37,5855
7/10/18,1531180800,23429,14.54,5783
7/11/18,1531267200,22106,14.21,5931
7/12/18,1531353600,21238,14.15,5993
7/13/18,1531440000,20793,14.27,5953
7/14/18,1531526400,19583,14.13,6006
7/15/18,1531612800,18676,13.99,6067
7/16/18,1531699200,23433,14.48,5851
7/17/18,1531785600,23583,14.33,5889
7/18/18,1531872000,23590,14.71,5757
7/19/18,1531958400,23728,14.56,5793
7/20/18,1532044800,21230,14.58,5838
7/21/18,1532131200,19169,14.12,5997
7/22/18,1532217600,20793,14.23,5975
7/23/18,1532304000,23066,14.49,5862
7/24/18,1532390400,24225,14.61,5815
7/25/18,1532476800,24159,14.41,5900
7/26/18,1532563200,23504,14.51,5852
7/27/18,1532649600,22766,14.41,5909
7/28/18,1532736000,19586,14.16,5991
7/29/18,1532822400,21871,14.15,6010
7/30/18,1532908800,23849,14.25,5963
7/31/18,1532995200,23919,14.33,5919
8/1/18,1533081600,24727,14.49,5861
8/2/18,1533168000,24602,14.51,5854
8/3/18,1533254400,22395,14.38,5916
8/4/18,1533340800,21272,14.2,6003
8/5/18,1533427200,22206,14.26,5932
8/6/18,1533513600,23317,14.35,5923
8/7/18,1533600000,19803,14.45,5875
8/8/18,1533686400,16263,14.19,5957
8/9/18,1533772800,15543,14.28,5930
8/10/18,1533859200,18596,14.33,5926
8/11/18,1533945600,20285,14.24,5945
8/12/18,1534032000,19754,14.55,5835
8/13/18,1534118400,21954,14.45,5872
8/14/18,1534204800,21862,14.27,5952
8/15/18,1534291200,19765,14.26,5965
8/16/18,1534377600,22328,14.27,5940
8/17/18,1534464000,20514,14.51,5840
8/18/18,1534550400,22512,14.39,5883
8/19/18,1534636800,22015,14.27,5930
8/20/18,1534723200,25134,14.24,5932
8/21/18,1534809600,25249,14.21,5961
8/22/18,1534896000,22830,14.34,5922
8/23/18,1534982400,24307,14.46,5853
8/24/18,1535068800,22859,14.27,5946
8/25/18,1535155200,24937,14.36,5926
8/26/18,1535241600,24193,14.21,5947
8/27/18,1535328000,24863,14.22,5942
8/28/18,1535414400,25984,14.31,5898
8/29/18,1535500800,24552,14.42,5890
8/30/18,1535587200,23668,14.33,5910
8/31/18,1535673600,22118,14.24,5953
9/1/18,1535760000,23748,14.48,5880
9/2/18,1535846400,23061,14.07,6027
9/3/18,1535932800,25005,14.44,5887
9/4/18,1536019200,23087,14.21,5968
9/5/18,1536105600,25414,14.24,5956
9/6/18,1536192000,23479,14.04,6048
9/7/18,1536278400,25113,14.37,5913
9/8/18,1536364800,25208,14.31,5936
9/9/18,1536451200,22118,14.41,5899
9/10/18,1536537600,23522,14.19,6007
9/11/18,1536624000,22317,14.21,6002
9/12/18,1536710400,24133,14.05,6043
9/13/18,1536796800,24041,14.14,6004
9/14/18,1536883200,26309,14.04,6066
9/15/18,1536969600,25808,14.03,6051
9/16/18,1537056000,27185,13.92,6113
9/17/18,1537142400,25919,13.95,6080
9/18/18,1537228800,26176,14.2,5967
9/19/18,1537315200,20024,13.94,6123
9/20/18,1537401600,24244,14.15,6014
9/21/18,1537488000,26244,13.96,6084
9/22/18,1537574400,25021,14.09,6038
9/23/18,1537660800,25761,13.96,6080
9/24/18,1537747200,28688,13.99,6075
9/25/18,1537833600,28211,13.94,6113
9/26/18,1537920000,29742,13.93,6112
9/27/18,1538006400,29477,14.03,6081
9/28/18,1538092800,28068,13.96,6098
9/29/18,1538179200,20428,13.93,6095
9/30/18,1538265600,23846,13.89,6114
10/1/18,1538352000,24593,13.92,6095
10/2/18,1538438400,24107,13.8,6180
10/3/18,1538524800,21423,14,6075
10/4/18,1538611200,22655,13.86,6146
10/5/18,1538697600,20849,13.99,6099
10/6/18,1538784000,17610,13.7,6222
10/7/18,1538870400,15402,13.66,6241
10/8/18,1538956800,17036,13.78,6179
10/9/18,1539043200,18245,13.9,6149
10/10/18,1539129600,16867,13.83,6168
10/11/18,1539216000,18166,13.87,6143
10/12/18,1539302400,20202,13.83,6170
10/13/18,1539388800,17319,13.83,6176
10/14/18,1539475200,15242,13.79,6182
10/15/18,1539561600,17581,13.96,6095
10/16/18,1539648000,17645,13.93,6114
10/17/18,1539734400,17763,13.92,6130
10/18/18,1539820800,17769,13.88,6142
10/19/18,1539907200,18544,14.02,6065
10/20/18,1539993600,15752,13.84,6158
10/21/18,1540080000,16116,13.95,6124
10/22/18,1540166400,19571,14.07,6065
10/23/18,1540252800,17617,13.82,6168
10/24/18,1540339200,20667,13.86,6124
10/25/18,1540425600,21879,13.91,6123
10/26/18,1540512000,20114,13.93,6122
10/27/18,1540598400,15214,14.05,6100
10/28/18,1540684800,15574,13.85,6137
10/29/18,1540771200,19679,13.87,6111
10/30/18,1540857600,19083,14.05,6043
10/31/18,1540944000,17867,13.86,6157
11/1/18,1541030400,18086,13.97,6069
11/2/18,1541116800,17166,14,6069
11/3/18,1541203200,15800,13.95,6119
11/4/18,1541289600,15888,13.92,6109
11/5/18,1541376000,17562,14.03,6075
11/6/18,1541462400,18894,13.99,6064
11/7/18,1541548800,17796,13.9,6144
11/8/18,1541635200,18379,14.04,6066
11/9/18,1541721600,17469,13.94,6091
11/10/18,1541808000,16375,13.96,6113
11/11/18,1541894400,17094,13.91,6121
11/12/18,1541980800,18419,13.82,6171
11/13/18,1542067200,17702,13.93,6095
11/14/18,1542153600,18832,14.08,6071
11/15/18,1542240000,17646,14.02,6073
11/16/18,1542326400,17100,13.79,6182
11/17/18,1542412800,15503,13.96,6112
11/18/18,1542499200,14681,13.87,6159
11/19/18,1542585600,19002,14.15,5999
11/20/18,1542672000,19756,14.1,6028
11/21/18,1542758400,17952,13.92,6136
11/22/18,1542844800,17791,14.12,6063
11/23/18,1542931200,17659,13.97,6119
11/24/18,1543017600,15618,13.94,6119
11/25/18,1543104000,16512,13.91,6154
11/26/18,1543190400,17255,14.04,6071
11/27/18,1543276800,17909,14.24,5995
11/28/18,1543363200,19897,14.19,6026
11/29/18,1543449600,17814,13.95,6121
11/30/18,1543536000,18642,14.09,6046
12/1/18,1543622400,16263,14.13,6057
12/2/18,1543708800,15282,14.08,6061
12/3/18,1543795200,18022,14.14,6033
12/4/18,1543881600,17972,14.27,6039
12/5/18,1543968000,18963,14.36,6017
12/6/18,1544054400,19164,14.23,6056
12/7/18,1544140800,18403,14.29,5972
12/8/18,1544227200,17322,14.15,6023
12/9/18,1544313600,16875,14.06,6097
12/10/18,1544400000,18196,13.81,6176
12/11/18,1544486400,17723,14.3,5984
12/12/18,1544572800,16675,14.09,6076
12/13/18,1544659200,17641,14.09,6097
12/14/18,1544745600,18675,14.22,6014
12/15/18,1544832000,16796,14.12,6115
12/16/18,1544918400,15879,14.29,6039
12/17/18,1545004800,18889,14.51,5891
12/18/18,1545091200,19672,14.58,5861
12/19/18,1545177600,19629,14.61,5849
12/20/18,1545264000,19588,14.59,5853
12/21/18,1545350400,19662,14.57,5837
12/22/18,1545436800,16613,14.41,5925
12/23/18,1545523200,17293,14.56,5865
12/24/18,1545609600,19050,14.42,5927
12/25/18,1545696000,16454,14.32,5967
12/26/18,1545782400,18494,14.35,5961
12/27/18,1545868800,17564,14.47,5893
12/28/18,1545955200,17910,14.55,5907
12/29/18,1546041600,16917,14.5,5960
12/30/18,1546128000,14545,14.68,5886
12/31/18,1546214400,16503,14.59,5921
1/1/19,1546300800,13666,14.72,5871
1/2/19,1546387200,18126,14.57,5931
1/3/19,1546473600,19343,15.48,5580
1/4/19,1546560000,18872,15.56,5554
1/5/19,1546646400,17351,15.37,5620
1/6/19,1546732800,15855,15.47,5585
1/7/19,1546819200,18204,15.41,5610
1/8/19,1546905600,17916,15.53,5562
1/9/19,1546992000,17865,15.4,5610
1/10/19,1547078400,19150,15.52,5568
1/11/19,1547164800,18683,15.52,5566
1/12/19,1547251200,15918,15.59,5541
1/13/19,1547337600,15798,15.18,5635
1/14/19,1547424000,18452,15.17,5629
1/15/19,1547510400,18074,15.23,5619
1/16/19,1547596800,18008,15.53,5528
1/17/19,1547683200,17900,15.41,5561
1/18/19,1547769600,17751,15.28,5619
1/19/19,1547856000,17863,15.07,5683
1/20/19,1547942400,17832,15.29,5599
1/21/19,1548028800,21357,16.82,5094
1/22/19,1548115200,22711,16.91,5072
1/23/19,1548201600,20710,17.15,4991
1/24/19,1548288000,19842,16.83,5086
1/25/19,1548374400,18310,16.79,5106
1/26/19,1548460800,17422,16.98,5055
1/27/19,1548547200,18274,17.05,5013
1/28/19,1548633600,21577,17.52,4884
1/29/19,1548720000,22103,17.54,4870
1/30/19,1548806400,21568,17.3,4949
1/31/19,1548892800,20803,17.33,4931
2/1/19,1548979200,20373,17.67,4848
2/2/19,1549065600,17499,17.41,4935
2/3/19,1549152000,16597,17.68,4858
2/4/19,1549238400,16326,17.39,4938
2/5/19,1549324800,16601,17.54,4900
2/6/19,1549411200,17023,17.55,4892
2/7/19,1549497600,17432,17.44,4918
2/8/19,1549584000,18982,17.43,4923
2/9/19,1549670400,17138,17.49,4900
2/10/19,1549756800,18598,20,4298
2/11/19,1549843200,20700,20.48,4195
2/12/19,1549929600,20824,20.12,4273
2/13/19,1550016000,23368,20.48,4169
2/14/19,1550102400,23305,20.62,4166
2/15/19,1550188800,22751,20.68,4158
2/16/19,1550275200,21513,20.39,4224
2/17/19,1550361600,22199,20.76,4139
2/18/19,1550448000,24106,20.47,4196
2/19/19,1550534400,24581,19.99,4288
2/20/19,1550620800,24759,20.15,4242
2/21/19,1550707200,25217,20.22,4252
2/22/19,1550793600,24969,20.28,4238
2/23/19,1550880000,21843,19.76,4353
2/24/19,1550966400,24399,20.12,4254
2/25/19,1551052800,26690,20.2,4238
2/26/19,1551139200,26269,20.09,4281
2/27/19,1551225600,25340,20.04,4281
2/28/19,1551312000,25117,19.61,4366
3/1/19,1551398400,18943,14.3,5994
3/2/19,1551484800,16459,13.35,6402
3/3/19,1551571200,15337,13.42,6379
3/4/19,1551657600,19803,13.41,6384
3/5/19,1551744000,18740,13.34,6429
3/6/19,1551830400,17726,13.4,6399
3/7/19,1551916800,17116,13.32,6438
3/8/19,1552003200,18800,13.41,6388
3/9/19,1552089600,17547,13.43,6380
3/10/19,1552176000,15045,13.15,6513
3/11/19,1552262400,17059,13.38,6389
3/12/19,1552348800,17676,13.18,6453
3/13/19,1552435200,19134,13.31,6399
3/14/19,1552521600,18486,13.24,6422
3/15/19,1552608000,17922,13.31,6424
3/16/19,1552694400,16269,13.11,6511
3/17/19,1552780800,15331,13.34,6415
3/18/19,1552867200,19382,13.34,6368
3/19/19,1552953600,21169,13.27,6416
3/20/19,1553040000,19680,13.15,6475
3/21/19,1553126400,20227,13.4,6372
3/22/19,1553212800,19821,13.34,6409
3/23/19,1553299200,17356,13.26,6431
3/24/19,1553385600,16938,13.28,6432
3/25/19,1553472000,20021,13.29,6429
3/26/19,1553558400,20393,13.42,6358
3/27/19,1553644800,20194,13.2,6458
3/28/19,1553731200,19719,13.38,6373
3/29/19,1553817600,20950,13.38,6369
3/30/19,1553904000,20715,13.38,6371
3/31/19,1553990400,19955,13.29,6417
4/1/19,1554076800,20491,13.23,6420
4/2/19,1554163200,23063,13.31,6357
4/3/19,1554249600,23145,13.42,6336
4/4/19,1554336000,21792,13.29,6406
4/5/19,1554422400,19259,13.21,6427
4/6/19,1554508800,17014,13.25,6452
4/7/19,1554595200,17631,13.13,6476
4/8/19,1554681600,20225,13.22,6441
4/9/19,1554768000,19618,13.19,6430
4/10/19,1554854400,22604,13.18,6455
4/11/19,1554940800,24120,13.31,6384
4/12/19,1555027200,20339,13.28,6420
4/13/19,1555113600,17601,13.08,6483
4/14/19,1555200000,17002,13.26,6422
4/15/19,1555286400,21486,13.16,6443
4/16/19,1555372800,22688,13.21,6408
4/17/19,1555459200,20874,13.3,6381
4/18/19,1555545600,21212,13.27,6406
4/19/19,1555632000,20811,13.19,6449
4/20/19,1555718400,20168,13.33,6370
4/21/19,1555804800,20870,13.17,6462
4/22/19,1555891200,21123,13.23,6429
4/23/19,1555977600,21970,13.51,6296
4/24/19,1556064000,20009,13.27,6392
4/25/19,1556150400,20132,13.14,6466
4/26/19,1556236800,20024,13.16,6453
4/27/19,1556323200,16417,13.13,6476
4/28/19,1556409600,17957,13.23,6389
4/29/19,1556496000,19214,13.21,6452
4/30/19,1556582400,20890,13.24,6412
5/1/19,1556668800,20186,13.12,6465
5/2/19,1556755200,24056,13.21,6442
5/3/19,1556841600,21965,13.38,6341
5/4/19,1556928000,18463,13.01,6530
5/5/19,1557014400,19106,13.27,6386
5/6/19,1557100800,24830,13.36,6359
5/7/19,1557187200,28009,13.29,6395
5/8/19,1557273600,24559,13.36,6336
5/9/19,1557360000,22854,13.31,6364
5/10/19,1557446400,22895,13.15,6439
5/11/19,1557532800,22665,13.19,6396
5/12/19,1557619200,21533,13.12,6441
5/13/19,1557705600,23003,13.22,6360
5/14/19,1557792000,24211,13.08,6470
5/15/19,1557878400,25388,13.04,6470
5/16/19,1557964800,26549,13.37,6342
5/17/19,1558051200,25690,13.07,6439
5/18/19,1558137600,23032,13.19,6402
5/19/19,1558224000,21899,13.24,6386
5/20/19,1558310400,24951,13.32,6349
5/21/19,1558396800,23950,13.28,6339
5/22/19,1558483200,25634,13.21,6401
5/23/19,1558569600,25428,13.38,6329
5/24/19,1558656000,25641,13.21,6392
5/25/19,1558742400,23055,13.04,6526
5/26/19,1558828800,21835,13.18,6428
5/27/19,1558915200,26746,13.21,6393
5/28/19,1559001600,25652,13.31,6342
5/29/19,1559088000,26071,12.96,6536
5/30/19,1559174400,25711,13.41,6301
5/31/19,1559260800,23397,13.09,6476
6/1/19,1559347200,25187,13.25,6366
6/2/19,1559433600,24320,13.24,6386
6/3/19,1559520000,25335,13.33,6322
6/4/19,1559606400,25298,13.25,6401
6/5/19,1559692800,23410,13.16,6398
6/6/19,1559779200,23387,13.1,6452
6/7/19,1559865600,22693,13.34,6345
6/8/19,1559952000,28245,13.3,6337
6/9/19,1560038400,20388,13.3,6368
6/10/19,1560124800,27708,13.05,6447
6/11/19,1560211200,27086,13.2,6392
6/12/19,1560297600,24645,13.27,6372
6/13/19,1560384000,22168,13.22,6417
6/14/19,1560470400,23694,13.17,6410
6/15/19,1560556800,26219,13.31,6368
6/16/19,1560643200,23509,13.13,6436
6/17/19,1560729600,26723,13.21,6380
6/18/19,1560816000,24478,13.28,6369
6/19/19,1560902400,26787,13.26,6397
6/20/19,1560988800,28152,13.25,6397
6/21/19,1561075200,22975,13.32,6332
6/22/19,1561161600,21933,13.11,6457
6/23/19,1561248000,22344,13.22,6400
6/24/19,1561334400,24260,13.1,6436
6/25/19,1561420800,26961,13.17,6422
6/26/19,1561507200,27234,13.16,6421
6/27/19,1561593600,25364,13.26,6386
6/28/19,1561680000,28620,13.21,6395
6/29/19,1561766400,21175,13.18,6433
6/30/19,1561852800,20644,13.18,6426
7/1/19,1561939200,27639,13.16,6434
7/2/19,1562025600,26119,13.25,6407
7/3/19,1562112000,23075,13.2,6397
7/4/19,1562198400,22679,13.21,6411
7/5/19,1562284800,24935,13.24,6379
7/6/19,1562371200,26562,13.04,6483
7/7/19,1562457600,25644,13.06,6482
7/8/19,1562544000,30983,13.08,6419
7/9/19,1562630400,23460,13.03,6453
7/10/19,1562716800,22416,13.19,6398
7/11/19,1562803200,28000,13.15,6436
7/12/19,1562889600,22371,13.38,6339
7/13/19,1562976000,17767,13.17,6438
7/14/19,1563062400,19199,13,6525
7/15/19,1563148800,36630,13.32,6346
7/16/19,1563235200,30145,13.37,6318
7/17/19,1563321600,25513,13.22,6381
7/18/19,1563408000,25430,12.98,6478
7/19/19,1563494400,24035,13.29,6364
7/20/19,1563580800,17756,13.02,6504
7/21/19,1563667200,16272,13.21,6403
7/22/19,1563753600,19019,13.07,6481
7/23/19,1563840000,19176,13.03,6477
7/24/19,1563926400,26210,13.1,6436
7/25/19,1564012800,27839,13.3,6358
7/26/19,1564099200,19444,13.16,6451
7/27/19,1564185600,17755,13.09,6477
7/28/19,1564272000,17274,13.14,6458
7/29/19,1564358400,20132,13.27,6379
7/30/19,1564444800,20527,13.03,6502
7/31/19,1564531200,20452,13.22,6405
8/1/19,1564617600,25699,13.37,6343
8/2/19,1564704000,22452,13.03,6511
8/3/19,1564790400,22397,13.08,6472
8/4/19,1564876800,18037,13.15,6435
8/5/19,1564963200,21331,13.11,6445
8/6/19,1565049600,21464,13.14,6450
8/7/19,1565136000,21790,13.1,6482
8/8/19,1565222400,21149,13.26,6384
8/9/19,1565308800,21193,13.17,6420
8/10/19,1565395200,18119,13.01,6496
8/11/19,1565481600,16995,13.17,6423
8/12/19,1565568000,20175,13.01,6484
8/13/19,1565654400,20533,13.19,6427
8/14/19,1565740800,21869,13.12,6459
8/15/19,1565827200,20987,13.23,6413
8/16/19,1565913600,21163,13.07,6449
8/17/19,1566000000,18717,13.07,6480
8/18/19,1566086400,18467,13.18,6437
8/19/19,1566172800,21289,13.29,6374
8/20/19,1566259200,21151,13.16,6432
8/21/19,1566345600,21228,13.09,6449
8/22/19,1566432000,21494,13.24,6400
8/23/19,1566518400,21119,13.05,6468
8/24/19,1566604800,19992,13.41,6315
8/25/19,1566691200,22498,12.9,6572
8/26/19,1566777600,24261,13.32,6363
8/27/19,1566864000,22150,13.19,6415
8/28/19,1566950400,21543,13.17,6410
8/29/19,1567036800,21323,12.99,6493
8/30/19,1567123200,21067,13.09,6414
8/31/19,1567209600,19888,13.2,6420
9/1/19,1567296000,20134,13.16,6402
9/2/19,1567382400,22052,13.14,6432
9/3/19,1567468800,21631,13.25,6401
9/4/19,1567555200,20683,13.14,6392
9/5/19,1567641600,21712,13.1,6449
9/6/19,1567728000,22022,13.22,6383
9/7/19,1567814400,19515,13.14,6428
9/8/19,1567900800,19207,13.22,6402
9/9/19,1567987200,21393,13.13,6434
9/10/19,1568073600,19760,13.26,6388
9/11/19,1568160000,19801,13.13,6437
9/12/19,1568246400,20315,13.1,6436
9/13/19,1568332800,17954,13.32,6313
9/14/19,1568419200,17794,13.12,6440
9/15/19,1568505600,18290,13.27,6377
9/16/19,1568592000,20696,13.07,6455
9/17/19,1568678400,19884,13.2,6429
9/18/19,1568764800,20004,13.06,6477
9/19/19,1568851200,20232,13.33,6327
9/20/19,1568937600,20405,13.06,6451
9/21/19,1569024000,17460,13.21,6392
9/22/19,1569110400,17263,13.24,6391
9/23/19,1569196800,18540,13.15,6448
9/24/19,1569283200,21929,13.47,6276
9/25/19,1569369600,20201,13.24,6384
9/26/19,1569456000,19594,13.21,6403
9/27/19,1569542400,18864,13.36,6337
9/28/19,1569628800,17824,13.11,6438
9/29/19,1569715200,17629,13.19,6418
9/30/19,1569801600,20424,13.22,6384
10/1/19,1569888000,21073,13.18,6426
10/2/19,1569974400,20496,13.32,6337
10/3/19,1570060800,20571,13.22,6400
10/4/19,1570147200,20375,13.17,6440
10/5/19,1570233600,17833,13.11,6441
10/6/19,1570320000,17138,13.08,6449
10/7/19,1570406400,20757,13.27,6364
10/8/19,1570492800,21786,13.35,6352
10/9/19,1570579200,23163,13.27,6362
10/10/19,1570665600,21463,13.34,6344
10/11/19,1570752000,21115,13.3,6359
10/12/19,1570838400,19119,13.37,6329
10/13/19,1570924800,17463,13.32,6374
10/14/19,1571011200,20292,13.23,6387
10/15/19,1571097600,21538,13.07,6431
10/16/19,1571184000,21974,13.33,6332
10/17/19,1571270400,22039,13.39,6300
10/18/19,1571356800,22807,13.34,6328
10/19/19,1571443200,20248,13.31,6354
10/20/19,1571529600,18765,13.27,6367
10/21/19,1571616000,20915,13.42,6293
10/22/19,1571702400,22240,13.25,6412
10/23/19,1571788800,24468,13.27,6384
10/24/19,1571875200,23565,13.52,6264
10/25/19,1571961600,24096,13.8,6127
10/26/19,1572048000,23163,13.5,6267
10/27/19,1572134400,20478,13.71,6174
10/28/19,1572220800,23136,13.55,6242
10/29/19,1572307200,22707,13.63,6211
10/30/19,1572393600,22813,13.55,6234
10/31/19,1572480000,23960,13.6,6216
11/1/19,1572566400,22541,13.48,6279
11/2/19,1572652800,19180,13.69,6166
11/3/19,1572739200,18029,13.48,6270
11/4/19,1572825600,21459,13.67,6196
11/5/19,1572912000,23013,13.59,6227
11/6/19,1572998400,22415,13.64,6203
11/7/19,1573084800,25894,13.67,6167
11/8/19,1573171200,21548,13.69,6189
11/9/19,1573257600,19819,13.8,6137
11/10/19,1573344000,19801,14.1,6001
11/11/19,1573430400,23472,14.15,5984
11/12/19,1573516800,23057,14.09,6022
11/13/19,1573603200,22898,14.05,6013
11/14/19,1573689600,21895,14.06,6030
11/15/19,1573776000,22444,14.1,5986
11/16/19,1573862400,19589,14.12,6014
11/17/19,1573948800,19970,14.07,6023
11/18/19,1574035200,24983,14.19,5981
11/19/19,1574121600,25545,14.39,5896
11/20/19,1574208000,22934,14.17,5990
11/21/19,1574294400,28973,13.96,6070
11/22/19,1574380800,31687,14.27,5963
11/23/19,1574467200,23859,14.06,6054
11/24/19,1574553600,23468,14.12,6013
11/25/19,1574640000,30507,14.36,5901
11/26/19,1574726400,30709,14.98,5663
11/27/19,1574812800,28400,15.02,5656
11/28/19,1574899200,27609,15.09,5626
11/29/19,1574985600,27639,15.19,5617
11/30/19,1575072000,24380,14.88,5702
12/1/19,1575158400,25933,15.22,5608
12/2/19,1575244800,27066,14.98,5668
12/3/19,1575331200,24340,15.1,5634
12/4/19,1575417600,29349,15.25,5572
12/5/19,1575504000,24676,15.17,5623
12/6/19,1575590400,23017,15.18,5606
12/7/19,1575676800,19382,15.08,5661
12/8/19,1575763200,20648,15.15,5627
12/9/19,1575849600,24920,15.13,5647
12/10/19,1575936000,25190,14.93,5696
12/11/19,1576022400,24671,15.25,5580
12/12/19,1576108800,24847,14.95,5706
12/13/19,1576195200,24562,15.53,5473
12/14/19,1576281600,23121,16.67,5131
12/15/19,1576368000,22918,16.62,5127
12/16/19,1576454400,26804,16.75,5096
12/17/19,1576540800,27159,16.82,5050
12/18/19,1576627200,28105,17.04,4989
12/19/19,1576713600,27176,16.93,5015
12/20/19,1576800000,27193,17.08,4989
12/21/19,1576886400,24585,16.82,5078
12/22/19,1576972800,24407,17.15,4993
12/23/19,1577059200,27160,17.08,4998
12/24/19,1577145600,24708,16.9,5074
12/25/19,1577232000,24056,17.04,4988
12/26/19,1577318400,24563,17.07,4995
12/27/19,1577404800,24641,16.98,5024
12/28/19,1577491200,21575,16.82,5071
12/29/19,1577577600,21031,17,5035
12/30/19,1577664000,24593,16.96,5015
12/31/19,1577750400,24239,17.08,4987
1/1/20,1577836800,20546,17.16,4980
1/2/20,1577923200,20138,14.96,5679
1/3/20,1578009600,19394,13.04,6522
1/4/20,1578096000,19029,12.96,6570
1/5/20,1578182400,18408,13.15,6488
1/6/20,1578268800,20292,12.89,6586
1/7/20,1578355200,21160,13.02,6533
1/8/20,1578441600,22383,13.03,6495
1/9/20,1578528000,20203,13.03,6530
1/10/20,1578614400,20076,13,6551
1/11/20,1578700800,18343,13.05,6528
1/12/20,1578787200,58220,13.11,6515
1/13/20,1578873600,23743,13.02,6540
1/14/20,1578960000,22776,13.05,6525
1/15/20,1579046400,23365,13.08,6486
1/16/20,1579132800,21422,13,6533
1/17/20,1579219200,22155,13,6549
1/18/20,1579305600,20423,13.07,6516
1/19/20,1579392000,20571,12.95,6570
1/20/20,1579478400,20165,13.06,6518
1/21/20,1579564800,18522,13,6572
1/22/20,1579651200,17212,13.12,6472
1/23/20,1579737600,18583,12.95,6575
1/24/20,1579824000,19244,13.03,6514
1/25/20,1579910400,16540,13.14,6491
1/26/20,1579996800,16844,13.13,6495
1/27/20,1580083200,17354,13.04,6552
1/28/20,1580169600,19065,13.04,6511
1/29/20,1580256000,19057,13.02,6551
1/30/20,1580342400,20606,13.2,6452
1/31/20,1580428800,21319,13.09,6489
2/1/20,1580515200,18761,13.12,6488
2/2/20,1580601600,17803,13.05,6537
2/3/20,1580688000,20790,13.01,6524
2/4/20,1580774400,17656,12.99,6566
2/5/20,1580860800,20346,13.18,6456
2/6/20,1580947200,20244,13.01,6516
2/7/20,1581033600,21437,13.07,6509
2/8/20,1581120000,21965,13.11,6467
2/9/20,1581206400,20937,13.12,6491
2/10/20,1581292800,21715,12.98,6592
2/11/20,1581379200,23173,13.04,6534
2/12/20,1581465600,26521,13.16,6463
2/13/20,1581552000,25627,13.11,6481
2/14/20,1581638400,26041,13.07,6493
2/15/20,1581724800,23067,13.14,6472
2/16/20,1581811200,22163,12.99,6552
2/17/20,1581897600,24138,13.16,6447
2/18/20,1581984000,24219,13.07,6480
2/19/20,1582070400,23010,12.96,6557
2/20/20,1582156800,23417,13.15,6480
2/21/20,1582243200,22264,13.11,6475
2/22/20,1582329600,20004,13.11,6528
2/23/20,1582416000,19887,13.05,6532
2/24/20,1582502400,23637,13.11,6481
2/25/20,1582588800,24109,13.24,6456
2/26/20,1582675200,25491,13.01,6528
2/27/20,1582761600,24706,13.09,6513
2/28/20,1582848000,24027,13.1,6501
2/29/20,1582934400,20707,13.07,6519
3/1/20,1583020800,21400,13.1,6495
3/2/20,1583107200,22782,13.05,6533
3/3/20,1583193600,22382,13.09,6501
3/4/20,1583280000,21477,13.01,6536
3/5/20,1583366400,23417,13.31,6409
3/6/20,1583452800,22543,12.99,6568
3/7/20,1583539200,20794,13.01,6540
3/8/20,1583625600,23673,13,6552
3/9/20,1583712000,27887,13.22,6431
3/10/20,1583798400,25113,13.09,6498
3/11/20,1583884800,24782,13.04,6529
3/12/20,1583971200,27723,13.13,6448
3/13/20,1584057600,27582,13.31,6382
3/14/20,1584144000,23303,13.09,6490
3/15/20,1584230400,23169,13.05,6513
3/16/20,1584316800,26369,13.11,6488
3/17/20,1584403200,24937,13.06,6509
3/18/20,1584489600,24088,13.02,6531
3/19/20,1584576000,27413,13.1,6482
3/20/20,1584662400,27084,13.23,6436
3/21/20,1584748800,26578,13.13,6444
3/22/20,1584835200,25601,13.52,6300
3/23/20,1584921600,25426,13.09,6448
3/24/20,1585008000,26101,13.36,6348
3/25/20,1585094400,24775,13.31,6374
3/26/20,1585180800,24661,13.15,6478
3/27/20,1585267200,23262,12.99,6554
3/28/20,1585353600,22245,13.05,6488
3/29/20,1585440000,19253,12.95,6573
3/30/20,1585526400,22915,13.18,6460
3/31/20,1585612800,24057,13.13,6472
4/1/20,1585699200,23177,12.92,6553
4/2/20,1585785600,24853,13.13,6484
4/3/20,1585872000,24127,13.05,6527
4/4/20,1585958400,21335,13.13,6491
4/5/20,1586044800,20359,13.07,6507
4/6/20,1586131200,26036,13.22,6433
4/7/20,1586217600,25184,12.95,6554
4/8/20,1586304000,25393,13.06,6502
4/9/20,1586390400,23447,13.16,6479
4/10/20,1586476800,24575,13.05,6515
4/11/20,1586563200,22996,13.26,6412
4/12/20,1586649600,22760,12.96,6581
4/13/20,1586736000,24305,13.06,6510
4/14/20,1586822400,24940,13.11,6482
4/15/20,1586908800,24633,13.1,6491
4/16/20,1586995200,26129,13.13,6469
4/17/20,1587081600,24920,13.22,6445
4/18/20,1587168000,24272,13.2,6444
4/19/20,1587254400,23224,13.08,6487
4/20/20,1587340800,26206,13.08,6496
4/21/20,1587427200,25515,13.19,6437
4/22/20,1587513600,25228,13.02,6481
4/23/20,1587600000,25963,13.16,6454
4/24/20,1587686400,25533,13.13,6476
4/25/20,1587772800,24986,13.25,6418
4/26/20,1587859200,25058,13.16,6458
4/27/20,1587945600,25766,13.18,6453
4/28/20,1588032000,26056,13.27,6420
4/29/20,1588118400,27928,13.05,6526
4/30/20,1588204800,28663,13.31,6377
5/1/20,1588291200,25890,13.12,6475
5/2/20,1588377600,23861,13.15,6471
5/3/20,1588464000,24822,13.23,6421
5/4/20,1588550400,26939,13.02,6541
5/5/20,1588636800,24540,13.07,6506
5/6/20,1588723200,27907,13.25,6386
5/7/20,1588809600,31419,13.14,6455
5/8/20,1588896000,27078,13.07,6486
5/9/20,1588982400,27758,13.26,6398
5/10/20,1589068800,27547,13.1,6493
5/11/20,1589155200,27592,13.21,6435
5/12/20,1589241600,26833,13.28,6398
5/13/20,1589328000,25703,13.12,6484
5/14/20,1589414400,25607,13.13,6455
5/15/20,1589500800,27276,13.21,6423
5/16/20,1589587200,26716,13.28,6402
5/17/20,1589673600,25429,13.13,6471
5/18/20,1589760000,26532,13.26,6406
5/19/20,1589846400,26817,13.33,6386
5/20/20,1589932800,27680,13.16,6455
5/21/20,1590019200,28609,13.12,6455
5/22/20,1590105600,28545,13.32,6353
5/23/20,1590192000,26836,13.03,6513
5/24/20,1590278400,26739,13.28,6411
5/25/20,1590364800,26743,13.31,6363
5/26/20,1590451200,28230,13.07,6478
5/27/20,1590537600,26742,13.22,6444
5/28/20,1590624000,27984,13.23,6413
5/29/20,1590710400,30559,13.22,6434
5/30/20,1590796800,27272,13.18,6440
5/31/20,1590883200,29261,13.08,6475
6/1/20,1590969600,29940,13.24,6401
6/2/20,1591056000,30160,13.12,6458
6/3/20,1591142400,27391,13.28,6401
6/4/20,1591228800,28846,13.21,6427
6/5/20,1591315200,27446,13.06,6484
6/6/20,1591401600,29092,13.2,6435
6/7/20,1591488000,29164,13.1,6466
6/8/20,1591574400,29047,13.26,6411
6/9/20,1591660800,28817,13.11,6480
6/10/20,1591747200,31137,13.35,6372
6/11/20,1591833600,30366,13.14,6458
6/12/20,1591920000,27921,13.04,6506
6/13/20,1592006400,25744,13.19,6488
6/14/20,1592092800,25218,13.03,6526
6/15/20,1592179200,29458,13.14,6462
6/16/20,1592265600,28873,13.2,6435
6/17/20,1592352000,28123,13.21,6416
6/18/20,1592438400,28974,13.18,6450
6/19/20,1592524800,30653,13.05,6503
6/20/20,1592611200,31027,13.14,6463
6/21/20,1592697600,34003,13.09,6505
6/22/20,1592784000,36756,13.19,6455
6/23/20,1592870400,37098,13.18,6442
6/24/20,1592956800,38433,13.08,6483
6/25/20,1593043200,38239,13.23,6450
6/26/20,1593129600,35309,13.23,6448
6/27/20,1593216000,36473,13.35,6365
6/28/20,1593302400,33612,13.04,6522
6/29/20,1593388800,34827,13.27,6393
6/30/20,1593475200,34511,13.13,6479
7/1/20,1593561600,35255,13.29,6409
7/2/20,1593648000,36414,13.22,6442
7/3/20,1593734400,35935,13.12,6475
7/4/20,1593820800,32081,13.19,6427
7/5/20,1593907200,29736,13.14,6494
7/6/20,1593993600,34649,13.13,6457
7/7/20,1594080000,35739,13.11,6492
7/8/20,1594166400,36696,13.06,6506
7/9/20,1594252800,36306,13.16,6430
7/10/20,1594339200,33660,13.26,6406
7/11/20,1594425600,31408,13.08,6533
7/12/20,1594512000,33339,13.13,6491
7/13/20,1594598400,38813,13.1,6493
7/14/20,1594684800,35595,13.24,6406
7/15/20,1594771200,36339,13.16,6465
7/16/20,1594857600,34885,13.27,6414
7/17/20,1594944000,35469,13.18,6454
7/18/20,1595030400,37273,13.05,6526
7/19/20,1595116800,39012,13.2,6451
7/20/20,1595203200,38791,13.23,6436
7/21/20,1595289600,38915,13.27,6380
7/22/20,1595376000,39086,13.16,6460
7/23/20,1595462400,38977,12.98,6522
7/24/20,1595548800,40054,13.03,6502
7/25/20,1595635200,43155,13.37,6355
7/26/20,1595721600,38987,13.05,6488
7/27/20,1595808000,42468,13.15,6444
7/28/20,1595894400,40420,13.06,6476
7/29/20,1595980800,40069,13.07,6512
7/30/20,1596067200,40034,13.27,6386
7/31/20,1596153600,41294,13.02,6479
8/1/20,1596240000,39194,13.06,6517
8/2/20,1596326400,38262,13.07,6486
8/3/20,1596412800,39135,13.09,6476
8/4/20,1596499200,38779,13.16,6405
8/5/20,1596585600,39224,13.16,6457
8/6/20,1596672000,40071,13.02,6515
8/7/20,1596758400,41244,13.03,6483
8/8/20,1596844800,40882,13.17,6457
8/9/20,1596931200,42761,13.04,6530
8/10/20,1597017600,43623,13.06,6482
8/11/20,1597104000,42282,13.06,6468
8/12/20,1597190400,42490,12.97,6507
8/13/20,1597276800,40820,13.12,6479
8/14/20,1597363200,41348,13.06,6504
8/15/20,1597449600,37635,13.08,6475
8/16/20,1597536000,39415,13.05,6505
8/17/20,1597622400,40568,13.26,6398
8/18/20,1597708800,41973,12.9,6561
8/19/20,1597795200,41021,13.01,6507
8/20/20,1597881600,40494,12.96,6534
8/21/20,1597968000,43296,13.04,6490
8/22/20,1598054400,38709,13.15,6456
8/23/20,1598140800,37975,12.92,6577
8/24/20,1598227200,39426,13,6516
8/25/20,1598313600,38422,13.2,6425
8/26/20,1598400000,38849,12.92,6569
8/27/20,1598486400,37975,13.07,6497
8/28/20,1598572800,38556,13.01,6533
8/29/20,1598659200,39752,13.04,6508
8/30/20,1598745600,41266,12.96,6531
8/31/20,1598832000,41082,12.89,6592
9/1/20,1598918400,41299,13,6531
9/2/20,1599004800,39767,13.06,6491
9/3/20,1599091200,39339,13.04,6463
9/4/20,1599177600,37490,12.83,6607
9/5/20,1599264000,36170,12.99,6542
9/6/20,1599350400,35851,12.83,6611
9/7/20,1599436800,36290,13.14,6470
9/8/20,1599523200,36065,12.99,6523
9/9/20,1599609600,36405,13.06,6490
9/10/20,1599696000,39037,13,6510
9/11/20,1599782400,37013,12.9,6571
9/12/20,1599868800,36747,13.09,6501
9/13/20,1599955200,37461,12.99,6545
9/14/20,1600041600,38902,13.14,6458
9/15/20,1600128000,38490,13.05,6551
9/16/20,1600214400,37243,13.15,6454
9/17/20,1600300800,58953,12.87,6590
9/18/20,1600387200,44691,13.18,6435
9/19/20,1600473600,39058,13.01,6526
9/20/20,1600560000,37327,12.87,6593
9/21/20,1600646400,38593,12.92,6567
9/22/20,1600732800,40218,13.16,6439
9/23/20,1600819200,38870,13.04,6527
9/24/20,1600905600,37690,13.06,6513
9/25/20,1600992000,37258,13.26,6452
9/26/20,1601078400,36638,13.27,6426
9/27/20,1601164800,36580,13.42,6368
9/28/20,1601251200,38712,13.35,6404
9/29/20,1601337600,38831,13.35,6387
9/30/20,1601424000,38201,13.34,6404
10/1/20,1601510400,36977,13.34,6425
10/2/20,1601596800,36763,13.36,6361
10/3/20,1601683200,34866,13.37,6375
10/4/20,1601769600,37145,13.43,6373
10/5/20,1601856000,37933,13.24,6446
10/6/20,1601942400,39563,13.2,6472
10/7/20,1602028800,37957,13.5,6337
10/8/20,1602115200,37115,13.54,6301
10/9/20,1602201600,37292,13.41,6378
10/10/20,1602288000,35619,13.13,6509
10/11/20,1602374400,35265,12.97,6569
10/12/20,1602460800,38657,13.17,6457
10/13/20,1602547200,38207,12.9,6574
10/14/20,1602633600,37253,13.05,6538
10/15/20,1602720000,39335,12.91,6565
10/16/20,1602806400,37897,13.09,6496
10/17/20,1602892800,34983,13.05,6527
10/18/20,1602979200,34916,13.25,6450
10/19/20,1603065600,38376,12.89,6594
10/20/20,1603152000,38673,13.1,6505
10/21/20,1603238400,39300,13.12,6513
10/22/20,1603324800,39041,13.03,6538
10/23/20,1603411200,37597,13.2,6474
10/24/20,1603497600,33663,12.96,6582
10/25/20,1603584000,33759,13.19,6479
10/26/20,1603670400,37969,13.14,6466
10/27/20,1603756800,38239,13.07,6545
10/28/20,1603843200,39478,12.95,6551
10/29/20,1603929600,38598,13.02,6526
10/30/20,1604016000,38732,13.09,6491
10/31/20,1604102400,37664,13.09,6526
11/1/20,1604188800,36823,13.1,6511
11/2/20,1604275200,39219,13.21,6474
11/3/20,1604361600,38720,13.05,6518
11/4/20,1604448000,38593,13.09,6527
11/5/20,1604534400,38977,13.09,6514
11/6/20,1604620800,40265,13.04,6539
11/7/20,1604707200,39353,13.15,6500
11/8/20,1604793600,35311,13.04,6538
11/9/20,1604880000,39368,13.1,6507
11/10/20,1604966400,40206,13.16,6452
11/11/20,1605052800,36840,13.08,6528
11/12/20,1605139200,37937,13.09,6512
11/13/20,1605225600,39425,13,6534
11/14/20,1605312000,36612,13,6542
11/15/20,1605398400,36704,13.05,6546
11/16/20,1605484800,38425,13.15,6476
11/17/20,1605571200,39870,13.05,6525
11/18/20,1605657600,38280,13.23,6456
11/19/20,1605744000,38221,12.87,6609
11/20/20,1605830400,40044,13.19,6452
11/21/20,1605916800,40073,12.94,6566
11/22/20,1606003200,40163,13.02,6509
11/23/20,1606089600,42075,13.16,6451
11/24/20,1606176000,41631,12.95,6567
11/25/20,1606262400,41409,13.16,6469
11/26/20,1606348800,40851,13.07,6533
11/27/20,1606435200,38212,13.34,6417
11/28/20,1606521600,34215,12.89,6599
11/29/20,1606608000,34741,13.11,6512
11/30/20,1606694400,40058,12.92,6570
12/1/20,1606780800,40453,13.08,6519
12/2/20,1606867200,38852,13.22,6441
12/3/20,1606953600,40532,12.99,6559
12/4/20,1607040000,41262,13.22,6449
12/5/20,1607126400,37952,13.15,6495
12/6/20,1607212800,38320,13,6558
12/7/20,1607299200,40459,13.16,6465
12/8/20,1607385600,42595,13.11,6484
12/9/20,1607472000,40708,12.92,6603
12/10/20,1607558400,39910,13.26,6425
12/11/20,1607644800,42280,13.14,6486
12/12/20,1607731200,36771,13.08,6491
12/13/20,1607817600,37847,13.18,6487
12/14/20,1607904000,40676,13.04,6524
12/15/20,1607990400,40999,13.13,6489
12/16/20,1608076800,42017,13.02,6535
12/17/20,1608163200,43508,13.05,6540
12/18/20,1608249600,40747,13.13,6491
12/19/20,1608336000,40848,13.07,6514
12/20/20,1608422400,39616,12.99,6542
12/21/20,1608508800,42079,13.11,6504
12/22/20,1608595200,42003,13.13,6502
12/23/20,1608681600,48714,12.95,6597
12/24/20,1608768000,42719,13.15,6470
12/25/20,1608854400,53908,13.18,6435
12/26/20,1608940800,45645,12.9,6583
12/27/20,1609027200,45278,13.11,6508
12/28/20,1609113600,46018,12.9,6597
12/29/20,1609200000,44851,13.3,6410
12/30/20,1609286400,43028,13.01,6544
12/31/20,1609372800,41259,13.08,6502
1/1/21,1609459200,40957,13.06,6545
1/2/21,1609545600,40870,12.94,6601
1/3/21,1609632000,43196,13.15,6476
1/4/21,1609718400,43280,13.08,6517
1/5/21,1609804800,43617,12.97,6532
1/6/21,1609891200,44121,13.17,6485
1/7/21,1609977600,44985,13.22,6436
1/8/21,1610064000,43536,12.96,6593
1/9/21,1610150400,42520,13.2,6476
1/10/21,1610236800,42576,13.01,6554
1/11/21,1610323200,45238,13.03,6528
1/12/21,1610409600,41753,12.99,6555
1/13/21,1610496000,40868,12.99,6561
1/14/21,1610582400,42959,13.33,6406
1/15/21,1610668800,43197,12.89,6581
1/16/21,1610755200,42907,13.09,6508
1/17/21,1610841600,42376,13.09,6494
1/18/21,1610928000,44473,13.03,6496
1/19/21,1611014400,45834,13.06,6533
1/20/21,1611100800,43997,12.99,6578
1/21/21,1611187200,43868,13.16,6478
1/22/21,1611273600,43221,13.12,6481
1/23/21,1611360000,42081,13,6541
1/24/21,1611446400,42593,13.11,6481
1/25/21,1611532800,45118,13.03,6524
1/26/21,1611619200,44228,13.09,6514
1/27/21,1611705600,44547,13.19,6468
1/28/21,1611792000,45210,13.12,6498
1/29/21,1611878400,46505,13.25,6453
1/30/21,1611964800,44634,13.36,6390
1/31/21,1612051200,44764,12.87,6637
2/1/21,1612137600,45840,13.13,6489
2/2/21,1612224000,46774,13.17,6494
2/3/21,1612310400,45658,13.07,6484
2/4/21,1612396800,44850,13.02,6516
2/5/21,1612483200,45507,13.19,6447
2/6/21,1612569600,42340,13.12,6519
2/7/21,1612656000,43081,12.99,6554
2/8/21,1612742400,44454,13.15,6468
2/9/21,1612828800,44980,13.11,6485
2/10/21,1612915200,44274,13.03,6528
2/11/21,1613001600,44892,13.06,6517
2/12/21,1613088000,46650,13.03,6524
2/13/21,1613174400,46887,13.22,6423
2/14/21,1613260800,44846,13,6559
2/15/21,1613347200,45529,13.1,6496
2/16/21,1613433600,44499,13.18,6485
2/17/21,1613520000,46217,13.05,6549
2/18/21,1613606400,46846,13.2,6447
2/19/21,1613692800,45794,12.94,6577
2/20/21,1613779200,45876,13.15,6495
2/21/21,1613865600,43971,13.15,6485
2/22/21,1613952000,46482,13.12,6496
2/23/21,1614038400,45605,13.11,6502
2/24/21,1614124800,45883,13.19,6469
2/25/21,1614211200,44062,13.13,6515
2/26/21,1614297600,45141,13.07,6542
2/27/21,1614384000,44223,13.18,6489
2/28/21,1614470400,44516,13.23,6467
3/1/21,1614556800,43249,13.19,6476
3/2/21,1614643200,44518,13.01,6550
3/3/21,1614729600,46034,13.32,6408
3/4/21,1614816000,45598,13.12,6515
3/5/21,1614902400,46127,13.11,6525
3/6/21,1614988800,43620,13.01,6563
3/7/21,1615075200,44397,13.21,6477
3/8/21,1615161600,44973,13.18,6500
3/9/21,1615248000,46978,13.27,6433
3/10/21,1615334400,45371,13.07,6532
3/11/21,1615420800,47008,13.32,6415
3/12/21,1615507200,46677,13.21,6470
3/13/21,1615593600,47112,13.13,6512
3/14/21,1615680000,47576,13.13,6522
3/15/21,1615766400,47934,13.26,6437
3/16/21,1615852800,46862,13.11,6520
3/17/21,1615939200,44590,13.18,6484
3/18/21,1616025600,49524,13.15,6501
3/19/21,1616112000,45565,13.15,6506
3/20/21,1616198400,44984,13.12,6527
3/21/21,1616284800,44772,13.28,6421
3/22/21,1616371200,46430,13.14,6490
3/23/21,1616457600,46338,13.12,6505
3/24/21,1616544000,45814,13.17,6484
3/25/21,1616630400,45839,13.14,6514
3/26/21,1616716800,43815,13.09,6539
3/27/21,1616803200,43806,13.14,6485
3/28/21,1616889600,43567,13.14,6493
3/29/21,1616976000,45570,13.14,6511
3/30/21,1617062400,45977,13.13,6518
3/31/21,1617148800,47745,13.2,6452
4/1/21,1617235200,46976,13.1,6516
4/2/21,1617321600,46588,13.27,6454
4/3/21,1617408000,45586,13.14,6527
4/4/21,1617494400,43019,13.05,6561
4/5/21,1617580800,44882,13.16,6510
4/6/21,1617667200,46991,13.18,6483
4/7/21,1617753600,46242,13.12,6426
4/8/21,1617840000,45250,13.26,6455
4/9/21,1617926400,46154,13.25,6457
4/10/21,1618012800,44570,13.01,6582
4/11/21,1618099200,43198,13.11,6546
4/12/21,1618185600,45664,13.14,6516
4/13/21,1618272000,46473,13.14,6474
4/14/21,1618358400,48037,13.26,6449
4/15/21,1618444800,44715,13.2,6500
4/16/21,1618531200,46857,13.25,6433
4/17/21,1618617600,48014,13.18,6467
4/18/21,1618704000,48583,13.1,6501
4/19/21,1618790400,48417,13.31,6400
4/20/21,1618876800,49162,12.94,6580
4/21/21,1618963200,52544,13.08,6519
4/22/21,1619049600,56894,13.26,6417
4/23/21,1619136000,55991,13.22,6450
4/24/21,1619222400,48460,13.11,6500
4/25/21,1619308800,49200,13.1,6509
4/26/21,1619395200,52204,13.17,6471
4/27/21,1619481600,52211,13.13,6488
4/28/21,1619568000,54553,13.16,6463
4/29/21,1619654400,55086,13.16,6484
4/30/21,1619740800,53690,13.21,6451
5/1/21,1619827200,53101,13.1,6489
5/2/21,1619913600,54312,13.2,6418
5/3/21,1620000000,54918,13.1,6507
5/4/21,1620086400,57865,13.11,6504
5/5/21,1620172800,55407,13.11,6518
5/6/21,1620259200,55789,13.14,6466
5/7/21,1620345600,55722,13.2,6447
5/8/21,1620432000,59432,13.09,6486
5/9/21,1620518400,58786,13.2,6478
5/10/21,1620604800,58273,13.05,6517
5/11/21,1620691200,56531,13.16,6447
5/12/21,1620777600,57011,13.25,6439
5/13/21,1620864000,57096,13.01,6538
5/14/21,1620950400,54077,13.12,6477
5/15/21,1621036800,53430,13.14,6474
5/16/21,1621123200,53556,13.15,6458
5/17/21,1621209600,55661,13.18,6419
5/18/21,1621296000,54857,13.13,6463
5/19/21,1621382400,62116,13.2,6423
5/20/21,1621468800,57867,13.16,6463
5/21/21,1621555200,56421,13.23,6410
5/22/21,1621641600,52670,13.17,6462
5/23/21,1621728000,55385,13.16,6454
5/24/21,1621814400,55579,13.13,6487
5/25/21,1621900800,54993,13.28,6404
5/26/21,1621987200,55919,13.25,6431
5/27/21,1622073600,53160,13.21,6425
5/28/21,1622160000,54532,13.13,6463
5/29/21,1622246400,51467,13.17,6467
5/30/21,1622332800,51138,13.25,6417
5/31/21,1622419200,51252,13.25,6423
6/1/21,1622505600,51713,13.14,6478
6/2/21,1622592000,52376,13.08,6506
6/3/21,1622678400,53101,13.25,6404
6/4/21,1622764800,52498,13.02,6519
6/5/21,1622851200,48258,13.24,6434
6/6/21,1622937600,45407,12.98,6532
6/7/21,1623024000,51535,13.22,6431
6/8/21,1623110400,53946,13.15,6475
6/9/21,1623196800,53021,13.19,6437
6/10/21,1623283200,52407,13.21,6462
6/11/21,1623369600,53209,13.23,6454
6/12/21,1623456000,49961,13.21,6434
6/13/21,1623542400,50356,13.13,6473
6/14/21,1623628800,52526,13.22,6431
6/15/21,1623715200,52983,13.1,6505
6/16/21,1623801600,54570,13.28,6399
6/17/21,1623888000,54363,13.1,6472
6/18/21,1623974400,54185,13.33,6405
6/19/21,1624060800,48083,13.23,6426
6/20/21,1624147200,50500,13.17,6469
6/21/21,1624233600,58115,13.43,6316
6/22/21,1624320000,58297,13.22,6437
6/23/21,1624406400,55362,13.18,6429
6/24/21,1624492800,53727,13.28,6418
6/25/21,1624579200,56446,13.45,6342
6/26/21,1624665600,52161,13.23,6427
6/27/21,1624752000,52183,13.21,6448
6/28/21,1624838400,57703,13.13,6466
6/29/21,1624924800,55116,13.29,6406
6/30/21,1625011200,54973,13.16,6455
7/1/21,1625097600,54672,13.4,6350
7/2/21,1625184000,52888,13.2,6437
7/3/21,1625270400,51333,13.29,6417
7/4/21,1625356800,52286,13.12,6458
7/5/21,1625443200,53363,13.26,6419
7/6/21,1625529600,54750,13.1,6425
7/7/21,1625616000,54618,13.27,6390
7/8/21,1625702400,54011,13.17,6450
7/9/21,1625788800,55492,13.26,6406
7/10/21,1625875200,52603,13.21,6447
7/11/21,1625961600,51555,13.27,6423
7/12/21,1626048000,53547,13.32,6377
7/13/21,1626134400,55707,13.52,6307
7/14/21,1626220800,58508,13.29,6390
7/15/21,1626307200,60784,13.24,6427
7/16/21,1626393600,58139,13.44,6339
7/17/21,1626480000,58080,13.42,6357
7/18/21,1626566400,59463,13.37,6371
7/19/21,1626652800,63604,13.23,6435
7/20/21,1626739200,63048,13.4,6339
7/21/21,1626825600,61701,13.24,6414
7/22/21,1626912000,59060,13.3,6422
7/23/21,1626998400,60064,13.36,6346
7/24/21,1627084800,60023,13.17,6457
7/25/21,1627171200,60410,13.34,6401
7/26/21,1627257600,62070,13.42,6338
7/27/21,1627344000,61884,13.56,6277
7/28/21,1627430400,62465,13.56,6291
7/29/21,1627516800,59287,13.41,6356
7/30/21,1627603200,59157,13.56,6267
7/31/21,1627689600,60109,13.5,6298
8/1/21,1627776000,64846,13.44,6314
8/2/21,1627862400,65174,13.32,6396
8/3/21,1627948800,65621,13.42,6346
8/4/21,1628035200,70128,13.49,6322
8/5/21,1628121600,71397,13.48,6349
8/6/21,1628208000,73362,13.25,6451
8/7/21,1628294400,69408,13.04,6549
8/8/21,1628380800,72062,13.11,6496
8/9/21,1628467200,74105,13.13,6505
8/10/21,1628553600,77707,13.11,6507
8/11/21,1628640000,74203,13.32,6401
8/12/21,1628726400,72470,13.11,6510
8/13/21,1628812800,78084,13.23,6474
8/14/21,1628899200,78112,13.17,6500
8/15/21,1628985600,74785,13.32,6420
8/16/21,1629072000,71482,13.12,6500
8/17/21,1629158400,72395,13.1,6516
8/18/21,1629244800,68426,13.32,6399
8/19/21,1629331200,68754,13,6565
8/20/21,1629417600,67679,13.22,6459
8/21/21,1629504000,71428,13.31,6431
8/22/21,1629590400,78149,13.09,6521
8/23/21,1629676800,80991,13.31,6409
8/24/21,1629763200,91844,13.1,6509
8/25/21,1629849600,85144,13.23,6439
8/26/21,1629936000,84563,13.19,6504
8/27/21,1630022400,82066,13.21,6431
8/28/21,1630108800,83726,13.24,6460
8/29/21,1630195200,84516,13.18,6489
8/30/21,1630281600,86918,13.17,6472
8/31/21,1630368000,81212,13.15,6443
9/1/21,1630454400,77894,13.19,6455
9/2/21,1630540800,73326,13,6541
9/3/21,1630627200,71969,13.17,6466
9/4/21,1630713600,74381,13.23,6429
9/5/21,1630800000,72251,13.09,6529
9/6/21,1630886400,73325,13.21,6459
9/7/21,1630972800,76559,13.25,6417
9/8/21,1631059200,67792,13.16,6495
9/9/21,1631145600,72831,13.16,6466
9/10/21,1631232000,72270,13.2,6459
9/11/21,1631318400,76406,13.34,6396
9/12/21,1631404800,80369,13.04,6538
9/13/21,1631491200,76077,13.28,6412
9/14/21,1631577600,78372,13.17,6461
9/15/21,1631664000,77512,13.23,6454
9/16/21,1631750400,84901,13.1,6492
9/17/21,1631836800,79592,13.18,6467
9/18/21,1631923200,77766,13.2,6451
9/19/21,1632009600,82861,13.1,6508
9/20/21,1632096000,86585,13.2,6432
9/21/21,1632182400,84718,13.12,6496
9/22/21,1632268800,84006,13.27,6437
9/23/21,1632355200,82225,13.29,6411
9/24/21,1632441600,87100,13.21,6455
9/25/21,1632528000,82295,12.97,6573
9/26/21,1632614400,85681,13.31,6402
9/27/21,1632700800,86369,13.23,6454
9/28/21,1632787200,89477,13.43,6358
9/29/21,1632873600,87285,13.23,6412
9/30/21,1632960000,82913,13.47,6338
10/1/21,1633046400,81217,13.14,6485
10/2/21,1633132800,81231,13.36,6388
10/3/21,1633219200,90623,13.4,6363
10/4/21,1633305600,90094,13.4,6366
10/5/21,1633392000,91693,13.29,6411
10/6/21,1633478400,86861,13.25,6427
10/7/21,1633564800,81744,13.46,6324
10/8/21,1633651200,81847,13.27,6417
10/9/21,1633737600,77829,13.43,6349
10/10/21,1633824000,75464,13.4,6375
10/11/21,1633910400,77156,13.39,6382
10/12/21,1633996800,78523,13.43,6353
10/13/21,1634083200,79415,13.52,6320
10/14/21,1634169600,72694,13.49,6330
10/15/21,1634256000,77340,13.46,6318
10/16/21,1634342400,67970,13.22,6446
10/17/21,1634428800,70981,13.3,6385
10/18/21,1634515200,70435,13.49,6316
10/19/21,1634601600,70772,13.3,6440
10/20/21,1634688000,70098,13.43,6354
10/21/21,1634774400,72323,13.13,6487
10/22/21,1634860800,73171,13.28,6411
10/23/21,1634947200,72292,13.43,6348
10/24/21,1635033600,71576,13.39,6359
10/25/21,1635120000,71494,13.31,6418
10/26/21,1635206400,69813,13.33,6414
10/27/21,1635292800,69414,13.48,6345
10/28/21,1635379200,67422,13.34,6408
10/29/21,1635465600,64129,13.37,6368
10/30/21,1635552000,62412,13.42,6345
10/31/21,1635638400,63743,13.46,6317
11/1/21,1635724800,65442,13.3,6423
11/2/21,1635811200,65874,13.52,6308
11/3/21,1635897600,65290,13.36,6385
11/4/21,1635984000,64494,13.61,6282
11/5/21,1636070400,63036,13.23,6446
11/6/21,1636156800,62972,13.44,6339
11/7/21,1636243200,63396,13.22,6452
11/8/21,1636329600,63553,13.46,6346
11/9/21,1636416000,67096,13.42,6372
11/10/21,1636502400,68129,13.32,6382
11/11/21,1636588800,64004,13.37,6373
11/12/21,1636675200,61834,13.31,6421
11/13/21,1636761600,64644,13.48,6326
11/14/21,1636848000,64874,13.48,6345
11/15/21,1636934400,68318,13.51,6319
11/16/21,1637020800,71564,13.61,6254
11/17/21,1637107200,70783,13.3,6390
11/18/21,1637193600,68397,13.39,6372
11/19/21,1637280000,70000,13.71,6232
11/20/21,1637366400,67221,13.54,6295
11/21/21,1637452800,72737,13.59,6287
11/22/21,1637539200,73137,13.41,6367
11/23/21,1637625600,72569,13.43,6339
11/24/21,1637712000,72979,13.56,6304
11/25/21,1637798400,69643,13.53,6303
11/26/21,1637884800,71697,13.68,6218
11/27/21,1637971200,70859,13.35,6386
11/28/21,1638057600,71615,13.57,6256
11/29/21,1638144000,71808,13.7,6207
11/30/21,1638230400,70186,13.63,6259
12/1/21,1638316800,68926,13.71,6237
12/2/21,1638403200,69738,13.61,6246
12/3/21,1638489600,66293,13.57,6294
12/4/21,1638576000,70232,13.8,6177
12/5/21,1638662400,69488,13.68,6228
12/6/21,1638748800,67603,13.61,6273
12/7/21,1638835200,65338,13.62,6266
12/8/21,1638921600,69761,13.66,6225
12/9/21,1639008000,68557,13.54,6282
12/10/21,1639094400,67807,13.26,6427
12/11/21,1639180800,66999,13.14,6488
12/12/21,1639267200,66346,13.12,6523
12/13/21,1639353600,72439,13.17,6486
12/14/21,1639440000,71392,13.29,6391
12/15/21,1639526400,69996,13.18,6478
12/16/21,1639612800,64166,13.32,6397
12/17/21,1639699200,73499,13.18,6468
12/18/21,1639785600,75495,13.12,6508
12/19/21,1639872000,67943,13.27,6453
12/20/21,1639958400,69853,13.01,6545
12/21/21,1640044800,68846,13.24,6442
12/22/21,1640131200,68697,13.28,6426
12/23/21,1640217600,72291,13.31,6415
12/24/21,1640304000,72147,13.16,6468
12/25/21,1640390400,72236,13.21,6460
12/26/21,1640476800,71563,13.2,6467
12/27/21,1640563200,78825,13.17,6477
12/28/21,1640649600,79689,13.24,6442
12/29/21,1640736000,83474,13.09,6519
12/30/21,1640822400,80679,13.28,6432
12/31/21,1640908800,79152,13.36,6379
1/1/22,1640995200,78275,13.13,6506
1/2/22,1641081600,85060,13.11,6495
1/3/22,1641168000,87429,13.17,6461
1/4/22,1641254400,83142,13.14,6494
1/5/22,1641340800,87221,13.23,6460
1/6/22,1641427200,84717,13.35,6392
1/7/22,1641513600,86750,13.24,6423
1/8/22,1641600000,90893,13.05,6525
1/9/22,1641686400,98869,13.16,6505
1/10/22,1641772800,94968,13.29,6422
1/11/22,1641859200,94105,13.04,6527
1/12/22,1641945600,85405,13.16,6457
1/13/22,1642032000,89632,13.19,6438
1/14/22,1642118400,90602,13.19,6439
1/15/22,1642204800,90414,13.1,6486
1/16/22,1642291200,90864,13.11,6504
1/17/22,1642377600,92056,13.2,6468
1/18/22,1642464000,91038,13.17,6462
1/19/22,1642550400,87191,13.14,6473
1/20/22,1642636800,80062,13.18,6489
1/21/22,1642723200,88114,13.33,6393
1/22/22,1642809600,86842,12.9,6556
1/23/22,1642896000,81407,13.24,6456
1/24/22,1642982400,87442,13.15,6449
1/25/22,1643068800,89303,13.24,6460
1/26/22,1643155200,90534,13.21,6427
1/27/22,1643241600,93639,13.13,6494
1/28/22,1643328000,86013,13.18,6472
1/29/22,1643414400,88540,13.21,6461
1/30/22,1643500800,90448,13.07,6539
1/31/22,1643587200,86293,13.16,6462
2/1/22,1643673600,90133,13.11,6501
2/2/22,1643760000,93113,13.22,6454
2/3/22,1643846400,88566,13.24,6423
2/4/22,1643932800,85039,12.98,6556
2/5/22,1644019200,83069,13.32,6387
2/6/22,1644105600,80012,13.03,6539
2/7/22,1644192000,87905,13.18,6461
2/8/22,1644278400,85710,13.24,6430
2/9/22,1644364800,86954,13.18,6477
2/10/22,1644451200,90584,13.23,6438
2/11/22,1644537600,90688,13.04,6520
2/12/22,1644624000,84500,13.22,6471
2/13/22,1644710400,87651,13.26,6470
2/14/22,1644796800,88983,13.22,6451
2/15/22,1644883200,92114,13.11,6520
2/16/22,1644969600,95439,13.35,6410
2/17/22,1645056000,99673,13.18,6476
2/18/22,1645142400,98783,13.26,6418
2/19/22,1645228800,101752,13.36,6407
2/20/22,1645315200,102349,13.09,6518
2/21/22,1645401600,119118,13.3,6434
2/22/22,1645488000,100337,13.19,6463
2/23/22,1645574400,98862,13.15,6487
2/24/22,1645660800,95330,13.12,6485
2/25/22,1645747200,98881,13.28,6430
2/26/22,1645833600,93370,13.14,6460
2/27/22,1645920000,90823,13.15,6488
2/28/22,1646006400,89599,13.29,6424
3/1/22,1646092800,90398,13.12,6495
3/2/22,1646179200,95788,13.31,6404
3/3/22,1646265600,95379,13.24,6451
3/4/22,1646352000,86093,13.14,6496
3/5/22,1646438400,79961,13.35,6376
3/6/22,1646524800,81129,13.25,6421
3/7/22,1646611200,85379,13.19,6446
3/8/22,1646697600,87321,13.33,6392
3/9/22,1646784000,87458,13.08,6508
3/10/22,1646870400,86477,13.12,6480
3/11/22,1646956800,89831,13.38,6331
3/12/22,1647043200,85189,13.05,6509
3/13/22,1647129600,86475,13.41,6327
3/14/22,1647216000,88668,13.1,6458
3/15/22,1647302400,88738,13.25,6405
3/16/22,1647388800,88594,13.27,6391
3/17/22,1647475200,82967,13.24,6426
3/18/22,1647561600,83297,13.19,6418
3/19/22,1647648000,80792,13.17,6449
3/20/22,1647734400,87036,13.19,6426
3/21/22,1647820800,86140,13.22,6407
3/22/22,1647907200,87875,13.17,6446
3/23/22,1647993600,89310,13.16,6440
3/24/22,1648080000,86000,13.19,6424
3/25/22,1648166400,85761,13.19,6424
3/26/22,1648252800,80067,13.23,6407
3/27/22,1648339200,82096,13.25,6395
3/28/22,1648425600,83028,13.11,6463
3/29/22,1648512000,82976,13.16,6452
3/30/22,1648598400,83748,13.32,6394
3/31/22,1648684800,85720,13.28,6414
4/1/22,1648771200,87026,13.19,6431
4/2/22,1648857600,89484,13.39,6357
4/3/22,1648944000,92115,13.21,6426
4/4/22,1649030400,91131,13.39,6323
4/5/22,1649116800,89603,13.15,6436
4/6/22,1649203200,94644,13.2,6418
4/7/22,1649289600,102101,13.22,6422
4/8/22,1649376000,100610,13.39,6338
4/9/22,1649462400,92218,13.19,6429
4/10/22,1649548800,97367,13.26,6401
4/11/22,1649635200,93680,13.17,6447
4/12/22,1649721600,92833,13.21,6446
4/13/22,1649808000,92827,13.44,6312
4/14/22,1649894400,92980,13.22,6408
4/15/22,1649980800,88832,13.24,6421
4/16/22,1650067200,87808,13.31,6404
4/17/22,1650153600,91637,13.16,6431
4/18/22,1650240000,92883,13.38,6350
4/19/22,1650326400,92499,13.27,6409
4/20/22,1650412800,97649,13.22,6424
4/21/22,1650499200,91286,13.45,6290
4/22/22,1650585600,94384,13.23,6414
4/23/22,1650672000,90137,13.33,6371
4/24/22,1650758400,95809,13.3,6373
4/25/22,1650844800,95000,13.35,6342
4/26/22,1650931200,89905,13.39,6320
4/27/22,1651017600,97534,13.3,6381
4/28/22,1651104000,90735,13.34,6348
4/29/22,1651190400,88751,13.25,6376
4/30/22,1651276800,85276,13.34,6348
5/1/22,1651363200,87744,13.31,6381
5/2/22,1651449600,86346,13.33,6358
5/3/22,1651536000,90305,13.38,6337
5/4/22,1651622400,90235,13.56,6258
5/5/22,1651708800,92949,13.5,6295
5/6/22,1651795200,92361,13.44,6305
5/7/22,1651881600,83277,13.44,6258
5/8/22,1651968000,79985,13.31,6333
5/9/22,1652054400,91599,13.66,6195
5/10/22,1652140800,98301,13.59,6208
5/11/22,1652227200,99989,13.39,6338
5/12/22,1652313600,98964,13.62,6188
5/13/22,1652400000,88511,13.32,6367
5/14/22,1652486400,86964,13.61,6237
5/15/22,1652572800,88217,13.47,6289
5/16/22,1652659200,90246,13.48,6288
5/17/22,1652745600,103813,13.51,6285
5/18/22,1652832000,89802,13.54,6246
5/19/22,1652918400,93538,13.89,6112
5/20/22,1653004800,93262,13.77,6154
5/21/22,1653091200,98303,13.85,6160
5/22/22,1653177600,100975,13.92,6122
5/23/22,1653264000,94582,13.69,6219
5/24/22,1653350400,98535,13.97,6074
5/25/22,1653436800,102835,13.78,6165
5/26/22,1653523200,112811,13.96,6092
5/27/22,1653609600,99428,13.64,6218
5/28/22,1653696000,96247,13.82,6166
5/29/22,1653782400,112140,13.8,6157
5/30/22,1653868800,102688,13.9,6096
5/31/22,1653955200,108154,13.8,6146
6/1/22,1654041600,125888,13.91,6119
6/2/22,1654128000,127467,13.75,6159
6/3/22,1654214400,115369,13.81,6135
6/4/22,1654300800,108285,14.45,5898
6/5/22,1654387200,109393,14.29,5939
6/6/22,1654473600,107199,14.64,5794
6/7/22,1654560000,110406,14.3,5957
6/8/22,1654646400,112452,14.45,5883
6/9/22,1654732800,100858,14.68,5808
6/10/22,1654819200,92869,14.42,5897
6/11/22,1654905600,92584,14.52,5866
6/12/22,1654992000,95441,14.55,5839
6/13/22,1655078400,99746,14.53,5835
6/14/22,1655164800,98804,14.75,5747
6/15/22,1655251200,96505,14.73,5750
6/16/22,1655337600,87082,14.54,5820
6/17/22,1655424000,85006,14.48,5870
6/18/22,1655510400,86949,14.58,5816
6/19/22,1655596800,85306,14.78,5711
6/20/22,1655683200,84641,14.47,5871
6/21/22,1655769600,89999,15.55,5465
6/22/22,1655856000,96925,15.83,5355
6/23/22,1655942400,91867,16.02,5309
6/24/22,1656028800,95693,15.84,5366
6/25/22,1656115200,97503,15.85,5347
6/26/22,1656201600,109449,15.98,5310
6/27/22,1656288000,103879,15.7,5411
6/28/22,1656374400,95146,16,5312
6/29/22,1656460800,103379,15.92,5332
6/30/22,1656547200,95063,15.01,5628
7/1/22,1656633600,80287,13.07,6455
7/2/22,1656720000,77836,13.06,6488
7/3/22,1656806400,81207,12.95,6540
7/4/22,1656892800,82625,13.17,6435
7/5/22,1656979200,85826,13.13,6477
7/6/22,1657065600,81529,13.04,6480
7/7/22,1657152000,83732,13.23,6419
7/8/22,1657238400,82624,12.95,6553
7/9/22,1657324800,83419,13.25,6414
7/10/22,1657411200,82233,13.06,6495
7/11/22,1657497600,81512,13.07,6484
7/12/22,1657584000,82885,12.99,6511
7/13/22,1657670400,85892,13.21,6412
7/14/22,1657756800,84111,12.98,6540
7/15/22,1657843200,84352,13.15,6436
7/16/22,1657929600,84132,13.08,6448
7/17/22,1658016000,85066,13.17,6426
7/18/22,1658102400,88572,13.07,6456
7/19/22,1658188800,81056,13.09,6476
7/20/22,1658275200,84301,13.07,6443
7/21/22,1658361600,84739,13.05,6474
7/22/22,1658448000,80839,13.06,6468
7/23/22,1658534400,82353,13.1,6456
7/24/22,1658620800,83637,13.18,6401
7/25/22,1658707200,86434,13.26,6395
7/26/22,1658793600,84632,13.24,6380
7/27/22,1658880000,81310,13.17,6433
7/28/22,1658966400,84234,13.19,6438
7/29/22,1659052800,83337,13.18,6423
7/30/22,1659139200,82556,13.24,6421
7/31/22,1659225600,82523,13.22,6403
8/1/22,1659312000,83750,13.16,6441
8/2/22,1659398400,83354,13.15,6446
8/3/22,1659484800,84139,13.29,6355
8/4/22,1659571200,83379,13.27,6389
8/5/22,1659657600,89379,13.07,6511
8/6/22,1659744000,82975,13.32,6385
8/7/22,1659830400,82542,13.16,6450
8/8/22,1659916800,84839,13.27,6423
8/9/22,1660003200,84650,13.36,6345
8/10/22,1660089600,93482,13.34,6375
8/11/22,1660176000,86458,13.46,6314
8/12/22,1660262400,81448,13.4,6343
8/13/22,1660348800,82518,13.36,6380
8/14/22,1660435200,86979,13.43,6318
8/15/22,1660521600,81303,13.56,6270
8/16/22,1660608000,81811,13.35,6381
8/17/22,1660694400,83526,13.55,6287
8/18/22,1660780800,83257,13.4,6344
8/19/22,1660867200,90587,13.57,6256
8/20/22,1660953600,83389,13.33,6353
8/21/22,1661040000,83510,13.32,6363
8/22/22,1661126400,84822,13.59,6264
8/23/22,1661212800,85672,13.33,6353
8/24/22,1661299200,81861,13.6,6256
8/25/22,1661385600,85523,13.61,6210
8/26/22,1661472000,86425,13.62,6237
8/27/22,1661558400,86452,13.62,6236
8/28/22,1661644800,90059,13.63,6239
8/29/22,1661731200,94421,13.45,6327
8/30/22,1661817600,98774,13.71,6211
8/31/22,1661904000,89864,13.57,6250
9/1/22,1661990400,79538,13.61,6262
9/2/22,1662076800,76642,13.47,6293
9/3/22,1662163200,73329,13.67,6200
9/4/22,1662249600,73811,13.53,6269
9/5/22,1662336000,75633,13.79,6171
9/6/22,1662422400,80446,13.6,6259
9/7/22,1662508800,81261,13.66,6218
9/8/22,1662595200,79663,13.58,6292
9/9/22,1662681600,81196,14,6065
9/10/22,1662768000,74220,14.07,6044
9/11/22,1662854400,77615,13.99,6066
9/12/22,1662940800,81240,14,6047
9/13/22,1663027200,79714,14.02,6064
9/14/22,1663113600,77833,14.4,5909
9/15/22,1663200000,75375,12.77,6727
9/16/22,1663286400,76255,12.18,7092
9/17/22,1663372800,71667,12.12,7130
9/18/22,1663459200,78827,12.12,7130
9/19/22,1663545600,81423,12.13,7125
9/20/22,1663632000,83552,12.1,7138
9/21/22,1663718400,83557,12.25,7054
9/22/22,1663804800,83198,12.08,7152
9/23/22,1663891200,81450,12.06,7167
9/24/22,1663977600,74354,12.05,7168
9/25/22,1664064000,73322,12.05,7168
9/26/22,1664150400,79885,12.09,7148
9/27/22,1664236800,78742,12.1,7141
9/28/22,1664323200,78203,12.06,7162
9/29/22,1664409600,76732,12.08,7154
9/30/22,1664496000,76758,12.06,7162
10/1/22,1664582400,79346,12.11,7137
10/2/22,1664668800,79320,12.04,7175
10/3/22,1664755200,76479,12.07,7157
10/4/22,1664841600,83567,12.11,7132
10/5/22,1664928000,86099,12.09,7148