Date(UTC),UnixTimeStamp,Block Count,Block Size,Block Time,Month,Year,,,,,
5/31/20,1590883200,41890,613,2.06,May,2020,,,,,
6/1/20,1590969600,41892,614,2.06,June,2020,,Row Labels,Average of Block Count,Average of Block Time,Average of Block Size
6/2/20,1591056000,41890,614,2.06,June,2020,,2020,41863.56279,2.061534884,787.9953488
6/3/20,1591142400,41892,614,2.06,June,2020,,May,41890,2.06,613
6/4/20,1591228800,41890,614,2.06,June,2020,,June,41890.93333,2.06,614.1
6/5/20,1591315200,41892,614,2.06,June,2020,,July,41890.83871,2.06,617.5483871
6/6/20,1591401600,41890,614,2.06,June,2020,,August,41875.22581,2.060967742,632.2580645
6/7/20,1591488000,41892,614,2.06,June,2020,,September,41858.03333,2.062,696.2333333
6/8/20,1591574400,41890,614,2.06,June,2020,,October,41879,2.060967742,725.0322581
6/9/20,1591660800,41890,614,2.06,June,2020,,November,41883,2.060333333,789.1
6/10/20,1591747200,41892,614,2.06,June,2020,,December,41768.3871,2.066451613,1438.806452
6/11/20,1591833600,41890,614,2.06,June,2020,,2021,38869.19178,2.240136986,49034.11233
6/12/20,1591920000,41892,614,2.06,June,2020,,January,41028.70968,2.108387097,1547.129032
6/13/20,1592006400,41890,614,2.06,June,2020,,February,41648.5,2.073928571,1967.607143
6/14/20,1592092800,41892,614,2.06,June,2020,,March,40673,2.12483871,3136.322581
6/15/20,1592179200,41890,614,2.06,June,2020,,April,40787.76667,2.118333333,6888.166667
6/16/20,1592265600,41892,614,2.06,June,2020,,May,40049.48387,2.160322581,42859.90323
6/17/20,1592352000,41890,614,2.06,June,2020,,June,38876.76667,2.233666667,75017.23333
6/18/20,1592438400,41892,614,2.06,June,2020,,July,36540.41935,2.383870968,81400.32258
6/19/20,1592524800,41890,614,2.06,June,2020,,August,36420.09677,2.42,69587.90323
6/20/20,1592611200,41890,615,2.06,June,2020,,September,36411.73333,2.394333333,87062
6/21/20,1592697600,41892,614,2.06,June,2020,,October,36729,2.371935484,73159.83871
6/22/20,1592784000,41890,614,2.06,June,2020,,November,38510.5,2.253,72554.96667
6/23/20,1592870400,41892,614,2.06,June,2020,,December,38994.58065,2.224193548,70137.19355
6/24/20,1592956800,41890,614,2.06,June,2020,,2022,38772.02158,2.242482014,56686.22662
6/25/20,1593043200,41892,614,2.06,June,2020,,January,38690.87097,2.245483871,75662.70968
6/26/20,1593129600,41890,614,2.06,June,2020,,February,37064.10714,2.391071429,61913.14286
6/27/20,1593216000,41892,614,2.06,June,2020,,March,37289.06452,2.328387097,51623.48387
6/28/20,1593302400,41890,614,2.06,June,2020,,April,39274.83333,2.209,55820.03333
6/29/20,1593388800,41892,614,2.06,June,2020,,May,39923.16129,2.166451613,57362.03226
6/30/20,1593475200,41890,616,2.06,June,2020,,June,39409.93333,2.194666667,55437.7
7/1/20,1593561600,41890,614,2.06,July,2020,,July,38009.67742,2.277096774,54286.06452
7/2/20,1593648000,41892,614,2.06,July,2020,,August,37488.12903,2.310645161,52950.58065
7/3/20,1593734400,41890,616,2.06,July,2020,,September,41307.66667,2.092666667,46271.96667
7/4/20,1593820800,41892,614,2.06,July,2020,,October,41525.2,2.08,50176.2
7/5/20,1593907200,41890,614,2.06,July,2020,,Grand Total,39588.04545,2.196142191,39423.82401
7/6/20,1593993600,41892,614,2.06,July,2020,,,,,
7/7/20,1594080000,41890,616,2.06,July,2020,,,,,
7/8/20,1594166400,41892,615,2.06,July,2020,,,,,
7/9/20,1594252800,41890,615,2.06,July,2020,,,,,
7/10/20,1594339200,41892,614,2.06,July,2020,,,,,
7/11/20,1594425600,41890,615,2.06,July,2020,,,,,
7/12/20,1594512000,41890,614,2.06,July,2020,,,,,
7/13/20,1594598400,41892,614,2.06,July,2020,,,,,
7/14/20,1594684800,41890,614,2.06,July,2020,,,,,
7/15/20,1594771200,41892,614,2.06,July,2020,,,,,
7/16/20,1594857600,41890,616,2.06,July,2020,,,,,
7/17/20,1594944000,41892,616,2.06,July,2020,,,,,
7/18/20,1595030400,41888,614,2.06,July,2020,,,,,
7/19/20,1595116800,41892,622,2.06,July,2020,,,,,
7/20/20,1595203200,41890,621,2.06,July,2020,,,,,
7/21/20,1595289600,41892,618,2.06,July,2020,,,,,
7/22/20,1595376000,41890,618,2.06,July,2020,,,,,
7/23/20,1595462400,41891,627,2.06,July,2020,,,,,
7/24/20,1595548800,41891,636,2.06,July,2020,,,,,
7/25/20,1595635200,41890,617,2.06,July,2020,,,,,
7/26/20,1595721600,41892,618,2.06,July,2020,,,,,
7/27/20,1595808000,41890,634,2.06,July,2020,,,,,
7/28/20,1595894400,41892,617,2.06,July,2020,,,,,
7/29/20,1595980800,41890,617,2.06,July,2020,,,,,
7/30/20,1596067200,41892,618,2.06,July,2020,,,,,
7/31/20,1596153600,41890,618,2.06,July,2020,,,,,
8/1/20,1596240000,41892,620,2.06,August,2020,,,,,
8/2/20,1596326400,41890,617,2.06,August,2020,,,,,
8/3/20,1596412800,41891,624,2.06,August,2020,,,,,
8/4/20,1596499200,41891,622,2.06,August,2020,,,,,
8/5/20,1596585600,41890,626,2.06,August,2020,,,,,
8/6/20,1596672000,41892,623,2.06,August,2020,,,,,
8/7/20,1596758400,41875,623,2.06,August,2020,,,,,
8/8/20,1596844800,41890,623,2.06,August,2020,,,,,
8/9/20,1596931200,41890,623,2.06,August,2020,,,,,
8/10/20,1597017600,41892,624,2.06,August,2020,,,,,
8/11/20,1597104000,41828,624,2.07,August,2020,,,,,
8/12/20,1597190400,41892,625,2.06,August,2020,,,,,
8/13/20,1597276800,41890,740,2.06,August,2020,,,,,
8/14/20,1597363200,41892,625,2.06,August,2020,,,,,
8/15/20,1597449600,41890,626,2.06,August,2020,,,,,
8/16/20,1597536000,41892,631,2.06,August,2020,,,,,
8/17/20,1597622400,41890,691,2.06,August,2020,,,,,
8/18/20,1597708800,41891,658,2.06,August,2020,,,,,
8/19/20,1597795200,41890,627,2.06,August,2020,,,,,
8/20/20,1597881600,41890,644,2.06,August,2020,,,,,
8/21/20,1597968000,41892,627,2.06,August,2020,,,,,
8/22/20,1598054400,41890,620,2.06,August,2020,,,,,
8/23/20,1598140800,41892,624,2.06,August,2020,,,,,
8/24/20,1598227200,41890,622,2.06,August,2020,,,,,
8/25/20,1598313600,41732,623,2.07,August,2020,,,,,
8/26/20,1598400000,41644,627,2.07,August,2020,,,,,
8/27/20,1598486400,41890,628,2.06,August,2020,,,,,
8/28/20,1598572800,41890,634,2.06,August,2020,,,,,
8/29/20,1598659200,41892,624,2.06,August,2020,,,,,
8/30/20,1598745600,41890,629,2.06,August,2020,,,,,
8/31/20,1598832000,41892,626,2.06,August,2020,,,,,
9/1/20,1598918400,41890,629,2.06,September,2020,,,,,
9/2/20,1599004800,41892,642,2.06,September,2020,,,,,
9/3/20,1599091200,41704,635,2.07,September,2020,,,,,
9/4/20,1599177600,41892,633,2.06,September,2020,,,,,
9/5/20,1599264000,41764,633,2.07,September,2020,,,,,
9/6/20,1599350400,41863,628,2.06,September,2020,,,,,
9/7/20,1599436800,41890,638,2.06,September,2020,,,,,
9/8/20,1599523200,41892,647,2.06,September,2020,,,,,
9/9/20,1599609600,41890,631,2.06,September,2020,,,,,
9/10/20,1599696000,41892,684,2.06,September,2020,,,,,
9/11/20,1599782400,41766,641,2.07,September,2020,,,,,
9/12/20,1599868800,41892,643,2.06,September,2020,,,,,
9/13/20,1599955200,41888,657,2.06,September,2020,,,,,
9/14/20,1600041600,41870,657,2.06,September,2020,,,,,
9/15/20,1600128000,41890,664,2.06,September,2020,,,,,
9/16/20,1600214400,41489,654,2.08,September,2020,,,,,
9/17/20,1600300800,41890,641,2.06,September,2020,,,,,
9/18/20,1600387200,41883,634,2.06,September,2020,,,,,
9/19/20,1600473600,41892,666,2.06,September,2020,,,,,
9/20/20,1600560000,41890,641,2.06,September,2020,,,,,
9/21/20,1600646400,41890,652,2.06,September,2020,,,,,
9/22/20,1600732800,41892,656,2.06,September,2020,,,,,
9/23/20,1600819200,41890,725,2.06,September,2020,,,,,
9/24/20,1600905600,41892,706,2.06,September,2020,,,,,
9/25/20,1600992000,41880,1609,2.06,September,2020,,,,,
9/26/20,1601078400,41892,703,2.06,September,2020,,,,,
9/27/20,1601164800,41876,727,2.06,September,2020,,,,,
9/28/20,1601251200,41828,750,2.07,September,2020,,,,,
9/29/20,1601337600,41890,724,2.06,September,2020,,,,,
9/30/20,1601424000,41892,737,2.06,September,2020,,,,,
10/1/20,1601510400,41888,759,2.06,October,2020,,,,,
10/2/20,1601596800,41892,751,2.06,October,2020,,,,,
10/3/20,1601683200,41877,720,2.06,October,2020,,,,,
10/4/20,1601769600,41864,731,2.06,October,2020,,,,,
10/5/20,1601856000,41881,733,2.06,October,2020,,,,,
10/6/20,1601942400,41889,724,2.06,October,2020,,,,,
10/7/20,1602028800,41892,724,2.06,October,2020,,,,,
10/8/20,1602115200,41890,733,2.06,October,2020,,,,,
10/9/20,1602201600,41892,747,2.06,October,2020,,,,,
10/10/20,1602288000,41842,738,2.06,October,2020,,,,,
10/11/20,1602374400,41890,740,2.06,October,2020,,,,,
10/12/20,1602460800,41892,747,2.06,October,2020,,,,,
10/13/20,1602547200,41890,750,2.06,October,2020,,,,,
10/14/20,1602633600,41835,736,2.07,October,2020,,,,,
10/15/20,1602720000,41889,744,2.06,October,2020,,,,,
10/16/20,1602806400,41892,746,2.06,October,2020,,,,,
10/17/20,1602892800,41890,755,2.06,October,2020,,,,,
10/18/20,1602979200,41881,743,2.06,October,2020,,,,,
10/19/20,1603065600,41890,714,2.06,October,2020,,,,,
10/20/20,1603152000,41891,686,2.06,October,2020,,,,,
10/21/20,1603238400,41890,697,2.06,October,2020,,,,,
10/22/20,1603324800,41892,712,2.06,October,2020,,,,,
10/23/20,1603411200,41890,713,2.06,October,2020,,,,,
10/24/20,1603497600,41890,696,2.06,October,2020,,,,,
10/25/20,1603584000,41868,697,2.06,October,2020,,,,,
10/26/20,1603670400,41772,696,2.07,October,2020,,,,,
10/27/20,1603756800,41890,691,2.06,October,2020,,,,,
10/28/20,1603843200,41836,696,2.07,October,2020,,,,,
10/29/20,1603929600,41892,716,2.06,October,2020,,,,,
10/30/20,1604016000,41890,716,2.06,October,2020,,,,,
10/31/20,1604102400,41892,725,2.06,October,2020,,,,,
11/1/20,1604188800,41890,729,2.06,November,2020,,,,,
11/2/20,1604275200,41892,696,2.06,November,2020,,,,,
11/3/20,1604361600,41890,746,2.06,November,2020,,,,,
11/4/20,1604448000,41892,923,2.06,November,2020,,,,,
11/5/20,1604534400,41890,940,2.06,November,2020,,,,,
11/6/20,1604620800,41890,954,2.06,November,2020,,,,,
11/7/20,1604707200,41892,753,2.06,November,2020,,,,,
11/8/20,1604793600,41890,730,2.06,November,2020,,,,,
11/9/20,1604880000,41892,804,2.06,November,2020,,,,,
11/10/20,1604966400,41890,835,2.06,November,2020,,,,,
11/11/20,1605052800,41892,769,2.06,November,2020,,,,,
11/12/20,1605139200,41890,803,2.06,November,2020,,,,,
11/13/20,1605225600,41882,796,2.06,November,2020,,,,,
11/14/20,1605312000,41883,771,2.06,November,2020,,,,,
11/15/20,1605398400,41892,772,2.06,November,2020,,,,,
11/16/20,1605484800,41876,756,2.06,November,2020,,,,,
11/17/20,1605571200,41866,714,2.06,November,2020,,,,,
11/18/20,1605657600,41846,743,2.06,November,2020,,,,,
11/19/20,1605744000,41891,742,2.06,November,2020,,,,,
11/20/20,1605830400,41890,748,2.06,November,2020,,,,,
11/21/20,1605916800,41892,744,2.06,November,2020,,,,,
11/22/20,1606003200,41863,762,2.06,November,2020,,,,,
11/23/20,1606089600,41890,769,2.06,November,2020,,,,,
11/24/20,1606176000,41864,791,2.06,November,2020,,,,,
11/25/20,1606262400,41892,815,2.06,November,2020,,,,,
11/26/20,1606348800,41890,843,2.06,November,2020,,,,,
11/27/20,1606435200,41811,803,2.07,November,2020,,,,,
11/28/20,1606521600,41890,782,2.06,November,2020,,,,,
11/29/20,1606608000,41892,772,2.06,November,2020,,,,,
11/30/20,1606694400,41890,868,2.06,November,2020,,,,,
12/1/20,1606780800,41892,1015,2.06,December,2020,,,,,
12/2/20,1606867200,41873,1985,2.06,December,2020,,,,,
12/3/20,1606953600,41881,2027,2.06,December,2020,,,,,
12/4/20,1607040000,41890,1708,2.06,December,2020,,,,,
12/5/20,1607126400,41892,1504,2.06,December,2020,,,,,
12/6/20,1607212800,41862,1485,2.06,December,2020,,,,,
12/7/20,1607299200,41890,1482,2.06,December,2020,,,,,
12/8/20,1607385600,41892,1516,2.06,December,2020,,,,,
12/9/20,1607472000,41890,2672,2.06,December,2020,,,,,
12/10/20,1607558400,41891,1438,2.06,December,2020,,,,,
12/11/20,1607644800,41891,1597,2.06,December,2020,,,,,
12/12/20,1607731200,41890,1581,2.06,December,2020,,,,,
12/13/20,1607817600,41880,1568,2.06,December,2020,,,,,
12/14/20,1607904000,41860,1577,2.06,December,2020,,,,,
12/15/20,1607990400,40636,1711,2.13,December,2020,,,,,
12/16/20,1608076800,41886,1671,2.06,December,2020,,,,,
12/17/20,1608163200,41872,1622,2.06,December,2020,,,,,
12/18/20,1608249600,41872,1472,2.06,December,2020,,,,,
12/19/20,1608336000,41892,1129,2.06,December,2020,,,,,
12/20/20,1608422400,41859,1141,2.06,December,2020,,,,,
12/21/20,1608508800,41892,1133,2.06,December,2020,,,,,
12/22/20,1608595200,41795,1188,2.07,December,2020,,,,,
12/23/20,1608681600,41856,1238,2.06,December,2020,,,,,
12/24/20,1608768000,41856,1213,2.06,December,2020,,,,,
12/25/20,1608854400,41752,1130,2.07,December,2020,,,,,
12/26/20,1608940800,41860,1116,2.06,December,2020,,,,,
12/27/20,1609027200,41641,1191,2.07,December,2020,,,,,
12/28/20,1609113600,41786,1138,2.07,December,2020,,,,,
12/29/20,1609200000,41890,1139,2.06,December,2020,,,,,
12/30/20,1609286400,41203,1128,2.1,December,2020,,,,,
12/31/20,1609372800,40898,1088,2.11,December,2020,,,,,
1/1/21,1609459200,41890,1112,2.06,January,2021,,,,,
1/2/21,1609545600,41890,1150,2.06,January,2021,,,,,
1/3/21,1609632000,41831,1148,2.07,January,2021,,,,,
1/4/21,1609718400,41882,1191,2.06,January,2021,,,,,
1/5/21,1609804800,41891,1180,2.06,January,2021,,,,,
1/6/21,1609891200,41866,1207,2.06,January,2021,,,,,
1/7/21,1609977600,41884,1191,2.06,January,2021,,,,,
1/8/21,1610064000,41892,1210,2.06,January,2021,,,,,
1/9/21,1610150400,41886,1183,2.06,January,2021,,,,,
1/10/21,1610236800,41854,1244,2.06,January,2021,,,,,
1/11/21,1610323200,41703,1303,2.07,January,2021,,,,,
1/12/21,1610409600,40960,1325,2.11,January,2021,,,,,
1/13/21,1610496000,41386,1403,2.09,January,2021,,,,,
1/14/21,1610582400,41890,1411,2.06,January,2021,,,,,
1/15/21,1610668800,41892,1326,2.06,January,2021,,,,,
1/16/21,1610755200,41828,1139,2.07,January,2021,,,,,
1/17/21,1610841600,41822,1155,2.07,January,2021,,,,,
1/18/21,1610928000,41864,1535,2.06,January,2021,,,,,
1/19/21,1611014400,41869,1987,2.06,January,2021,,,,,
1/20/21,1611100800,41296,1980,2.09,January,2021,,,,,
1/21/21,1611187200,41758,2258,2.07,January,2021,,,,,
1/22/21,1611273600,38619,2437,2.24,January,2021,,,,,
1/23/21,1611360000,36165,1316,2.39,January,2021,,,,,
1/24/21,1611446400,36980,2015,2.34,January,2021,,,,,
1/25/21,1611532800,41291,1725,2.09,January,2021,,,,,
1/26/21,1611619200,40968,1868,2.11,January,2021,,,,,
1/27/21,1611705600,38222,1928,2.26,January,2021,,,,,
1/28/21,1611792000,40199,2037,2.15,January,2021,,,,,
1/29/21,1611878400,40265,2238,2.15,January,2021,,,,,
1/30/21,1611964800,40651,1952,2.13,January,2021,,,,,
1/31/21,1612051200,41496,1807,2.08,January,2021,,,,,
2/1/21,1612137600,41658,1670,2.07,February,2021,,,,,
2/2/21,1612224000,41635,1718,2.08,February,2021,,,,,
2/3/21,1612310400,41511,1707,2.08,February,2021,,,,,
2/4/21,1612396800,41541,1654,2.08,February,2021,,,,,
2/5/21,1612483200,41534,1722,2.08,February,2021,,,,,
2/6/21,1612569600,41446,1708,2.08,February,2021,,,,,
2/7/21,1612656000,41643,1724,2.07,February,2021,,,,,
2/8/21,1612742400,41528,1778,2.08,February,2021,,,,,
2/9/21,1612828800,41596,1741,2.08,February,2021,,,,,
2/10/21,1612915200,41522,1935,2.08,February,2021,,,,,
2/11/21,1613001600,41657,1884,2.07,February,2021,,,,,
2/12/21,1613088000,41723,1972,2.07,February,2021,,,,,
2/13/21,1613174400,41689,1914,2.07,February,2021,,,,,
2/14/21,1613260800,41774,1717,2.07,February,2021,,,,,
2/15/21,1613347200,41646,1998,2.07,February,2021,,,,,
2/16/21,1613433600,41761,2265,2.07,February,2021,,,,,
2/17/21,1613520000,41695,1942,2.07,February,2021,,,,,
2/18/21,1613606400,41760,1961,2.07,February,2021,,,,,
2/19/21,1613692800,41806,2103,2.07,February,2021,,,,,
2/20/21,1613779200,41778,2003,2.07,February,2021,,,,,
2/21/21,1613865600,41194,2168,2.1,February,2021,,,,,
2/22/21,1613952000,41645,2273,2.07,February,2021,,,,,
2/23/21,1614038400,41735,2220,2.07,February,2021,,,,,
2/24/21,1614124800,41728,2285,2.07,February,2021,,,,,
2/25/21,1614211200,41650,2408,2.07,February,2021,,,,,
2/26/21,1614297600,41751,2140,2.07,February,2021,,,,,
2/27/21,1614384000,41769,2110,2.07,February,2021,,,,,
2/28/21,1614470400,41783,2373,2.07,February,2021,,,,,
3/1/21,1614556800,40786,2553,2.12,March,2021,,,,,
3/2/21,1614643200,39711,3215,2.18,March,2021,,,,,
3/3/21,1614729600,40314,2464,2.14,March,2021,,,,,
3/4/21,1614816000,41451,2642,2.08,March,2021,,,,,
3/5/21,1614902400,41655,2444,2.07,March,2021,,,,,
3/6/21,1614988800,41231,2405,2.1,March,2021,,,,,
3/7/21,1615075200,40743,2509,2.12,March,2021,,,,,
3/8/21,1615161600,41374,2512,2.09,March,2021,,,,,
3/9/21,1615248000,40634,2616,2.13,March,2021,,,,,
3/10/21,1615334400,41014,2566,2.11,March,2021,,,,,
3/11/21,1615420800,41103,2828,2.1,March,2021,,,,,
3/12/21,1615507200,40843,2731,2.12,March,2021,,,,,
3/13/21,1615593600,40976,2548,2.11,March,2021,,,,,
3/14/21,1615680000,41162,2879,2.1,March,2021,,,,,
3/15/21,1615766400,40329,2906,2.14,March,2021,,,,,
3/16/21,1615852800,40097,3615,2.15,March,2021,,,,,
3/17/21,1615939200,40271,4347,2.15,March,2021,,,,,
3/18/21,1616025600,37722,4129,2.29,March,2021,,,,,
3/19/21,1616112000,39573,4248,2.18,March,2021,,,,,
3/20/21,1616198400,40267,3787,2.15,March,2021,,,,,
3/21/21,1616284800,41097,4543,2.1,March,2021,,,,,
3/22/21,1616371200,40854,4708,2.11,March,2021,,,,,
3/23/21,1616457600,40522,3341,2.13,March,2021,,,,,
3/24/21,1616544000,40378,3729,2.14,March,2021,,,,,
3/25/21,1616630400,40972,3040,2.11,March,2021,,,,,
3/26/21,1616716800,41170,2827,2.1,March,2021,,,,,
3/27/21,1616803200,40940,2893,2.11,March,2021,,,,,
3/28/21,1616889600,41293,2807,2.09,March,2021,,,,,
3/29/21,1616976000,40910,3296,2.11,March,2021,,,,,
3/30/21,1617062400,40957,2946,2.11,March,2021,,,,,
3/31/21,1617148800,40514,3152,2.13,March,2021,,,,,
4/1/21,1617235200,40590,3225,2.13,April,2021,,,,,
4/2/21,1617321600,41316,3742,2.09,April,2021,,,,,
4/3/21,1617408000,40880,3367,2.11,April,2021,,,,,
4/4/21,1617494400,40745,2885,2.12,April,2021,,,,,
4/5/21,1617580800,40607,4414,2.13,April,2021,,,,,
4/6/21,1617667200,40318,3328,2.14,April,2021,,,,,
4/7/21,1617753600,40421,3919,2.14,April,2021,,,,,
4/8/21,1617840000,40522,3568,2.13,April,2021,,,,,
4/9/21,1617926400,40837,3611,2.12,April,2021,,,,,
4/10/21,1618012800,41355,3161,2.09,April,2021,,,,,
4/11/21,1618099200,40542,3691,2.13,April,2021,,,,,
4/12/21,1618185600,40964,3597,2.11,April,2021,,,,,
4/13/21,1618272000,40833,4077,2.12,April,2021,,,,,
4/14/21,1618358400,40978,5830,2.11,April,2021,,,,,
4/15/21,1618444800,41278,4392,2.09,April,2021,,,,,
4/16/21,1618531200,40600,3993,2.13,April,2021,,,,,
4/17/21,1618617600,40720,3348,2.12,April,2021,,,,,
4/18/21,1618704000,40960,5353,2.11,April,2021,,,,,
4/19/21,1618790400,40595,5178,2.13,April,2021,,,,,
4/20/21,1618876800,40893,5113,2.11,April,2021,,,,,
4/21/21,1618963200,40197,4722,2.15,April,2021,,,,,
4/22/21,1619049600,40192,6273,2.15,April,2021,,,,,
4/23/21,1619136000,40694,9941,2.12,April,2021,,,,,
4/24/21,1619222400,40778,7194,2.12,April,2021,,,,,
4/25/21,1619308800,41102,9065,2.1,April,2021,,,,,
4/26/21,1619395200,41168,16672,2.1,April,2021,,,,,
4/27/21,1619481600,40816,18051,2.12,April,2021,,,,,
4/28/21,1619568000,41286,20238,2.09,April,2021,,,,,
4/29/21,1619654400,41098,16631,2.1,April,2021,,,,,
4/30/21,1619740800,40348,18066,2.14,April,2021,,,,,
5/1/21,1619827200,39707,23977,2.18,May,2021,,,,,
5/2/21,1619913600,40643,20954,2.13,May,2021,,,,,
5/3/21,1620000000,41475,15907,2.08,May,2021,,,,,
5/4/21,1620086400,40986,20164,2.11,May,2021,,,,,
5/5/21,1620172800,40836,16142,2.12,May,2021,,,,,
5/6/21,1620259200,40626,17081,2.13,May,2021,,,,,
5/7/21,1620345600,40371,29055,2.14,May,2021,,,,,
5/8/21,1620432000,41070,27379,2.1,May,2021,,,,,
5/9/21,1620518400,40959,27752,2.11,May,2021,,,,,
5/10/21,1620604800,40534,32497,2.13,May,2021,,,,,
5/11/21,1620691200,39882,30711,2.17,May,2021,,,,,
5/12/21,1620777600,37840,38030,2.28,May,2021,,,,,
5/13/21,1620864000,40574,32626,2.13,May,2021,,,,,
5/14/21,1620950400,40616,35177,2.13,May,2021,,,,,
5/15/21,1621036800,40491,36019,2.13,May,2021,,,,,
5/16/21,1621123200,40365,33395,2.14,May,2021,,,,,
5/17/21,1621209600,39255,37797,2.2,May,2021,,,,,
5/18/21,1621296000,38795,49949,2.23,May,2021,,,,,
5/19/21,1621382400,39916,73365,2.16,May,2021,,,,,
5/20/21,1621468800,38793,58103,2.23,May,2021,,,,,
5/21/21,1621555200,37905,55323,2.28,May,2021,,,,,
5/22/21,1621641600,39694,54285,2.18,May,2021,,,,,
5/23/21,1621728000,36757,55146,2.35,May,2021,,,,,
5/24/21,1621814400,37615,59648,2.3,May,2021,,,,,
5/25/21,1621900800,38915,64882,2.22,May,2021,,,,,
5/26/21,1621987200,38809,62754,2.23,May,2021,,,,,
5/27/21,1622073600,40931,59566,2.11,May,2021,,,,,
5/28/21,1622160000,41636,68671,2.08,May,2021,,,,,
5/29/21,1622246400,41892,62180,2.06,May,2021,,,,,
5/30/21,1622332800,41882,68755,2.06,May,2021,,,,,
5/31/21,1622419200,41764,61367,2.07,May,2021,,,,,
6/1/21,1622505600,41884,63345,2.06,June,2021,,,,,
6/2/21,1622592000,41538,69355,2.08,June,2021,,,,,
6/3/21,1622678400,41317,54875,2.09,June,2021,,,,,
6/4/21,1622764800,39943,62310,2.16,June,2021,,,,,
6/5/21,1622851200,39433,72719,2.19,June,2021,,,,,
6/6/21,1622937600,37537,72810,2.31,June,2021,,,,,
6/7/21,1623024000,38037,77523,2.28,June,2021,,,,,
6/8/21,1623110400,39130,70375,2.21,June,2021,,,,,
6/9/21,1623196800,30926,83193,2.8,June,2021,,,,,
6/10/21,1623283200,37865,90594,2.28,June,2021,,,,,
6/11/21,1623369600,40189,139125,2.15,June,2021,,,,,
6/12/21,1623456000,39605,64768,2.2,June,2021,,,,,
6/13/21,1623542400,39573,72056,2.18,June,2021,,,,,
6/14/21,1623628800,39359,69055,2.2,June,2021,,,,,
6/15/21,1623715200,38384,74803,2.27,June,2021,,,,,
6/16/21,1623801600,38467,87811,2.26,June,2021,,,,,
6/17/21,1623888000,40148,82895,2.16,June,2021,,,,,
6/18/21,1623974400,38343,76978,2.25,June,2021,,,,,
6/19/21,1624060800,38391,64995,2.26,June,2021,,,,,
6/20/21,1624147200,39740,58469,2.18,June,2021,,,,,
6/21/21,1624233600,38907,71196,2.23,June,2021,,,,,
6/22/21,1624320000,39010,79377,2.22,June,2021,,,,,
6/23/21,1624406400,38475,68307,2.25,June,2021,,,,,
6/24/21,1624492800,38429,75049,2.25,June,2021,,,,,
6/25/21,1624579200,38390,58351,2.25,June,2021,,,,,
6/26/21,1624665600,36956,68943,2.34,June,2021,,,,,
6/27/21,1624752000,39966,67035,2.16,June,2021,,,,,
6/28/21,1624838400,39050,82310,2.23,June,2021,,,,,
6/29/21,1624924800,38990,84140,2.24,June,2021,,,,,
6/30/21,1625011200,38321,87755,2.27,June,2021,,,,,
7/1/21,1625097600,39173,85485,2.22,July,2021,,,,,
7/2/21,1625184000,39975,68745,2.17,July,2021,,,,,
7/3/21,1625270400,39098,73861,2.22,July,2021,,,,,
7/4/21,1625356800,39623,69763,2.19,July,2021,,,,,
7/5/21,1625443200,39876,65797,2.17,July,2021,,,,,
7/6/21,1625529600,39042,74689,2.21,July,2021,,,,,
7/7/21,1625616000,39543,68029,2.19,July,2021,,,,,
7/8/21,1625702400,34380,81980,2.52,July,2021,,,,,
7/9/21,1625788800,32174,97680,2.69,July,2021,,,,,
7/10/21,1625875200,36930,88683,2.35,July,2021,,,,,
7/11/21,1625961600,35812,79896,2.42,July,2021,,,,,
7/12/21,1626048000,37551,80891,2.31,July,2021,,,,,
7/13/21,1626134400,35409,73800,2.45,July,2021,,,,,
7/14/21,1626220800,34472,78594,2.53,July,2021,,,,,
7/15/21,1626307200,36569,73790,2.38,July,2021,,,,,
7/16/21,1626393600,36694,75857,2.37,July,2021,,,,,
7/17/21,1626480000,37631,73017,2.3,July,2021,,,,,
7/18/21,1626566400,36282,71629,2.39,July,2021,,,,,
7/19/21,1626652800,36719,90745,2.36,July,2021,,,,,
7/20/21,1626739200,37863,93912,2.29,July,2021,,,,,
7/21/21,1626825600,37977,83284,2.28,July,2021,,,,,
7/22/21,1626912000,34315,84392,2.53,July,2021,,,,,
7/23/21,1626998400,36385,98548,2.38,July,2021,,,,,
7/24/21,1627084800,37429,80764,2.32,July,2021,,,,,
7/25/21,1627171200,36192,81412,2.39,July,2021,,,,,
7/26/21,1627257600,34034,111012,2.56,July,2021,,,,,
7/27/21,1627344000,35420,80689,2.46,July,2021,,,,,
7/28/21,1627430400,32765,91590,2.67,July,2021,,,,,
7/29/21,1627516800,34866,88078,2.51,July,2021,,,,,
7/30/21,1627603200,32918,86431,2.64,July,2021,,,,,
7/31/21,1627689600,35636,70367,2.43,July,2021,,,,,
8/1/21,1627776000,38385,65856,2.26,August,2021,,,,,
8/2/21,1627862400,36898,62925,2.36,August,2021,,,,,
8/3/21,1627948800,39485,63967,2.19,August,2021,,,,,
8/4/21,1628035200,37536,59825,2.32,August,2021,,,,,
8/5/21,1628121600,33158,69400,2.62,August,2021,,,,,
8/6/21,1628208000,36215,59046,2.4,August,2021,,,,,
8/7/21,1628294400,37398,59975,2.35,August,2021,,,,,
8/8/21,1628380800,37742,66532,2.33,August,2021,,,,,
8/9/21,1628467200,37053,75492,2.38,August,2021,,,,,
8/10/21,1628553600,37538,69555,2.37,August,2021,,,,,
8/11/21,1628640000,35295,75211,2.59,August,2021,,,,,
8/12/21,1628726400,36827,68910,2.47,August,2021,,,,,
8/13/21,1628812800,34431,74787,2.65,August,2021,,,,,
8/14/21,1628899200,36405,63128,2.41,August,2021,,,,,
8/15/21,1628985600,33939,67181,2.58,August,2021,,,,,
8/16/21,1629072000,38320,65680,2.26,August,2021,,,,,
8/17/21,1629158400,37030,68994,2.35,August,2021,,,,,
8/18/21,1629244800,37844,71559,2.3,August,2021,,,,,
8/19/21,1629331200,37350,72441,2.33,August,2021,,,,,
8/20/21,1629417600,36288,70062,2.41,August,2021,,,,,
8/21/21,1629504000,37320,66889,2.34,August,2021,,,,,
8/22/21,1629590400,36513,75265,2.44,August,2021,,,,,
8/23/21,1629676800,38408,74428,2.31,August,2021,,,,,
8/24/21,1629763200,38540,77766,2.28,August,2021,,,,,
8/25/21,1629849600,34409,80493,2.63,August,2021,,,,,
8/26/21,1629936000,34995,72998,2.56,August,2021,,,,,
8/27/21,1630022400,34897,65532,2.52,August,2021,,,,,
8/28/21,1630108800,35964,70663,2.41,August,2021,,,,,
8/29/21,1630195200,31959,76206,2.71,August,2021,,,,,
8/30/21,1630281600,35856,73417,2.42,August,2021,,,,,
8/31/21,1630368000,35025,73042,2.47,August,2021,,,,,
9/1/21,1630454400,35896,75987,2.42,September,2021,,,,,
9/2/21,1630540800,39539,71338,2.2,September,2021,,,,,
9/3/21,1630627200,37203,75184,2.33,September,2021,,,,,
9/4/21,1630713600,37006,75715,2.34,September,2021,,,,,
9/5/21,1630800000,34791,74065,2.49,September,2021,,,,,
9/6/21,1630886400,37592,73792,2.31,September,2021,,,,,
9/7/21,1630972800,36190,100061,2.42,September,2021,,,,,
9/8/21,1631059200,34776,96770,2.5,September,2021,,,,,
9/9/21,1631145600,36955,93383,2.34,September,2021,,,,,
9/10/21,1631232000,35526,100714,2.45,September,2021,,,,,
9/11/21,1631318400,35547,95913,2.45,September,2021,,,,,
9/12/21,1631404800,34584,89648,2.52,September,2021,,,,,
9/13/21,1631491200,36206,87778,2.42,September,2021,,,,,
9/14/21,1631577600,38107,83580,2.28,September,2021,,,,,
9/15/21,1631664000,36820,86337,2.37,September,2021,,,,,
9/16/21,1631750400,33616,89717,2.59,September,2021,,,,,
9/17/21,1631836800,35057,84486,2.48,September,2021,,,,,
9/18/21,1631923200,34099,83086,2.55,September,2021,,,,,
9/19/21,1632009600,35897,79194,2.44,September,2021,,,,,
9/20/21,1632096000,37648,95241,2.31,September,2021,,,,,
9/21/21,1632182400,36681,91853,2.39,September,2021,,,,,
9/22/21,1632268800,36047,87977,2.42,September,2021,,,,,
9/23/21,1632355200,36271,85696,2.4,September,2021,,,,,
9/24/21,1632441600,38876,87523,2.23,September,2021,,,,,
9/25/21,1632528000,38622,83932,2.24,September,2021,,,,,
9/26/21,1632614400,37372,95776,2.33,September,2021,,,,,
9/27/21,1632700800,38184,96699,2.29,September,2021,,,,,
9/28/21,1632787200,37375,90309,2.32,September,2021,,,,,
9/29/21,1632873600,32306,92070,2.69,September,2021,,,,,
9/30/21,1632960000,37563,88036,2.31,September,2021,,,,,
10/1/21,1633046400,38911,81391,2.24,October,2021,,,,,
10/2/21,1633132800,39315,82947,2.2,October,2021,,,,,
10/3/21,1633219200,36827,88549,2.35,October,2021,,,,,
10/4/21,1633305600,36751,93944,2.36,October,2021,,,,,
10/5/21,1633392000,38647,75756,2.25,October,2021,,,,,
10/6/21,1633478400,36040,67543,2.43,October,2021,,,,,
10/7/21,1633564800,38169,64457,2.27,October,2021,,,,,
10/8/21,1633651200,39374,62418,2.2,October,2021,,,,,
10/9/21,1633737600,38561,50251,2.26,October,2021,,,,,
10/10/21,1633824000,38762,55247,2.24,October,2021,,,,,
10/11/21,1633910400,36849,71237,2.36,October,2021,,,,,
10/12/21,1633996800,37942,63681,2.3,October,2021,,,,,
10/13/21,1634083200,36254,64543,2.39,October,2021,,,,,
10/14/21,1634169600,35736,65291,2.45,October,2021,,,,,
10/15/21,1634256000,34218,72718,2.55,October,2021,,,,,
10/16/21,1634342400,33144,64790,2.62,October,2021,,,,,
10/17/21,1634428800,34539,62185,2.52,October,2021,,,,,
10/18/21,1634515200,33423,97255,2.59,October,2021,,,,,
10/19/21,1634601600,34786,82511,2.51,October,2021,,,,,
10/20/21,1634688000,35429,70331,2.44,October,2021,,,,,
10/21/21,1634774400,36771,64400,2.36,October,2021,,,,,
10/22/21,1634860800,35153,69456,2.47,October,2021,,,,,
10/23/21,1634947200,36431,64435,2.38,October,2021,,,,,
10/24/21,1635033600,36623,65231,2.36,October,2021,,,,,
10/25/21,1635120000,36097,86849,2.43,October,2021,,,,,
10/26/21,1635206400,36040,75349,2.42,October,2021,,,,,
10/27/21,1635292800,35582,80810,2.44,October,2021,,,,,
10/28/21,1635379200,36427,82956,2.39,October,2021,,,,,
10/29/21,1635465600,37767,111740,2.3,October,2021,,,,,
10/30/21,1635552000,39948,66125,2.17,October,2021,,,,,
10/31/21,1635638400,38083,63559,2.28,October,2021,,,,,
11/1/21,1635724800,39462,75722,2.2,November,2021,,,,,
11/2/21,1635811200,38510,70102,2.25,November,2021,,,,,
11/3/21,1635897600,36842,71939,2.36,November,2021,,,,,
11/4/21,1635984000,38944,58640,2.22,November,2021,,,,,
11/5/21,1636070400,39557,57382,2.2,November,2021,,,,,
11/6/21,1636156800,38992,49658,2.22,November,2021,,,,,
11/7/21,1636243200,40014,52545,2.17,November,2021,,,,,
11/8/21,1636329600,38617,90823,2.25,November,2021,,,,,
11/9/21,1636416000,39714,66747,2.19,November,2021,,,,,
11/10/21,1636502400,39069,73740,2.22,November,2021,,,,,
11/11/21,1636588800,36916,84604,2.34,November,2021,,,,,
11/12/21,1636675200,38087,84251,2.28,November,2021,,,,,
11/13/21,1636761600,36447,70369,2.37,November,2021,,,,,
11/14/21,1636848000,39689,68713,2.18,November,2021,,,,,
11/15/21,1636934400,39727,81300,2.18,November,2021,,,,,
11/16/21,1637020800,38560,76188,2.24,November,2021,,,,,
11/17/21,1637107200,39117,74610,2.22,November,2021,,,,,
11/18/21,1637193600,38263,73479,2.26,November,2021,,,,,
11/19/21,1637280000,40184,66199,2.16,November,2021,,,,,
11/20/21,1637366400,37868,63692,2.29,November,2021,,,,,
11/21/21,1637452800,38779,63004,2.23,November,2021,,,,,
11/22/21,1637539200,38908,79790,2.22,November,2021,,,,,
11/23/21,1637625600,35847,79026,2.42,November,2021,,,,,
11/24/21,1637712000,39180,75757,2.21,November,2021,,,,,
11/25/21,1637798400,38191,79983,2.27,November,2021,,,,,
11/26/21,1637884800,37226,84129,2.34,November,2021,,,,,
11/27/21,1637971200,39334,66964,2.2,November,2021,,,,,
11/28/21,1638057600,38706,70235,2.24,November,2021,,,,,
11/29/21,1638144000,36152,84747,2.4,November,2021,,,,,
11/30/21,1638230400,38413,82311,2.26,November,2021,,,,,
12/1/21,1638316800,37467,71985,2.32,December,2021,,,,,
12/2/21,1638403200,38331,75206,2.26,December,2021,,,,,
12/3/21,1638489600,38133,73587,2.28,December,2021,,,,,
12/4/21,1638576000,37976,80078,2.28,December,2021,,,,,
12/5/21,1638662400,37566,61441,2.31,December,2021,,,,,
12/6/21,1638748800,37661,105903,2.31,December,2021,,,,,
12/7/21,1638835200,39257,65743,2.21,December,2021,,,,,
12/8/21,1638921600,38224,62042,2.26,December,2021,,,,,
12/9/21,1639008000,39490,68056,2.19,December,2021,,,,,
12/10/21,1639094400,39802,68871,2.18,December,2021,,,,,
12/11/21,1639180800,39165,60047,2.21,December,2021,,,,,
12/12/21,1639267200,39977,57962,2.16,December,2021,,,,,
12/13/21,1639353600,37686,80240,2.3,December,2021,,,,,
12/14/21,1639440000,38802,66012,2.23,December,2021,,,,,
12/15/21,1639526400,38965,69595,2.22,December,2021,,,,,
12/16/21,1639612800,39670,58177,2.18,December,2021,,,,,
12/17/21,1639699200,39039,57332,2.22,December,2021,,,,,
12/18/21,1639785600,38889,54937,2.22,December,2021,,,,,
12/19/21,1639872000,40123,64408,2.15,December,2021,,,,,
12/20/21,1639958400,39808,64449,2.18,December,2021,,,,,
12/21/21,1640044800,39440,58742,2.2,December,2021,,,,,
12/22/21,1640131200,39294,62849,2.21,December,2021,,,,,
12/23/21,1640217600,39126,62998,2.22,December,2021,,,,,
12/24/21,1640304000,38646,62943,2.25,December,2021,,,,,
12/25/21,1640390400,39221,52398,2.22,December,2021,,,,,
12/26/21,1640476800,39308,55300,2.21,December,2021,,,,,
12/27/21,1640563200,38960,64723,2.23,December,2021,,,,,
12/28/21,1640649600,39842,67126,2.17,December,2021,,,,,
12/29/21,1640736000,39382,66712,2.2,December,2021,,,,,
12/30/21,1640822400,39444,78157,2.21,December,2021,,,,,
12/31/21,1640908800,40138,176234,2.16,December,2021,,,,,
1/1/22,1640995200,39544,197435,2.19,January,2022,,,,,
1/2/22,1641081600,39339,127354,2.2,January,2022,,,,,
1/3/22,1641168000,38614,124032,2.25,January,2022,,,,,
1/4/22,1641254400,35319,120726,2.5,January,2022,,,,,
1/5/22,1641340800,32160,126037,2.73,January,2022,,,,,
1/6/22,1641427200,34832,117029,2.52,January,2022,,,,,
1/7/22,1641513600,37980,95541,2.28,January,2022,,,,,
1/8/22,1641600000,39317,54956,2.2,January,2022,,,,,
1/9/22,1641686400,38533,59053,2.25,January,2022,,,,,
1/10/22,1641772800,37595,70349,2.3,January,2022,,,,,
1/11/22,1641859200,37844,65596,2.29,January,2022,,,,,
1/12/22,1641945600,38540,78394,2.25,January,2022,,,,,
1/13/22,1642032000,38649,67056,2.24,January,2022,,,,,
1/14/22,1642118400,38274,67253,2.26,January,2022,,,,,
1/15/22,1642204800,38480,69210,2.25,January,2022,,,,,
1/16/22,1642291200,39691,60734,2.18,January,2022,,,,,
1/17/22,1642377600,39512,64614,2.19,January,2022,,,,,
1/18/22,1642464000,40246,52497,2.15,January,2022,,,,,
1/19/22,1642550400,39952,46814,2.16,January,2022,,,,,
1/20/22,1642636800,40346,51314,2.14,January,2022,,,,,
1/21/22,1642723200,38955,55477,2.22,January,2022,,,,,
1/22/22,1642809600,39912,54031,2.17,January,2022,,,,,
1/23/22,1642896000,39631,53468,2.18,January,2022,,,,,
1/24/22,1642982400,40347,54212,2.15,January,2022,,,,,
1/25/22,1643068800,40416,54901,2.14,January,2022,,,,,
1/26/22,1643155200,39366,59724,2.19,January,2022,,,,,
1/27/22,1643241600,40162,61827,2.15,January,2022,,,,,
1/28/22,1643328000,38839,60696,2.23,January,2022,,,,,
1/29/22,1643414400,38866,57619,2.23,January,2022,,,,,
1/30/22,1643500800,38938,56938,2.22,January,2022,,,,,
1/31/22,1643587200,39218,60657,2.2,January,2022,,,,,
2/1/22,1643673600,39495,62184,2.19,February,2022,,,,,
2/2/22,1643760000,40320,59390,2.14,February,2022,,,,,
2/3/22,1643846400,39242,68320,2.2,February,2022,,,,,
2/4/22,1643932800,39551,65359,2.18,February,2022,,,,,
2/5/22,1644019200,38097,62153,2.27,February,2022,,,,,
2/6/22,1644105600,38214,63411,2.27,February,2022,,,,,
2/7/22,1644192000,39581,67476,2.18,February,2022,,,,,
2/8/22,1644278400,39250,75542,2.2,February,2022,,,,,
2/9/22,1644364800,40313,67607,2.15,February,2022,,,,,
2/10/22,1644451200,39415,66619,2.2,February,2022,,,,,
2/11/22,1644537600,38230,69932,2.26,February,2022,,,,,
2/12/22,1644624000,39774,65356,2.17,February,2022,,,,,
2/13/22,1644710400,38638,73355,2.24,February,2022,,,,,
2/14/22,1644796800,39361,75691,2.2,February,2022,,,,,
2/15/22,1644883200,39221,66215,2.21,February,2022,,,,,
2/16/22,1644969600,38882,61846,2.22,February,2022,,,,,
2/17/22,1645056000,36819,52841,2.39,February,2022,,,,,
2/18/22,1645142400,32971,53100,2.69,February,2022,,,,,
2/19/22,1645228800,35678,54686,2.47,February,2022,,,,,
2/20/22,1645315200,39216,46594,2.22,February,2022,,,,,
2/21/22,1645401600,38285,49730,2.3,February,2022,,,,,
2/22/22,1645488000,32741,60976,2.81,February,2022,,,,,
2/23/22,1645574400,30768,55564,3.01,February,2022,,,,,
2/24/22,1645660800,31230,60769,2.92,February,2022,,,,,
2/25/22,1645747200,31643,54445,2.84,February,2022,,,,,
2/26/22,1645833600,32580,45866,2.78,February,2022,,,,,
2/27/22,1645920000,31985,59549,2.84,February,2022,,,,,
2/28/22,1646006400,36295,68992,2.4,February,2022,,,,,
3/1/22,1646092800,36765,65679,2.37,March,2022,,,,,
3/2/22,1646179200,37255,49327,2.34,March,2022,,,,,
3/3/22,1646265600,38281,44662,2.28,March,2022,,,,,
3/4/22,1646352000,38303,50924,2.27,March,2022,,,,,
3/5/22,1646438400,37653,43687,2.31,March,2022,,,,,
3/6/22,1646524800,38506,46435,2.25,March,2022,,,,,
3/7/22,1646611200,39905,47881,2.17,March,2022,,,,,
3/8/22,1646697600,39292,50402,2.2,March,2022,,,,,
3/9/22,1646784000,39052,52391,2.22,March,2022,,,,,
3/10/22,1646870400,28157,52547,2.83,March,2022,,,,,
3/11/22,1646956800,31169,57529,2.77,March,2022,,,,,
3/12/22,1647043200,35805,52505,2.42,March,2022,,,,,
3/13/22,1647129600,33562,49865,2.57,March,2022,,,,,
3/14/22,1647216000,36705,49874,2.35,March,2022,,,,,
3/15/22,1647302400,35204,52704,2.46,March,2022,,,,,
3/16/22,1647388800,35231,57844,2.45,March,2022,,,,,
3/17/22,1647475200,34963,56081,2.47,March,2022,,,,,
3/18/22,1647561600,36739,54013,2.35,March,2022,,,,,
3/19/22,1647648000,35857,55827,2.41,March,2022,,,,,
3/20/22,1647734400,39343,50048,2.2,March,2022,,,,,
3/21/22,1647820800,38785,49735,2.23,March,2022,,,,,
3/22/22,1647907200,39518,53766,2.19,March,2022,,,,,
3/23/22,1647993600,39466,52695,2.19,March,2022,,,,,
3/24/22,1648080000,39016,53637,2.21,March,2022,,,,,
3/25/22,1648166400,38309,50828,2.26,March,2022,,,,,
3/26/22,1648252800,38658,45011,2.25,March,2022,,,,,
3/27/22,1648339200,38985,46843,2.24,March,2022,,,,,
3/28/22,1648425600,39225,51498,2.21,March,2022,,,,,
3/29/22,1648512000,38783,52065,2.24,March,2022,,,,,
3/30/22,1648598400,38927,50917,2.23,March,2022,,,,,
3/31/22,1648684800,38542,53108,2.24,March,2022,,,,,
4/1/22,1648771200,39071,51630,2.22,April,2022,,,,,
4/2/22,1648857600,39618,49638,2.21,April,2022,,,,,
4/3/22,1648944000,39554,49307,2.22,April,2022,,,,,
4/4/22,1649030400,38543,54599,2.27,April,2022,,,,,
4/5/22,1649116800,39852,52197,2.18,April,2022,,,,,
4/6/22,1649203200,39503,54174,2.23,April,2022,,,,,
4/7/22,1649289600,38056,57529,2.29,April,2022,,,,,
4/8/22,1649376000,38606,55569,2.24,April,2022,,,,,
4/9/22,1649462400,39263,49246,2.2,April,2022,,,,,
4/10/22,1649548800,39339,49663,2.2,April,2022,,,,,
4/11/22,1649635200,39862,55955,2.17,April,2022,,,,,
4/12/22,1649721600,39858,57246,2.17,April,2022,,,,,
4/13/22,1649808000,39353,55179,2.2,April,2022,,,,,
4/14/22,1649894400,39708,54967,2.18,April,2022,,,,,
4/15/22,1649980800,38741,57098,2.23,April,2022,,,,,
4/16/22,1650067200,39341,54039,2.2,April,2022,,,,,
4/17/22,1650153600,39511,52565,2.19,April,2022,,,,,
4/18/22,1650240000,39557,56889,2.19,April,2022,,,,,
4/19/22,1650326400,39260,55562,2.2,April,2022,,,,,
4/20/22,1650412800,38208,57550,2.27,April,2022,,,,,
4/21/22,1650499200,40422,56246,2.14,April,2022,,,,,
4/22/22,1650585600,39848,55995,2.17,April,2022,,,,,
4/23/22,1650672000,37453,53620,2.31,April,2022,,,,,
4/24/22,1650758400,39669,53171,2.18,April,2022,,,,,
4/25/22,1650844800,38623,61559,2.24,April,2022,,,,,
4/26/22,1650931200,39423,57579,2.2,April,2022,,,,,
4/27/22,1651017600,39933,58756,2.17,April,2022,,,,,
4/28/22,1651104000,39514,76053,2.19,April,2022,,,,,
4/29/22,1651190400,39392,62562,2.2,April,2022,,,,,
4/30/22,1651276800,39164,58458,2.21,April,2022,,,,,
5/1/22,1651363200,40314,56449,2.14,May,2022,,,,,
5/2/22,1651449600,39018,57251,2.22,May,2022,,,,,
5/3/22,1651536000,39798,57376,2.17,May,2022,,,,,
5/4/22,1651622400,39109,57858,2.21,May,2022,,,,,
5/5/22,1651708800,39210,59599,2.21,May,2022,,,,,
5/6/22,1651795200,38988,62727,2.22,May,2022,,,,,
5/7/22,1651881600,40903,55834,2.12,May,2022,,,,,
5/8/22,1651968000,39516,57099,2.19,May,2022,,,,,
5/9/22,1652054400,39694,70041,2.18,May,2022,,,,,
5/10/22,1652140800,40080,62212,2.16,May,2022,,,,,
5/11/22,1652227200,37771,70076,2.29,May,2022,,,,,
5/12/22,1652313600,37950,75364,2.29,May,2022,,,,,
5/13/22,1652400000,40173,70264,2.15,May,2022,,,,,
5/14/22,1652486400,40429,61156,2.14,May,2022,,,,,
5/15/22,1652572800,40276,54476,2.15,May,2022,,,,,
5/16/22,1652659200,40743,74724,2.12,May,2022,,,,,
5/17/22,1652745600,39783,56110,2.17,May,2022,,,,,
5/18/22,1652832000,39297,55313,2.2,May,2022,,,,,
5/19/22,1652918400,40257,54937,2.15,May,2022,,,,,
5/20/22,1653004800,39723,53099,2.18,May,2022,,,,,
5/21/22,1653091200,41245,47344,2.09,May,2022,,,,,
5/22/22,1653177600,40919,46890,2.11,May,2022,,,,,
5/23/22,1653264000,41048,50385,2.1,May,2022,,,,,
5/24/22,1653350400,40920,49624,2.11,May,2022,,,,,
5/25/22,1653436800,40102,52629,2.15,May,2022,,,,,
5/26/22,1653523200,39589,54833,2.18,May,2022,,,,,
5/27/22,1653609600,40901,59860,2.11,May,2022,,,,,
5/28/22,1653696000,39323,49974,2.2,May,2022,,,,,
5/29/22,1653782400,40355,43616,2.14,May,2022,,,,,
5/30/22,1653868800,39586,50767,2.18,May,2022,,,,,
5/31/22,1653955200,40598,50336,2.13,May,2022,,,,,
6/1/22,1654041600,40447,50155,2.14,June,2022,,,,,
6/2/22,1654128000,41019,46065,2.11,June,2022,,,,,
6/3/22,1654214400,40384,47140,2.14,June,2022,,,,,
6/4/22,1654300800,40633,46692,2.13,June,2022,,,,,
6/5/22,1654387200,40943,45967,2.11,June,2022,,,,,
6/6/22,1654473600,39210,51773,2.2,June,2022,,,,,
6/7/22,1654560000,39994,52534,2.16,June,2022,,,,,
6/8/22,1654646400,40393,50346,2.14,June,2022,,,,,
6/9/22,1654732800,40013,50054,2.16,June,2022,,,,,
6/10/22,1654819200,39441,52887,2.19,June,2022,,,,,
6/11/22,1654905600,41155,51887,2.1,June,2022,,,,,
6/12/22,1654992000,40553,53411,2.13,June,2022,,,,,
6/13/22,1655078400,40063,65413,2.16,June,2022,,,,,
6/14/22,1655164800,40766,62319,2.12,June,2022,,,,,
6/15/22,1655251200,40394,64248,2.14,June,2022,,,,,
6/16/22,1655337600,38555,61459,2.24,June,2022,,,,,
6/17/22,1655424000,39096,53241,2.21,June,2022,,,,,
6/18/22,1655510400,38104,62399,2.27,June,2022,,,,,
6/19/22,1655596800,38707,56932,2.23,June,2022,,,,,
6/20/22,1655683200,36459,62186,2.37,June,2022,,,,,
6/21/22,1655769600,38934,57138,2.22,June,2022,,,,,
6/22/22,1655856000,38948,57485,2.22,June,2022,,,,,
6/23/22,1655942400,38722,60064,2.23,June,2022,,,,,
6/24/22,1656028800,37956,61493,2.28,June,2022,,,,,
6/25/22,1656115200,36487,56386,2.37,June,2022,,,,,
6/26/22,1656201600,39429,51157,2.19,June,2022,,,,,
6/27/22,1656288000,38583,57752,2.24,June,2022,,,,,
6/28/22,1656374400,39040,54963,2.21,June,2022,,,,,
6/29/22,1656460800,38664,59418,2.23,June,2022,,,,,
6/30/22,1656547200,39206,60167,2.2,June,2022,,,,,
7/1/22,1656633600,37796,55175,2.29,July,2022,,,,,
7/2/22,1656720000,37335,52774,2.31,July,2022,,,,,
7/3/22,1656806400,38671,52398,2.23,July,2022,,,,,
7/4/22,1656892800,38242,55197,2.26,July,2022,,,,,
7/5/22,1656979200,38145,57282,2.26,July,2022,,,,,
7/6/22,1657065600,38095,55481,2.27,July,2022,,,,,
7/7/22,1657152000,40046,49746,2.16,July,2022,,,,,
7/8/22,1657238400,40094,53836,2.15,July,2022,,,,,
7/9/22,1657324800,39318,44999,2.2,July,2022,,,,,
7/10/22,1657411200,40177,43255,2.15,July,2022,,,,,
7/11/22,1657497600,39454,50680,2.19,July,2022,,,,,
7/12/22,1657584000,38444,55026,2.25,July,2022,,,,,
7/13/22,1657670400,36973,58124,2.34,July,2022,,,,,
7/14/22,1657756800,35138,60884,2.46,July,2022,,,,,
7/15/22,1657843200,36854,59143,2.34,July,2022,,,,,
7/16/22,1657929600,34823,53873,2.48,July,2022,,,,,
7/17/22,1658016000,37339,54143,2.31,July,2022,,,,,
7/18/22,1658102400,37153,61927,2.33,July,2022,,,,,
7/19/22,1658188800,37574,57261,2.3,July,2022,,,,,
7/20/22,1658275200,39984,52875,2.16,July,2022,,,,,
7/21/22,1658361600,37118,58338,2.33,July,2022,,,,,
7/22/22,1658448000,36609,56421,2.36,July,2022,,,,,
7/23/22,1658534400,36785,52569,2.35,July,2022,,,,,
7/24/22,1658620800,37261,51221,2.32,July,2022,,,,,
7/25/22,1658707200,34735,61361,2.49,July,2022,,,,,
7/26/22,1658793600,37438,54835,2.31,July,2022,,,,,
7/27/22,1658880000,40413,49641,2.14,July,2022,,,,,
7/28/22,1658966400,38956,55344,2.22,July,2022,,,,,
7/29/22,1659052800,39213,54965,2.2,July,2022,,,,,
7/30/22,1659139200,38975,52196,2.22,July,2022,,,,,
7/31/22,1659225600,39142,51898,2.21,July,2022,,,,,
8/1/22,1659312000,40184,53194,2.15,August,2022,,,,,
8/2/22,1659398400,39202,46498,2.21,August,2022,,,,,
8/3/22,1659484800,38883,47976,2.22,August,2022,,,,,
8/4/22,1659571200,38040,50865,2.27,August,2022,,,,,
8/5/22,1659657600,38201,52995,2.26,August,2022,,,,,
8/6/22,1659744000,37717,48864,2.29,August,2022,,,,,
8/7/22,1659830400,34682,51847,2.49,August,2022,,,,,
8/8/22,1659916800,36998,55117,2.34,August,2022,,,,,
8/9/22,1660003200,37316,52949,2.32,August,2022,,,,,
8/10/22,1660089600,34607,58976,2.5,August,2022,,,,,
8/11/22,1660176000,38179,56012,2.26,August,2022,,,,,
8/12/22,1660262400,37091,53427,2.33,August,2022,,,,,
8/13/22,1660348800,37269,54500,2.32,August,2022,,,,,
8/14/22,1660435200,38893,47670,2.23,August,2022,,,,,
8/15/22,1660521600,37548,54909,2.3,August,2022,,,,,
8/16/22,1660608000,38434,50279,2.25,August,2022,,,,,
8/17/22,1660694400,37712,55602,2.29,August,2022,,,,,
8/18/22,1660780800,37504,50227,2.3,August,2022,,,,,
8/19/22,1660867200,39842,56028,2.18,August,2022,,,,,
8/20/22,1660953600,39699,50137,2.18,August,2022,,,,,
8/21/22,1661040000,40790,47224,2.12,August,2022,,,,,
8/22/22,1661126400,38360,52716,2.25,August,2022,,,,,
8/23/22,1661212800,38070,53411,2.27,August,2022,,,,,
8/24/22,1661299200,37696,52002,2.29,August,2022,,,,,
8/25/22,1661385600,38778,51503,2.23,August,2022,,,,,
8/26/22,1661472000,35381,58645,2.44,August,2022,,,,,
8/27/22,1661558400,35117,52480,2.46,August,2022,,,,,
8/28/22,1661644800,34982,50296,2.47,August,2022,,,,,
8/29/22,1661731200,34012,54952,2.54,August,2022,,,,,
8/30/22,1661817600,35398,64097,2.44,August,2022,,,,,
8/31/22,1661904000,35547,56070,2.43,August,2022,,,,,
9/1/22,1661990400,41043,51206,2.11,September,2022,,,,,
9/2/22,1662076800,41239,46342,2.1,September,2022,,,,,
9/3/22,1662163200,41490,40738,2.08,September,2022,,,,,
9/4/22,1662249600,41653,38077,2.07,September,2022,,,,,
9/5/22,1662336000,41559,44531,2.08,September,2022,,,,,
9/6/22,1662422400,41307,45177,2.09,September,2022,,,,,
9/7/22,1662508800,41333,47168,2.09,September,2022,,,,,
9/8/22,1662595200,41732,43861,2.07,September,2022,,,,,
9/9/22,1662681600,41334,47960,2.09,September,2022,,,,,
9/10/22,1662768000,41480,44355,2.08,September,2022,,,,,
9/11/22,1662854400,41322,42991,2.09,September,2022,,,,,
9/12/22,1662940800,41293,45937,2.1,September,2022,,,,,
9/13/22,1663027200,41657,47148,2.07,September,2022,,,,,
9/14/22,1663113600,41744,43916,2.07,September,2022,,,,,
9/15/22,1663200000,41747,48174,2.07,September,2022,,,,,
9/16/22,1663286400,40966,46760,2.11,September,2022,,,,,
9/17/22,1663372800,41512,38071,2.08,September,2022,,,,,
9/18/22,1663459200,41368,44033,2.09,September,2022,,,,,
9/19/22,1663545600,41749,44239,2.07,September,2022,,,,,
9/20/22,1663632000,40369,44943,2.14,September,2022,,,,,
9/21/22,1663718400,40624,49310,2.13,September,2022,,,,,
9/22/22,1663804800,41547,45077,2.08,September,2022,,,,,
9/23/22,1663891200,41146,46042,2.1,September,2022,,,,,
9/24/22,1663977600,41394,38932,2.09,September,2022,,,,,
9/25/22,1664064000,41424,41578,2.09,September,2022,,,,,
9/26/22,1664150400,40907,53746,2.11,September,2022,,,,,
9/27/22,1664236800,40152,54897,2.15,September,2022,,,,,
9/28/22,1664323200,41738,52651,2.07,September,2022,,,,,
9/29/22,1664409600,41316,54293,2.1,September,2022,,,,,
9/30/22,1664496000,41085,56006,2.11,September,2022,,,,,
10/1/22,1664582400,41647,48306,2.07,October,2022,,,,,
10/2/22,1664668800,41577,51256,2.08,October,2022,,,,,
10/3/22,1664755200,41349,55753,2.09,October,2022,,,,,
10/4/22,1664841600,41755,51145,2.07,October,2022,,,,,
10/5/22,1664928000,41298,44421,2.09,October,2022,,,,,