"Txhash","Blockno","UnixTimestamp","DateTime","From","To","ContractAddress","Value_IN(ETH)","Value_OUT(ETH)","CurrentValue @ $1350.39/Eth","TxnFee(ETH)","TxnFee(USD)","Historical $Price/Eth","Status","ErrCode","Method"
"0x90e41be5cd96f29d69237a563ee0e259582bfaf2b8dbf6aa7b7a9d7f5393bdb6","14108370","1643561698","2022-01-30 16:54:58","0xb5d85cbf7cb3ee0d56b3bb207d5fc4b82f43f511","0x939c8d89ebc11fa45e576215e2353673ad0ba18a","","0.2","0","270.078","0.001766895622968","2.38599818029976","2603.24","","","Transfer",""
"0x3b24e0e390ad3849ed39b51b41ca0cde76c8d548af5dcbcf80f3039291d34d5a","14108394","1643562003","2022-01-30 17:00:03","0xeb2629a2734e272bcc07bda959863f316f4bd4cf","0x939c8d89ebc11fa45e576215e2353673ad0ba18a","","2","0","2700.78","0.001779855039102","2.40349844625295","2603.24","","","Transfer",""
"0xb387cc66173783ef9faef775d4b7eaaff3fdd47e765239d5ffb7633ec0be665b","14120913","1643729432","2022-02-01 15:30:32","0x939c8d89ebc11fa45e576215e2353673ad0ba18a","","0x7f268357a8c2552623316e2562d90e642bb538e5","0","0","0","0.641730434978337712","866.586362090398","2790.15","","","0x60806040",""
"0x25f12ac1726e675647151516d0dac016c75be190b6a75f3f434c244a8019ed1b","14121427","1643736223","2022-02-01 17:23:43","0x939c8d89ebc11fa45e576215e2353673ad0ba18a","0x7f268357a8c2552623316e2562d90e642bb538e5","","0","0","0","0.006091191329332629","8.22548385921749","2790.15","","","Transfer Ownership",""
"0x5bef28ad63832e815fe022582238bd0536028d4f1a34a89eb82151d588f33a60","14141375","1644002278","2022-02-04 19:17:58","0x939c8d89ebc11fa45e576215e2353673ad0ba18a","0x17f68886d00845867c154c912b4ccc506ec92fc7","","0","0","0","0.015277586069042448","20.6306994517742","2997.18","","","Execute Proposal",""
"0x1fc4c99f329ea30723795610b71d3dd5e29732f466086a4d389943ac7ef052f3","14169765","1644381655","2022-02-09 04:40:55","0x939c8d89ebc11fa45e576215e2353673ad0ba18a","","0xf3a133ae840bb0857d4f7750e288613d772c30ee","0","0","0","0.025601066575435377","34.5714242928022","3246.72","","","0x60806040",""
"0x46712e0008c5fb369b65ae095d88b3ab54095b713bed775c8f375f09df0faa45","14172909","1644423366","2022-02-09 16:16:06","0x939c8d89ebc11fa45e576215e2353673ad0ba18a","","0xa59d3ac57ec4f7cc8fd1b5b77d097b8e48744b8a","0","0","0","0.170866843201024677","230.736876390232","3246.72","","","0x60806040",""
"0xc5acf362b47d1e6cb457efda3513675f9fda8a52fe1018805ef47207c7d24579","14172926","1644423605","2022-02-09 16:20:05","0x939c8d89ebc11fa45e576215e2353673ad0ba18a","","0x2114692a95d844ae00a31ae35c7d96716f28f34a","0","0","0","0.02412946207038395","32.5841842852258","3246.72","","","0x60806040",""
"0x7a517f4890b046e2b50dc5a7f6ce826a5a8fd557ce5cc6250e22505b44bbe237","14172942","1644423824","2022-02-09 16:23:44","0x939c8d89ebc11fa45e576215e2353673ad0ba18a","","0x6fbbda6e493b486bd9fef2b31bc0801124a62bd4","0","0","0","0.530502470516662813","716.385231160996","3246.72","","","0x60806040",""
"0x0314e3356c4c383bfd4a6fbf5142c89aa5c00fe1501c40c07eb246f5d3a02d58","14172980","1644424352","2022-02-09 16:32:32","0x939c8d89ebc11fa45e576215e2353673ad0ba18a","","0x675782725de8efe2c05c12978a4cd4035f54ea72","0","0","0","0.437960045666315252","591.416866067335","3246.72","","","0x60806040",""
"0x7803fa23e2bedb0dc43d79dbd89b66d71cc3f86310f15e359a31a90b843f6587","14173037","1644425102","2022-02-09 16:45:02","0x939c8d89ebc11fa45e576215e2353673ad0ba18a","0xa59d3ac57ec4f7cc8fd1b5b77d097b8e48744b8a","","0","0","0","0.007228458452742655","9.76123800999915","3246.72","","","Grant Initial Authentication",""
"0xa7ae9683e3113634216ceb395fb71e852076502dbd93da58d6cf9a920db70492","14173040","1644425179","2022-02-09 16:46:19","0x939c8d89ebc11fa45e576215e2353673ad0ba18a","0xa59d3ac57ec4f7cc8fd1b5b77d097b8e48744b8a","","0","0","0","0.005739083349481327","7.75000076430609","3246.72","","","Start Grant Authentication",""
"0x9947deed49198ff2d8007e00bb25cbf69278eb6a225f62c4ea23c67be7a4cac7","14173047","1644425261","2022-02-09 16:47:41","0x939c8d89ebc11fa45e576215e2353673ad0ba18a","0xa59d3ac57ec4f7cc8fd1b5b77d097b8e48744b8a","","0","0","0","0.005604952551777415","7.5688718763947","3246.72","","","End Grant Authentication",""
"0x679fd2b1463768e00493bcd0b8da1b0ae578b081ebce5a7ab63cd04013c8c663","14179561","1644513009","2022-02-10 17:10:09","0x939c8d89ebc11fa45e576215e2353673ad0ba18a","","0x7bc4d42c05a6d192f98b21a1f1485907350a9dfc","0","0","0","0.099973118072217424","135.002698913542","3074.84","","","0x60806040",""
"0x68a55ecd3bb135f4a013300ce5b3389f65b05be1d6545a08e266fe9cdbcbf8e7","14232019","1645213299","2022-02-18 19:41:39","0x939c8d89ebc11fa45e576215e2353673ad0ba18a","0x17f68886d00845867c154c912b4ccc506ec92fc7","","0","0","0","0.01970201517266005","26.6054042690084","2780.72","","","Execute Proposal",""
"0x129eee9aff5f885fc82ddc76d52935117944fd9604944ab445c05055b91271fe","14276024","1645802251","2022-02-25 15:17:31","0x939c8d89ebc11fa45e576215e2353673ad0ba18a","0x17f68886d00845867c154c912b4ccc506ec92fc7","","0","0","0","0.00708825787890048","9.57191255708842","2769.00","","","Execute Proposal",""
"0x63e1bea6c79f9840f139cdc8e165b8606cd71cdc91dc374560a49b77d58fd708","14279759","1645852531","2022-02-26 05:15:31","0x939c8d89ebc11fa45e576215e2353673ad0ba18a","0xa6b71e26c5e0845f74c812102ca7114b6a896ab2","","0","0","0","0.009166740000916674","12.3786740298379","2780.32","","","Create Proxy With Nonce",""
"0x3c449942271e2e68c75d2b81525eac302fc5ede7c14869718cda22fbf8d6789b","14283034","1645895853","2022-02-26 17:17:33","0x939c8d89ebc11fa45e576215e2353673ad0ba18a","0x90c19e1b3f8d3c53d4925e43751fbfd66028a502","","0","0.0101","13.638939","0.000832002761502429","1.12352820910527","2780.32","","","Transfer",""
"0x7afa21d0bee8a512b6d704aaa99f7237e59fb2fc0444723cccb7e23fc54e0beb","14355919","1646872562","2022-03-10 00:36:02","0x843aa5c6b456c5e5c9f13f70436d66a8c23d4a53","0x939c8d89ebc11fa45e576215e2353673ad0ba18a","","0","0","0","0.000726072954033","0.980481656396623","2608.64","","","Transfer",""
"0x3890e2b6a8b5612adaa407dac095c3ed6ca500d822863bfd289f3876e03d1654","14412036","1647627806","2022-03-18 18:23:26","0xdf9e7f58be74ff111c7c06000971cf1e10b92dd8","0x939c8d89ebc11fa45e576215e2353673ad0ba18a","","0","0","0","0.000631470000084","0.852730773413433","2941.32","","","Transfer",""
"0xde685f53785cbf811b3c4ef191c5f96a8be9fa9f0cd24b104a88ae5652bcc455","14412036","1647627806","2022-03-18 18:23:26","0xdf9e7f58be74ff111c7c06000971cf1e10b92dd8","0x939c8d89ebc11fa45e576215e2353673ad0ba18a","","0","0","0","0.000644460240085728","0.870272663609366","2941.32","","","Transfer Ownership",""
"0x94b7bb30b36e15046758cf3c8fb4e7e154d6d8f8e9bbcf8215a0e30e7b4ec8b8","14412036","1647627806","2022-03-18 18:23:26","0xdf9e7f58be74ff111c7c06000971cf1e10b92dd8","0x939c8d89ebc11fa45e576215e2353673ad0ba18a","","0","0","0","0.00072528840009648","0.979422202606286","2941.32","","","Execute Proposal",""
"0x178d39288d0cc57d62d0d18dbc19af3a5bdf0d97c355d901c0af0c7e2edd2257","14412310","1647631543","2022-03-18 19:25:43","0xdf9e7f58be74ff111c7c06000971cf1e10b92dd8","0x939c8d89ebc11fa45e576215e2353673ad0ba18a","","0","0","0","0.000745254880099136","1.00638473753707","2941.32","","","Create Proxy With Nonce",""
"0xa6ce7ddba5708439e91bcd3643927ac2e070f935b1277d8be28d4feb97407bbf","14538210","1649327536","2022-04-07 10:32:16","0xdf9e7f58be74ff111c7c06000971cf1e10b92dd8","0x939c8d89ebc11fa45e576215e2353673ad0ba18a","","0","0","0","0.001376428015202528","1.85871462744934","3229.28","","","Create Proxy With Nonce",""
"0xad89ceb0aa75a2910fc1b35fc3fee34293bbc0797e173b68e73dda2299d6dd54","14538210","1649327536","2022-04-07 10:32:16","0xdf9e7f58be74ff111c7c06000971cf1e10b92dd8","0x939c8d89ebc11fa45e576215e2353673ad0ba18a","","0","0","0","0.00144258648769044","1.94805436711229","3229.28","","","Execute Proposal",""
"0x51989c6a1916fde26ee4f61efcb73b1fe76eaaa896392fc99236c1ea4323681d","14573606","1649804274","2022-04-12 22:57:54","0x05fcb1c0c4c96ac965942cba44180e932968fdd1","0x939c8d89ebc11fa45e576215e2353673ad0ba18a","","0","0","0","0.00110942214245856","1.49815256695461","3028.77","","","Execute Proposal",""
"0xe12d967bf8ce3d141afc9bdaa56b73b2cc8f88f04d8c016a4ec5b7b72f0ff5ea","14796688","1652847416","2022-05-18 04:16:56","0x939c8d89ebc11fa45e576215e2353673ad0ba18a","","0x9cdb6dc27b533e5a3da0d3afb73263c180a0629f","0","0","0","0.063190833484484538","85.3322696291131","1911.68","","","0x60c08060",""
"0x7b63e6f8960b2b63a0d37b19ae4736685d1055454be2c8b2c0230db64250ae4b","14796720","1652847923","2022-05-18 04:25:23","0x939c8d89ebc11fa45e576215e2353673ad0ba18a","0x0000000000ffe8b47b3e2130213b802212439497","","0","0","0","0.055460083275501744","74.8927418544048","1911.68","","","Safe Create2",""
"0x10d465b9c058934c1258693276dcb318f9ae11c2a2ed782cd3ea71b0c75db361","14799570","1652887126","2022-05-18 15:18:46","0x5b3256965e7c3cf26e11fcaf296dfc8807c01073","0x939c8d89ebc11fa45e576215e2353673ad0ba18a","","2","0","2700.78","0.000772816380168","1.04360351161507","1911.68","","","Transfer",""
"0xa357f5895d9a02bc8e7aaf2b4688bc95f216979a7bca13d43a48febe5208c36b","14801551","1652914590","2022-05-18 22:56:30","0x939c8d89ebc11fa45e576215e2353673ad0ba18a","0x0000000000ffe8b47b3e2130213b802212439497","","0","0","0","0.103859532778523017","140.25087446879","1911.68","","","Safe Create2",""
"0x0887f2f7929d7fa3e416c01c5ea6ef420aaa042830655c72bded77eddce9dbcf","14801608","1652915711","2022-05-18 23:15:11","0x939c8d89ebc11fa45e576215e2353673ad0ba18a","0x00000000006cee72100d161c57ada5bb2be1ca79","","0","0","0","0.001933651092958488","2.61118309942021","1911.68","","","Increment Nonce",""
"0x793954bc76d629441e93ad19112306c1e85a441c9a2e47f68b9f25d951cd123f","14802756","1652932138","2022-05-19 03:48:58","0x939c8d89ebc11fa45e576215e2353673ad0ba18a","0x00000000006ce100a8b5ed8edf18ceef9e500697","","0","0","0","0.011202676308047196","15.1279820596239","2017.78","","","Create Conduit",""
"0x0895ca7066327a7bb62ac3f7b774a452df34a0ed336d4d90300014002987471d","14805874","1652976516","2022-05-19 16:08:36","0x939c8d89ebc11fa45e576215e2353673ad0ba18a","0x00000000006ce100a8b5ed8edf18ceef9e500697","","0","0","0","0.006490549046108072","8.76477252637388","2017.78","","","Update Channel",""
"0x106766dfc0e066d95356ca3ca7e0e448e03601f3bcc2c81bed52dcf6f060d947","14942263","1654921029","2022-06-11 04:17:09","0x939c8d89ebc11fa45e576215e2353673ad0ba18a","0x0000000000ffe8b47b3e2130213b802212439497","","0","0","0","0.0956789982871824","129.203962497028","1530.28","","","Safe Create2",""
"0xf99b53e6c927ad67d974fc182b2484cbd8843a0d9ae18165d99b20a09c1657ef","14942298","1654921446","2022-06-11 04:24:06","0x939c8d89ebc11fa45e576215e2353673ad0ba18a","0x00000000f9490004c11cef243f5400493c00ad63","","0","0","0","0.01687537149570492","22.788332914085","1530.28","","","Create Conduit",""
"0x34a28a0111a238347fe30a6c91b00437f8438357427c5e759a2f7577afe65144","14946474","1654982360","2022-06-11 21:19:20","0x939c8d89ebc11fa45e576215e2353673ad0ba18a","0x0000000000ffe8b47b3e2130213b802212439497","","0","0","0","0.163722407826333208","221.089102304602","1530.28","","","Safe Create2",""
"0x740c447eaedf2671816334fa7af91be660036644f708e9a0b0bec6a2de7e2086","14946565","1654983446","2022-06-11 21:37:26","0x939c8d89ebc11fa45e576215e2353673ad0ba18a","0x00000000006c3852cbef3e08e8df289169ede581","","0","0","0","0.001129895501075298","1.52579958569707","1530.28","","","Increment Counter",""
"0xccc0b664e4c20b3e86be13ce3b2db3dfab9e20dd6c61a09755d81da3c395eb0a","14946637","1654984627","2022-06-11 21:57:07","0x939c8d89ebc11fa45e576215e2353673ad0ba18a","0x0000000000ffe8b47b3e2130213b802212439497","","0","0","0","0.00664699274902377","8.97603253835421","1530.28","","","Safe Create2",""
"0x9eedf44f9c65ada34edf088480100cc25d3b26e6fad66ed241a7702d7fa2eabc","14946652","1654984926","2022-06-11 22:02:06","0x939c8d89ebc11fa45e576215e2353673ad0ba18a","0x0000000000ffe8b47b3e2130213b802212439497","","0","0","0","0.010314620421521664","13.9287602710186","1530.28","","","Safe Create2",""
"0x59cee19e2a0e5a8b38c8914781f99e247347fd77ed17925baa487ba000554be0","14947320","1654994918","2022-06-12 00:48:38","0x939c8d89ebc11fa45e576215e2353673ad0ba18a","0x0000007b02230091a7ed01230072f7006a004d60","","0","0","0","0.028273518902345857","38.1802771905388","1434.02","","","Create Conduit",""
"0x4ab9aa2b08015230281040c46f217174d0659f0b4ab926bd1da207547777a322","14947452","1654996966","2022-06-12 01:22:46","0x939c8d89ebc11fa45e576215e2353673ad0ba18a","0x00000000f9490004c11cef243f5400493c00ad63","","0","0","0","0.008695006717797654","11.7416501216468","1434.02","","","Update Channel",""
"0xc9060e0483cb31bd747492e6ca89d9b932a6ee441d07bc8f66340972ca628556","14948127","1655007116","2022-06-12 04:11:56","0x939c8d89ebc11fa45e576215e2353673ad0ba18a","0x00000000006ce100a8b5ed8edf18ceef9e500697","","0","0","0","0.00123456666734817","1.6671464819203","1434.02","","","Update Channel",""
"0xadc50cc60095637a4a34e13b28ece56415f73eeed24f000c07804f5f13f15c69","14959847","1655180804","2022-06-14 04:26:44","0x939c8d89ebc11fa45e576215e2353673ad0ba18a","0xa6b71e26c5e0845f74c812102ca7114b6a896ab2","","0","0","0","0.019230012917809603","25.9680171440809","1206.94","","","Create Proxy With Nonce",""
"0x04de3e833aa4d60c3c5b41056a289ec90f2473042200c81b5735b08586d92ea3","14959874","1655181212","2022-06-14 04:33:32","0x939c8d89ebc11fa45e576215e2353673ad0ba18a","0xa6b71e26c5e0845f74c812102ca7114b6a896ab2","","0","0","0","0.017657906307799163","23.8450600989889","1206.94","","","Create Proxy With Nonce",""
"0xb3c215c2d43e0c4f364e28d8d33f959d7cd10927241f88f398e52d4234016240","14959953","1655182578","2022-06-14 04:56:18","0x939c8d89ebc11fa45e576215e2353673ad0ba18a","0x00000000f9490004c11cef243f5400493c00ad63","","0","0","0","0.003261297999500125","4.40402420554497","1206.94","","","Transfer Ownership",""
"0x502d155acc526df9479c5f47b797f2f70a5863302b7fc88e0fd2a2326b3be192","15067648","1656825851","2022-07-03 05:24:11","0x05fcb1c0c4c96ac965942cba44180e932968fdd1","0x939c8d89ebc11fa45e576215e2353673ad0ba18a","","0","0","0","0.00021328302009","0.288015257499335","1072.95","","","Transfer",""
"0xd8e00a4ae395c0c4376134fe31ef7b0459e0f1c31ec8d02be6964cd441c4b06c","15135375","1657730379","2022-07-13 16:39:39","0x939c8d89ebc11fa45e576215e2353673ad0ba18a","0xa6b71e26c5e0845f74c812102ca7114b6a896ab2","","0","0","0","0.00953453364780768","12.875338892663","1114.57","","","Create Proxy With Nonce",""
"0x146825dce8cc1bd4c80281071239912edd13a3aed7e419ca85f51c5a57dc1e43","15219222","1658853567","2022-07-26 16:39:27","0x5b3256965e7c3cf26e11fcaf296dfc8807c01073","0x939c8d89ebc11fa45e576215e2353673ad0ba18a","","10","0","13503.9","0.000422095280082","0.569993245269932","1449.61","","","Transfer",""
"0xe196ae0dd14c162defc773e5fa8deb1f52b86e3c567b7d0401a7fd6c318c892b","15303819","1659991795","2022-08-08 20:49:55","0x939c8d89ebc11fa45e576215e2353673ad0ba18a","0x0000000000ffe8b47b3e2130213b802212439497","","0","0","0","0.027964559882476224","37.7630620196971","1777.99","","","Safe Create2",""
"0x22c9c72a4f4446f40cfb31bd7706a9b7dd7307b08d001cd20080435cec481dfe","15303850","1659992126","2022-08-08 20:55:26","0x939c8d89ebc11fa45e576215e2353673ad0ba18a","0x0000000000d132a69d773c838080dc4fa478388f","","0","0","0","0.000906818528426746","1.22455867260219","1777.99","","","Update Revoker",""
"0x92a0c9baa4d0012da5fb3e22f0231f8a42dc4dd02fcab6bc4bee0fa355e4de40","15303857","1659992206","2022-08-08 20:56:46","0x939c8d89ebc11fa45e576215e2353673ad0ba18a","0x0000000000d132a69d773c838080dc4fa478388f","","0","0","0","0.001289058302646495","1.7407314413108","1777.99","","","Transfer Ownership",""
"0x8570133ea76f75b84f5f4493da9ba90e8ed312f11ab03dfef8bccda87df88d59","15315831","1660154569","2022-08-10 18:02:49","0x939c8d89ebc11fa45e576215e2353673ad0ba18a","0x99c9fc46f92e8a1c0dec1b1747d010903e884be1","","0","1","1350.39","0.007910375023150383","10.682091327512","1854.05","Error(1)","execution reverted","Deposit ETH",""
"0xae93d2d9e370cbe6b8e274c4321c5ca57754559b5a33dc6d201a8573b359364d","15315850","1660154832","2022-08-10 18:07:12","0x939c8d89ebc11fa45e576215e2353673ad0ba18a","0x4dbd4fc535ac27206064b68ffcf827b0a60bab3f","","0","1","1350.39","0.005196920323087449","7.01786923509406","1854.05","","","Deposit Eth",""
"0x7a066a78756c2cc976f1952367fdd73abc2c55e98fa8f79cadf3472ca31963e3","15315897","1660155289","2022-08-10 18:14:49","0x939c8d89ebc11fa45e576215e2353673ad0ba18a","0xc02aaa39b223fe8d0a0e5c4f27ead9083c756cc2","","0","1","1350.39","0.001174134162097512","1.58553903115486","1854.05","","","Deposit",""
"0xc4ce279ec66ba184e5a1924673879f1b764446820b2777fe7eb714c5de32a318","15315908","1660155398","2022-08-10 18:16:38","0x939c8d89ebc11fa45e576215e2353673ad0ba18a","0xc02aaa39b223fe8d0a0e5c4f27ead9083c756cc2","","0","0","0","0.000827426444379864","1.11734839622612","1854.05","","","Transfer",""
"0x53e7c910e1eb0ec27c20cbd09f0c1b98d3f19ace87f32eb7538cd19de90b93d4","15322628","1660247471","2022-08-11 19:51:11","0x939c8d89ebc11fa45e576215e2353673ad0ba18a","0x0000000000ffe8b47b3e2130213b802212439497","","0","0","0","0.018647010692502","25.1807367690478","1881.06","","","Safe Create2",""
"0x7c497db68f87f49c9fdfc830a44a8b11b6fbfeb3642cdb13b607d395328ba5df","15353184","1660663992","2022-08-16 15:33:12","0x939c8d89ebc11fa45e576215e2353673ad0ba18a","0x2b384212edc04ae8bb41738d05ba20e33277bf33","","0","0.25","337.5975","0.000347777114895","0.469634738183059","1877.16","","","Transfer",""
