"Txhash","Blockno","UnixTimestamp","DateTime","From","To","ContractAddress","Value_IN(ETH)","Value_OUT(ETH)","CurrentValue @ $1350.55/Eth","TxnFee(ETH)","TxnFee(USD)","Historical $Price/Eth","Status","ErrCode","Method"
"0x1545e69641b15525f6ce2d893096364387e83ed2b307f520a8ff44c4c11c75fd","14965386","1655264009","2022-06-15 03:33:29","0x083d7668e578f3938f84d9a2b75a5292d9873ca8","0x1e0049783f008a0085193e00003d00cd54003c71","","0.01","0","13.5055","0.000863009","1.16553680495","1236.89","Error(0)","Reverted","Transfer",""
"0x9e6849d2741ebdccb3b01748e053aab8ddbd332c0191cfca7ddff377accf3374","14966326","1655278364","2022-06-15 07:32:44","0xa7efae728d2936e78bda97dc267687568dd593f3","0x1e0049783f008a0085193e00003d00cd54003c71","","0.1","0","135.055","0.001410283","1.90465770565","1236.89","Error(0)","Reverted","Transfer",""
"0xeb28b392487e46e01199a1da16e2e3927eb1d3ab5c4dbbc092320a7921e3f11a","14966803","1655285656","2022-06-15 09:34:16","0x9696f59e4d72e237be84ffd425dcad154bf96976","0x1e0049783f008a0085193e00003d00cd54003c71","","0.0082","0","11.07451","0.002590249778529049","3.49826183839241","1236.89","Error(0)","Reverted","Transfer",""
"0xeec47d36a64f7092f3af72c56138995220eb6251e78911b273439a953edaf5cf","14966827","1655286041","2022-06-15 09:40:41","0x28c6c06298d514db089934071355e5743bf21d60","0x1e0049783f008a0085193e00003d00cd54003c71","","0.0083","0","11.209565","0.001746470719065681","2.35869602963416","1236.89","Error(0)","Reverted","Transfer",""
"0x37783be72ecde1a4414ce8054ad4d1740360b65e93ffd9f1be24eadbcc6e109a","14967214","1655291941","2022-06-15 11:19:01","0x707cb964a28d785804685538c2812db8631998ae","0x1e0049783f008a0085193e00003d00cd54003c71","","0.001","0","1.35055","0.000893313933666","1.20646513311262","1236.89","Error(0)","Out of gas","Transfer",""
"0x5b973d031264dbebd55715a27d696a6b2326cbf35ceb437c4fc9bbf8f182d458","14975954","1655421495","2022-06-16 23:18:15","0x058c4b4a55e528b0b41cc4942c04a3cba046b2ed","0x1e0049783f008a0085193e00003d00cd54003c71","","0.01","0","13.5055","0.001414761892845","1.91070667438181","1067.10","Error(0)","Out of gas","Transfer",""
"0x319c3696a15c9d716525610ab47635fb2444a44b3b6ce46696f7b686a734c3f1","14975989","1655422027","2022-06-16 23:27:07","0x058c4b4a55e528b0b41cc4942c04a3cba046b2ed","0x1e0049783f008a0085193e00003d00cd54003c71","","0.01","0","13.5055","0.001180824551067","1.59476259744354","1067.10","Error(0)","Out of gas","Transfer",""
"0xb5df8a3411c14d0e04cd556f26968c1a80541d5aee2087f7d89ee56660d5bf22","14976059","1655422982","2022-06-16 23:43:02","0x058c4b4a55e528b0b41cc4942c04a3cba046b2ed","0x1e0049783f008a0085193e00003d00cd54003c71","","0.01","0","13.5055","0.000975605290842","1.31760372554666","1067.10","Error(0)","Out of gas","Transfer",""
"0x6cfde9afed14141aa6f85e25fd6c78dd45f552f4213d060ab820849ed2d48137","14980268","1655485070","2022-06-17 16:57:50","0x31d6d949aa86e78a4a411053774557ea1271c2d1","0x1e0049783f008a0085193e00003d00cd54003c71","","0.0043","0","5.807365","0.001302444717546","1.75901671328175","1085.21","Error(0)","Out of gas","Transfer",""
"0x48a64645603becbb60c02d1a3ace974756555a6938cf72ffbe07f352296c568c","14980477","1655488020","2022-06-17 17:47:00","0x31d6d949aa86e78a4a411053774557ea1271c2d1","0x1e0049783f008a0085193e00003d00cd54003c71","","0.00349","0","4.7134195","0.000868261962036","1.17263119282772","1085.21","Error(0)","Out of gas","Transfer",""
"0x0fba87b4196829b8a06e49e26ca7ee60fa1a2d016b2f6134c56232760e52fe72","14980600","1655489843","2022-06-17 18:17:23","0xdfd5293d8e347dfe59e90efd55b2956a1343963d","0x1e0049783f008a0085193e00003d00cd54003c71","","0.0082","0","11.07451","0.001163794165901836","1.57176221075872","1085.21","Error(0)","Reverted","Transfer",""
"0x47d3df915fb9c6e20e555fa73f7107c271f485ce164c21c7cc39cdbc31e44bb1","14980632","1655490266","2022-06-17 18:24:26","0xbdc112a872dcd5d32919e77db3a77f210d77531d","0x1e0049783f008a0085193e00003d00cd54003c71","","0","0","0","0.00086568","1.169144124","1085.21","Error(0)","Reverted","Set Approval For All",""
"0x9e39823bb5b6139f5a36dbb13e698db8c35f9f0f5b51c7111ef7e3197144c730","14980632","1655490266","2022-06-17 18:24:26","0x689fe18f40adb04d2c885924544285135a38e4c9","0x1e0049783f008a0085193e00003d00cd54003c71","","0","0","0","0.00086568","1.169144124","1085.21","Error(0)","Reverted","Set Approval For All",""
"0xe69431fb676a3b8fe0a643f4981af5b39b8d887fc631960e5877f85242537972","14980632","1655490266","2022-06-17 18:24:26","0x4384e585a54906a14c1bf29a487abf6efc0fe3c8","0x1e0049783f008a0085193e00003d00cd54003c71","","0","0","0","0.00086568","1.169144124","1085.21","Error(0)","Reverted","Set Approval For All",""
"0x3f09752e893a5ad12d0d2a51d5aefaa020449474dde0fd5ec7b6093a7021e2d6","14980632","1655490266","2022-06-17 18:24:26","0xa4ff730d864addeb2269b7bd83cd99dc80278203","0x1e0049783f008a0085193e00003d00cd54003c71","","0","0","0","0.00086568","1.169144124","1085.21","Error(0)","Reverted","Set Approval For All",""
"0xf1b114b656947b897ceb4a77aa02bed3f7878f92910c3cfb2e7e95ea68c433eb","14980632","1655490266","2022-06-17 18:24:26","0xc2fa177e0d6f345047ae49681f453dd6fbd831f2","0x1e0049783f008a0085193e00003d00cd54003c71","","0","0","0","0.00086568","1.169144124","1085.21","Error(0)","Reverted","Set Approval For All",""
"0xee5c8d6fdfa34fb338874c584515d4e8a315c2fb06b271ddf6e73de9dd42f722","14980999","1655495790","2022-06-17 19:56:30","0x8059f1b275f9ed00e828ca7f90c44cc42ec1ce7e","0x1e0049783f008a0085193e00003d00cd54003c71","","0.002455998766867","0","3.31694913459223","0.000500873253762","0.676454372868269","1085.21","Error(0)","Out of gas","Transfer",""
"0x26e12a795abcb135242bf746197ababb03c8d3e375ecfd01df5961f090df466f","14981004","1655495840","2022-06-17 19:57:20","0x8059f1b275f9ed00e828ca7f90c44cc42ec1ce7e","0x1e0049783f008a0085193e00003d00cd54003c71","","0","0","0","0.000471206657964","0.63638815191328","1085.21","Error(0)","Out of gas","Transfer",""
"0x0b410cc9b5c988c626efeda80d1cd696a8e197fe2ea3d983c4af17eb76a3cef9","14985506","1655562887","2022-06-18 14:34:47","0x39b18aa09227c8e3eee4eb6419ee096dd758ccac","0x1e0049783f008a0085193e00003d00cd54003c71","","4","0","5402.2","0.000875799980076","1.18281166309164","994.41","Error(0)","Out of gas","Transfer",""
"0xec32897322abb6e45507f539a1682034aa2a10072a9e4d458c846816f88f995b","14985517","1655563032","2022-06-18 14:37:12","0x39b18aa09227c8e3eee4eb6419ee096dd758ccac","0x1e0049783f008a0085193e00003d00cd54003c71","","4","0","5402.2","0.000681260202798","0.920075966888839","994.41","Error(0)","Out of gas","Transfer",""
"0x7abd0e7083588ad2c2450510c5c238050cad2fbeebecc79a71df31553bf4bcf3","14985560","1655563684","2022-06-18 14:48:04","0x39b18aa09227c8e3eee4eb6419ee096dd758ccac","0x1e0049783f008a0085193e00003d00cd54003c71","","4","0","5402.2","0.000471875803749","0.637291866753212","994.41","Error(0)","Out of gas","Transfer",""
"0x7539eaa00d7c5ce76b6f1cc43b71e89dc4255f55dc380acde91f931c2f3ce716","14986085","1655571656","2022-06-18 17:00:56","0x3cd751e6b0078be393132286c442345e5dc49699","0x1e0049783f008a0085193e00003d00cd54003c71","","0.02873932","0","38.813888626","0.000616336520638741","0.832393287948652","994.41","Error(0)","Reverted","Transfer",""
"0x0f6f88308ab18304d6aec438469a71757e41dfa7ba5251d773931f09491e2175","14986666","1655580220","2022-06-18 19:23:40","0xb500207d3563024eb4c889621d6b2d06257db5e9","0x1e0049783f008a0085193e00003d00cd54003c71","","0.03","0","40.5165","0.001554921242154","2.09999888359108","994.41","Error(0)","Out of gas","Transfer",""
"0x7a7821ff0d343b05b1b2f134137f6b76d14dc512b4ae1111c7d23fbc951ad645","14990003","1655630398","2022-06-19 09:19:58","0x3b746512b872b417f534a26df96ff7a7da036836","0x1e0049783f008a0085193e00003d00cd54003c71","","0.00033535797753667","0","0.45291771656215","0.000448667426949","0.605947793465972","1127.03","Error(0)","Out of gas","Transfer",""
"0xd8f8844dc5a5fe5183da444e9ae6de2c24e56a5510385570b2ae70a1b5a46f02","14990007","1655630453","2022-06-19 09:20:53","0x3d4a04f1ec9eeb3b5cbb2e5c9d0310167177be9e","0x1e0049783f008a0085193e00003d00cd54003c71","","0.04","0","54.022","0.000450842050134","0.608884730808474","1127.03","Error(0)","Out of gas","Transfer",""
"0x95f7ca41000d4084baaf8b9d9934fb60892565743d9f86a4c819872ad12816e7","14990015","1655630553","2022-06-19 09:22:33","0x3d4a04f1ec9eeb3b5cbb2e5c9d0310167177be9e","0x1e0049783f008a0085193e00003d00cd54003c71","","0.04","0","54.022","0.000412371983835","0.556928982768359","1127.03","Error(0)","Out of gas","Transfer",""
"0x2ffec01888cf159fbd4be816775a45e9d357ef2c5e720cb6a71bee02696465d5","14996577","1655728383","2022-06-20 12:33:03","0xcc63e4faf674577a42615ba4ab9304a48cd2559c","0x1e0049783f008a0085193e00003d00cd54003c71","","0.01","0","13.5055","0.00061872192354","0.835614893836947","1126.99","Error(0)","Out of gas","Transfer",""
"0x8d5ab0011cd6140c4e8b32ddf4d28ec85ab13c1a6ee051fcce1923f093ef31a9","14996599","1655728670","2022-06-20 12:37:50","0xcc63e4faf674577a42615ba4ab9304a48cd2559c","0x1e0049783f008a0085193e00003d00cd54003c71","","0.01","0","13.5055","0.000452989873833","0.611785474105158","1126.99","Error(0)","Out of gas","Transfer",""
"0x35fdebaf549fe71ba79750707644bc9c30b7f07dd26e9b75605098f3f35e48bf","15003342","1655831778","2022-06-21 17:16:18","0xa9ad3cea3f4a16149993da3844d5141d1fa6f3f9","0x1e0049783f008a0085193e00003d00cd54003c71","","0.00223505611246773","0","3.01855503269329","0.001964983196505","2.65380805603983","1124.71","Error(0)","Out of gas","Transfer",""
"0x5658a381020bd3aae8ecec70187adff180f5e42a257e5d62a53bcbc9a66f9bb3","15003347","1655831836","2022-06-21 17:17:16","0xa9ad3cea3f4a16149993da3844d5141d1fa6f3f9","0x1e0049783f008a0085193e00003d00cd54003c71","","0.00050396713598373","0","0.680632815502827","0.001520232567882","2.05315009455303","1124.71","Error(0)","Out of gas","Transfer",""
"0x602afd03acce76b5d7e2e8427b5a9596dfde7c2d97beda77a37673b199dd1f39","15003675","1655836997","2022-06-21 18:43:17","0x65482c5c911289e1f85d5ecf7d0de9c9fe5760f8","0x1e0049783f008a0085193e00003d00cd54003c71","","0.007","0","9.45385","0.000828730174524","1.11924153720339","1124.71","Error(0)","Out of gas","Transfer",""
"0x4bfee77e7c00668eeaba0bba5f4b75ff3bfeee478f5502a204c854d99349ac18","15008110","1655909059","2022-06-22 14:44:19","0xb8262650cc3d63602284551312f581e97ecf89e7","0x1e0049783f008a0085193e00003d00cd54003c71","","0.041358038461891264","0","55.8560988447072","0.001016225834316","1.37246380053547","1048.30","Error(0)","Out of gas","Transfer",""
"0x54dfeefec6f378604b7a0d8894d9da518eee2edfc637b4cc2790020247c1adb2","15008120","1655909172","2022-06-22 14:46:12","0xb8262650cc3d63602284551312f581e97ecf89e7","0x1e0049783f008a0085193e00003d00cd54003c71","","0.040394862938854264","0","54.5552821420696","0.000882484675548","1.19183967856135","1048.30","Error(0)","Out of gas","Transfer",""
"0xc2962170435135b6e41b1ba4ef27a7655b2ff414d7f7081e65bb70df1101a049","15008473","1655914692","2022-06-22 16:18:12","0x1a4357be6b81d7b7be158e04444f7a2fd749886a","0x1e0049783f008a0085193e00003d00cd54003c71","","0.02","0","27.011","0.001295950067644064","1.75024536385669","1048.30","Error(0)","execution reverted","Transfer",""
"0x0e34e189bb326751bc856d4fd121d01a00780076a4221bab40ad01dce8a452ea","15008478","1655914757","2022-06-22 16:19:17","0x1a4357be6b81d7b7be158e04444f7a2fd749886a","0x1e0049783f008a0085193e00003d00cd54003c71","","0.02","0","27.011","0.001193829400119517","1.61232629633141","1048.30","Error(0)","execution reverted","Transfer",""
"0x13b76507221e6c3bcfdf4c599ac8d5e3f28c1b40210265acc94f54776084a665","15008483","1655914859","2022-06-22 16:20:59","0xcde95507ea6929021bd3eab1881a627b2e870631","0x1e0049783f008a0085193e00003d00cd54003c71","","0.01","0","13.5055","0.001306755286937947","1.76483835277404","1048.30","Error(0)","execution reverted","Transfer",""
"0x7cf488e4146a89defcdacf9a5f094f9fbf397980318b456671cc8d588b3cc034","15014028","1656004872","2022-06-23 17:21:12","0xeb2629a2734e272bcc07bda959863f316f4bd4cf","0x1e0049783f008a0085193e00003d00cd54003c71","","0.0056","0","7.56308","0.001863931105295378","2.51733215425667","1143.46","Error(0)","execution reverted","Transfer",""
"0xe3e349e537790bbc6913ac4af2c64fcb4bc294c0ecc5622d2dd15b6920ad0d30","15014398","1656010894","2022-06-23 19:01:34","0x818b5362e43b1d3d8ce0b7d49456d6adca8cf73b","0x1e0049783f008a0085193e00003d00cd54003c71","","0.002191061445194415","0","2.95913803480732","0.00101550494136","1.37149019855375","1143.46","Error(0)","out of gas","Transfer",""
"0xaaf368147627288661c07cd80ee9f1b2ba93f73e0b90a8858c83f4f6f7f9a3c4","15014997","1656020691","2022-06-23 21:44:51","0x726b7d1e563eef3784fefa3b3f740a56ac4a3565","0x1e0049783f008a0085193e00003d00cd54003c71","","0.1","0","135.055","0.001168855769739","1.57859815982101","1143.46","Error(0)","out of gas","Transfer",""
"0xc2b41e9d710d1797f2ee5a2e2b9463672423c95c4d938560541a3921033434ce","15016019","1656036976","2022-06-24 02:16:16","0xb5d85cbf7cb3ee0d56b3bb207d5fc4b82f43f511","0x1e0049783f008a0085193e00003d00cd54003c71","","0.009","0","12.15495","0.000614259048811828","0.829587558372814","1224.12","Error(0)","execution reverted","Transfer",""
"0x4f466d9e81370d300bf8b56622cbc95b8860ca750c86249a251de2da5a005435","15016985","1656052770","2022-06-24 06:39:30","0x9dc3ca46853a25ef67f8d69c4bb5680e93cd5808","0x1e0049783f008a0085193e00003d00cd54003c71","","0.050841354010050675","0","68.6637906582739","0.000444996074271","0.600989448106699","1224.12","Error(0)","out of gas","Transfer",""
"0xc5a44b0713046ab129adfc0cc4727fd66c99757562f6a1ca4a142ed74d585515","15019458","1656092234","2022-06-24 17:37:14","0x3cd751e6b0078be393132286c442345e5dc49699","0x1e0049783f008a0085193e00003d00cd54003c71","","0.00417324","0","5.636169282","0.000912587185592733","1.23249462350227","1224.12","Error(0)","execution reverted","Transfer",""
"0x8d553fb5377cd24d9432396fa7a19d76c85b1b305a0917276cce7a5872ebc0b1","15025176","1656184896","2022-06-25 19:21:36","0xd80823678a50387e11b1ea3ea843812930eb8f81","0x1e0049783f008a0085193e00003d00cd54003c71","","0.00829","0","11.1960595","0.000845987893947","1.14254895017012","1241.00","Error(0)","out of gas","Transfer",""
"0x2d8e8071a386842914b9e1e3428bf9e7d3f68dc8b537c830b720308d8478c324","15028627","1656240619","2022-06-26 10:50:19","0xf9e8d692f5cad0601438d4700becb38127f21056","0x1e0049783f008a0085193e00003d00cd54003c71","","0.03","0","40.5165","0.000393027204066","0.530802890451336","1198.25","Error(0)","out of gas","Transfer",""
"0x2984dc3950e46159a5105e1cb59cac69eb89be2972987b2f9827608d425cacf6","15029241","1656250800","2022-06-26 13:40:00","0x9696f59e4d72e237be84ffd425dcad154bf96976","0x1e0049783f008a0085193e00003d00cd54003c71","","0.01806372","0","24.395957046","0.000829434159585521","1.12019230422823","1198.25","Error(0)","execution reverted","Transfer",""
"0x5563298b6c3df88f26fe6dad3a56eae929ecdc89b09bbfcd08c9a1a389a0de01","15029241","1656250800","2022-06-26 13:40:00","0x9dc3ca46853a25ef67f8d69c4bb5680e93cd5808","0x1e0049783f008a0085193e00003d00cd54003c71","","0.085","0","114.79675","0.000817003318509","1.10340383181233","1198.25","Error(0)","out of gas","Transfer",""
"0x10adc1e80bcce7b581741ed79b416fe2e022680381c014dbd0cf6a8db6b6414a","15036202","1656362659","2022-06-27 20:44:19","0x376013743994d3c2e945a398712914b545749f82","0x1e0049783f008a0085193e00003d00cd54003c71","","0.0037418826880682","0","5.05359966437051","0.001567262270511","2.11666605943863","1190.73","Error(0)","out of gas","Transfer",""
"0x89bf90bf4fd0a61ced0584366de18a12f3e31d5e42d2c79a70bbb4fa07b2f62e","15036275","1656363641","2022-06-27 21:00:41","0x376013743994d3c2e945a398712914b545749f82","0x1e0049783f008a0085193e00003d00cd54003c71","","0.0015330729738872","0","2.07049170488336","0.000971931067296","1.31264150293661","1190.73","Error(0)","out of gas","Transfer",""
"0x162201e68366eda75c85ca367039ac62604ef7e3619e3dd81992b3d5afa4bdfa","15038252","1656396099","2022-06-28 06:01:39","0x536eb1c6cbc71273ecf3754ec1c6f6f0bfe498fe","0x1e0049783f008a0085193e00003d00cd54003c71","","0.002","0","2.7011","0.000470742379926","0.635761121209059","1142.41","Error(0)","out of gas","Transfer",""
"0x3a59219ab346395d8226b6e78fd2cad52a0fd7da8d339c3a34afb03e4dffd69b","15043013","1656473382","2022-06-29 03:29:42","0xde49a24c7bb59cab429314365af21e7afef1862f","0x1e0049783f008a0085193e00003d00cd54003c71","","0.02","0","27.011","0.000572305540821","0.772927248155802","1098.71","Error(0)","out of gas","Transfer",""
"0x8a69f27f7ca00399aec41d987d28834d2660186aef901cdf771efed5d19ebcaa","15051266","1656605816","2022-06-30 16:16:56","0x8ca054b301b42d8a3fc54a0437ddc2b7330536a2","0x1e0049783f008a0085193e00003d00cd54003c71","","0.001973683756079","0","2.66555859677249","0.001072101248988","1.44792634182074","1069.53","Error(0)","out of gas","Transfer",""
"0x0661d1e8659e37f746d3d1c9959eca6e73457fe039dee5cee05251f7fb00c0d0","15051916","1656615162","2022-06-30 18:52:42","0x9dc3ca46853a25ef67f8d69c4bb5680e93cd5808","0x1e0049783f008a0085193e00003d00cd54003c71","","0.4","0","540.22","0.000771513183798","1.04196713037839","1069.53","Error(0)","out of gas","Transfer",""
"0xfbb131f6b5afa1ba601e5851c98a555d67daa6694fdd2064b6f5192a9557222f","15052273","1656620043","2022-06-30 20:14:03","0xb5d85cbf7cb3ee0d56b3bb207d5fc4b82f43f511","0x1e0049783f008a0085193e00003d00cd54003c71","","0.00545109","0","7.3619695995","0.000836000366024754","1.12906029433473","1069.53","Error(0)","execution reverted","Transfer",""
"0xab37f4c80bb584ac2d3f45152662f9000e38953caf314b33ab8a1d2e1cc3391f","15057286","1656687764","2022-07-01 15:02:44","0x4d7f1790644af787933c9ff0e2cff9a9b4299abb","0x1e0049783f008a0085193e00003d00cd54003c71","","0.02308433","0","31.1765418815","0.000916061691069","1.23718711687324","1058.01","Error(0)","out of gas","Transfer",""
"0x5b68a25f9823130c6ac7dfa36fe9bdf68d3eee82b25f9f4cc101cfac47e11c59","15061175","1656739685","2022-07-02 05:28:05","0x39b18aa09227c8e3eee4eb6419ee096dd758ccac","0x1e0049783f008a0085193e00003d00cd54003c71","","0.12","0","162.066","0.000325294435032","0.439326399232468","1065.69","Error(0)","out of gas","Transfer",""
"0x22f398d4cb5ff95fc6a5d152b5619247617931969a9d0ea9dc5b0b62699a03dc","15061200","1656739952","2022-07-02 05:32:32","0x39b18aa09227c8e3eee4eb6419ee096dd758ccac","0x1e0049783f008a0085193e00003d00cd54003c71","","0.12","0","162.066","0.000225374884875","0.304380050767931","1065.69","Error(0)","out of gas","Transfer",""
"0xb85c4eb809aa129cc1d1f0b16606c265d8157bb888a508757d59a38459326242","15062587","1656757967","2022-07-02 10:32:47","0xa5490a3e2503833765abacea2170adc4b1e20d16","0x1e0049783f008a0085193e00003d00cd54003c71","","0.01","0","13.5055","0.000278923046388","0.376699520299313","1065.69","Error(0)","out of gas","Transfer",""
"0xe3e0ff56dbb1524ad844c4763f3746a953acb23696b755a71ef42145bbef3407","15062642","1656758780","2022-07-02 10:46:20","0xa5490a3e2503833765abacea2170adc4b1e20d16","0x1e0049783f008a0085193e00003d00cd54003c71","","0.01","0","13.5055","0.000266287024227","0.359633940569775","1065.69","Error(0)","out of gas","Transfer",""
"0x204d57dce594ec1e737a22c738f923cd96e7700a4f938563274a4066e7744351","15062683","1656759196","2022-07-02 10:53:16","0xa5490a3e2503833765abacea2170adc4b1e20d16","0x1e0049783f008a0085193e00003d00cd54003c71","","0.011","0","14.85605","0.000156758320229679","0.211709949386193","1065.69","Error(0)","execution reverted","Transfer",""
"0x2401f45c4576e1f3e314f61588e2f7ca5aa7655aab356ec7978a7e7841e6c6d3","15071476","1656876654","2022-07-03 19:30:54","0xb924210d6d80dfd3aa0a66d1589c6bb09bd16461","0x1e0049783f008a0085193e00003d00cd54003c71","","0.00754","0","10.183147","0.000406775590389","0.549370773599864","1072.95","Error(0)","out of gas","Transfer",""
"0xa07b17e356bb6245c93a4361820ee88777c919b38bad7ef08bd155c10914c23c","15071546","1656877486","2022-07-03 19:44:46","0xb924210d6d80dfd3aa0a66d1589c6bb09bd16461","0x1e0049783f008a0085193e00003d00cd54003c71","","0.00656","0","8.859608","0.000541123588656","0.730814462659361","1072.95","Error(0)","out of gas","Transfer",""
"0x8e399f752ce72a10d7f8d94be086764f56b9ae9285e5169f072ec09a83e01fae","15071569","1656877771","2022-07-03 19:49:31","0xb924210d6d80dfd3aa0a66d1589c6bb09bd16461","0x1e0049783f008a0085193e00003d00cd54003c71","","0.00065","0","0.8778575","0.000668933237259","0.903427783580142","1072.95","Error(0)","out of gas","Transfer",""
"0xd7cb8aa6b315a3be607565b773dcf27eda1ea88cb492351689dc6f9098bde033","15083260","1657033819","2022-07-05 15:10:19","0x4001e9f6f1fb41f98bfee25320db7f220a8c7035","0x1e0049783f008a0085193e00003d00cd54003c71","","0.003343287989375914","0","4.51527759405164","0.001459965471216","1.97175636715077","1131.96","Error(0)","out of gas","Transfer",""
"0xe8f86fb20eeb3cd69bb72214b923c91ea2b4a13b72aa0fb859ad55b3414f1736","15083276","1657034053","2022-07-05 15:14:13","0x4001e9f6f1fb41f98bfee25320db7f220a8c7035","0x1e0049783f008a0085193e00003d00cd54003c71","","0.002235642263405914","0","3.01934665884286","0.001370658677535","1.85114307694489","1131.96","Error(0)","out of gas","Transfer",""
"0x1ff7866fd0288f42794e51ef56767e3f713d7ea0c094aa819274cfacf292e254","15083280","1657034118","2022-07-05 15:15:18","0x4001e9f6f1fb41f98bfee25320db7f220a8c7035","0x1e0049783f008a0085193e00003d00cd54003c71","","0.001082369078705914","0","1.46179355924627","0.001280468727321","1.72933703968338","1131.96","Error(0)","out of gas","Transfer",""
"0x2e76e1b23a958bc3a43a9d160a71d8fe67cc53ff25f9b7674862505d6f396a8b","15083643","1657039211","2022-07-05 16:40:11","0xf7d53e0d4f15af2bdecb8200941739b583c1712e","0x1e0049783f008a0085193e00003d00cd54003c71","","0.005","0","6.75275","0.000517318190004","0.698664081509902","1131.96","Error(0)","out of gas","Transfer",""
"0x84c8a20294952dabb714257d062eaa198b2bfc440be4590c99fa51fc05cfaa99","15083654","1657039329","2022-07-05 16:42:09","0xf7d53e0d4f15af2bdecb8200941739b583c1712e","0x1e0049783f008a0085193e00003d00cd54003c71","","0.005","0","6.75275","0.00048135593037","0.650095251761203","1131.96","Error(0)","out of gas","Transfer",""
"0xc24e681ba944a78deef84c2f03aac36e785186ea373143a21b059f1ec08901c5","15084412","1657048883","2022-07-05 19:21:23","0x46cb3d849334093601949dd93aaa6fb9b7619415","0x1e0049783f008a0085193e00003d00cd54003c71","","0","0","0","0.000712504020421548","0.962272304780322","1131.96","Error(0)","execution reverted","Set Approval For All",""
"0x64214128c3717e888958d00bacf70b00d1e17d5441657f528840d88fadfdf424","15084412","1657048883","2022-07-05 19:21:23","0x8464dd2912cac34ca9872a659365990772f6ed99","0x1e0049783f008a0085193e00003d00cd54003c71","","0","0","0","0.000712504020421548","0.962272304780322","1131.96","Error(0)","execution reverted","Set Approval For All",""
"0xb9b731f613139ffe59203586c7611dca42b1c7805db4c2963f00b93dbbec1e2f","15084412","1657048883","2022-07-05 19:21:23","0x33ef5bdfd0a1079c8a6649b508112489545649ee","0x1e0049783f008a0085193e00003d00cd54003c71","","0","0","0","0.000712504020421548","0.962272304780322","1131.96","Error(0)","execution reverted","Set Approval For All",""
"0x356eab36b8fced7ebf48c5af30075eb343e7609f14159fd7f8f430df6e09b8cf","15084412","1657048883","2022-07-05 19:21:23","0x5f217bb9932eea291c39486d1f7e5aece9320ed1","0x1e0049783f008a0085193e00003d00cd54003c71","","0","0","0","0.000712504020421548","0.962272304780322","1131.96","Error(0)","execution reverted","Set Approval For All",""
"0x96cf770630749721e91d723dc2bf1920b0affc42bfe92e5f9819ea70773225da","15084412","1657048883","2022-07-05 19:21:23","0xde117719386616d765f05bd7afb586e5a1050701","0x1e0049783f008a0085193e00003d00cd54003c71","","0","0","0","0.000712504020421548","0.962272304780322","1131.96","Error(0)","execution reverted","Set Approval For All",""
"0x5a5aeb58238cf0878840c9236c80dbeaa9fdad509f283491b80d2c68ebd2ca8c","15084412","1657048883","2022-07-05 19:21:23","0xeb9bd485ff5ffe495f146bbfdc41f0540ed973bc","0x1e0049783f008a0085193e00003d00cd54003c71","","0","0","0","0.000712504020421548","0.962272304780322","1131.96","Error(0)","execution reverted","Set Approval For All",""
"0x5b55c40f1a25610a9dc5fc0eeef616168aa0fbca366d943cab6d17e3696e59d0","15084412","1657048883","2022-07-05 19:21:23","0xcb91bb784e3bff0e4f12406dfacdb1a7acc39657","0x1e0049783f008a0085193e00003d00cd54003c71","","0","0","0","0.000712504020421548","0.962272304780322","1131.96","Error(0)","execution reverted","Set Approval For All",""
"0xfbf95ca466e3e0c7efe836794a7f576eb9cf2cd6fbe4a4c9638a2b4bd6d5b647","15084412","1657048883","2022-07-05 19:21:23","0xf07430ced3c50722e70ce2a85126acbe6be8c3fd","0x1e0049783f008a0085193e00003d00cd54003c71","","0","0","0","0.000712504020421548","0.962272304780322","1131.96","Error(0)","execution reverted","Set Approval For All",""
"0xcf87acf74f0fb7c3eae9de78e8d330d28cb75a20255789d98fde0091e7a35f88","15084412","1657048883","2022-07-05 19:21:23","0xad9a35d9b4c256ee79bdd022189d18c4426d3d53","0x1e0049783f008a0085193e00003d00cd54003c71","","0","0","0","0.000712504020421548","0.962272304780322","1131.96","Error(0)","execution reverted","Set Approval For All",""
"0x86662dedc0617a544e18e20eeda0f73739098084911a6d23f8e307a1250ae351","15084412","1657048883","2022-07-05 19:21:23","0xe208a3b3275d310d1408f4d1514afc38bc7efae4","0x1e0049783f008a0085193e00003d00cd54003c71","","0","0","0","0.000712504020421548","0.962272304780322","1131.96","Error(0)","execution reverted","Set Approval For All",""
"0x0b2ce968a14862c4b6780e260e464cbc6f2b3af2a00e78fbff796244089c1acf","15084412","1657048883","2022-07-05 19:21:23","0xa826472893a9e5c5b350318a5bd0ca4cf386b6e2","0x1e0049783f008a0085193e00003d00cd54003c71","","0","0","0","0.000712504020421548","0.962272304780322","1131.96","Error(0)","execution reverted","Set Approval For All",""
"0xdffdafe79a99f5886aa2cf1c0c0ea18d47cb3215e9e21b85ee47df92f1a10542","15084412","1657048883","2022-07-05 19:21:23","0x5700da44d59b5d8a84d0ea8189be5b090a0f999c","0x1e0049783f008a0085193e00003d00cd54003c71","","0","0","0","0.000712504020421548","0.962272304780322","1131.96","Error(0)","execution reverted","Set Approval For All",""
"0x019cea43d6531972996138bf59bd4f533ffcbb9b97f13280d57f12824047f30e","15084412","1657048883","2022-07-05 19:21:23","0x9ba81eba4e9b2cc4514c501cf0addbf03aff5a2a","0x1e0049783f008a0085193e00003d00cd54003c71","","0","0","0","0.000712504020421548","0.962272304780322","1131.96","Error(0)","execution reverted","Set Approval For All",""
"0x6651a433be94947cbdfbdafbc72103ecdd29139a17bd392f99b748a71ea247f1","15084412","1657048883","2022-07-05 19:21:23","0xf887f4b3893e8fa3738b77eea820396c3a35c4c3","0x1e0049783f008a0085193e00003d00cd54003c71","","0","0","0","0.000712504020421548","0.962272304780322","1131.96","Error(0)","execution reverted","Set Approval For All",""
"0x2ed2d97a1fa2f356703387f7053d9f0d1700bacddab306deaed9dbe2bf3bc064","15084412","1657048883","2022-07-05 19:21:23","0xc6ba1f80a2df0e89ae9bcfe0ba539bdad60e7f5f","0x1e0049783f008a0085193e00003d00cd54003c71","","0","0","0","0.000712504020421548","0.962272304780322","1131.96","Error(0)","execution reverted","Set Approval For All",""
"0x2079e04e598522ea3db023840535abaf53217de067bddc4599eb8c82eaa3297e","15084412","1657048883","2022-07-05 19:21:23","0x4db9ef1daf5cb18eb778c134d69b1e67000fb8d2","0x1e0049783f008a0085193e00003d00cd54003c71","","0","0","0","0.000712504020421548","0.962272304780322","1131.96","Error(0)","execution reverted","Set Approval For All",""
"0xcdb53187ea46a8a3cae45457c15a264fa26440e083aef80de908014fa820cde5","15084412","1657048883","2022-07-05 19:21:23","0x468e6e56b1a24677b37c505ec10e42b274e64e96","0x1e0049783f008a0085193e00003d00cd54003c71","","0","0","0","0.000712504020421548","0.962272304780322","1131.96","Error(0)","execution reverted","Set Approval For All",""
"0x4326b8a2901c56aec7d04d089f3155d30668d3db4bf362698cb0e950d169d7c0","15084412","1657048883","2022-07-05 19:21:23","0xd2389dfb492183c67d7a73fb250b5af86d2a9772","0x1e0049783f008a0085193e00003d00cd54003c71","","0","0","0","0.000712504020421548","0.962272304780322","1131.96","Error(0)","execution reverted","Set Approval For All",""
"0x490184e909759ee80d59cef0c6aa68cc27afb0ad9a21dcc4e314cbfbcfca9551","15084412","1657048883","2022-07-05 19:21:23","0x8d366a331d54546979ba36142a1992654324dfa5","0x1e0049783f008a0085193e00003d00cd54003c71","","0","0","0","0.000712504020421548","0.962272304780322","1131.96","Error(0)","execution reverted","Set Approval For All",""
"0xc7ce1a0c9566813154ae3eccb2984d74862433becd063f07b5d7927a0eab3793","15084412","1657048883","2022-07-05 19:21:23","0xa928941a3275710736a28f7e433b8d9c5963edfd","0x1e0049783f008a0085193e00003d00cd54003c71","","0","0","0","0.000712504020421548","0.962272304780322","1131.96","Error(0)","execution reverted","Set Approval For All",""
"0x2eaccb5faed6b8cbbf7d161f6e56aa9f71e87b160ef32712e554e6235d7b7a41","15089035","1657111957","2022-07-06 12:52:37","0xb5d85cbf7cb3ee0d56b3bb207d5fc4b82f43f511","0x1e0049783f008a0085193e00003d00cd54003c71","","0.00101271","0","1.3677154905","0.000617582356073998","0.834075850995738","1185.41","Error(0)","execution reverted","Transfer",""
"0x77401d2adccc1eb56796498b4659fd440d86c461d7cefc77bb098f6eebef3a0e","15096573","1657212324","2022-07-07 16:45:24","0x310e2391bc0d7205590923e0f2fcc48f20501637","0x1e0049783f008a0085193e00003d00cd54003c71","","0.02","0","27.011","0.001316564536581","1.77808623487947","1236.64","Error(0)","out of gas","Transfer",""
"0xe52952225b665219c6a67ff61aadb3d98bd54121c32a09fd305202702f007145","15099083","1657245277","2022-07-08 01:54:37","0x51586b8e35ebf7b8880c2bc434837066037d16f8","0x1e0049783f008a0085193e00003d00cd54003c71","","0.001847379338871","0","2.49497816611223","0.00071165199399","0.961121600483195","1214.00","Error(0)","out of gas","Transfer",""
"0x93bfedb8852d4f5215c20eb2e89019ec897cdabea70773162f92689f01e7511f","15099095","1657245390","2022-07-08 01:56:30","0x51586b8e35ebf7b8880c2bc434837066037d16f8","0x1e0049783f008a0085193e00003d00cd54003c71","","0.001511521291038","0","2.04138507961137","0.000549509127216","0.742139551761569","1214.00","Error(0)","out of gas","Transfer",""
"0xb994903e7624ee541ebcdf68951dd52389bfb090d1ab527c07d8a21bdccfd4d7","15099099","1657245445","2022-07-08 01:57:25","0x51586b8e35ebf7b8880c2bc434837066037d16f8","0x1e0049783f008a0085193e00003d00cd54003c71","","0.000990665541876","0","1.33794334758063","0.000565877999694","0.764246532486732","1214.00","Error(0)","out of gas","Transfer",""
"0x6d2b963d8a3fb2e4c133ebff42b0e271b38b65d911ec3c62cd0ef24f3ffd32d5","15099135","1657245855","2022-07-08 02:04:15","0x51586b8e35ebf7b8880c2bc434837066037d16f8","0x1e0049783f008a0085193e00003d00cd54003c71","","0.000269703983055","0","0.36424871431493","0.000761193940584","1.02803047645572","1214.00","Error(0)","out of gas","Transfer",""
"0x4a580faf1bbab146274da8c72f29bbc4fcdabc1fc4c1890de6c5a4088da55805","15103886","1657309125","2022-07-08 19:38:45","0x2dcb755db2202d2fb0465599238a49e6e9cdc47c","0x1e0049783f008a0085193e00003d00cd54003c71","","0.00081","0","1.0939455","0.000564896501253","0.762920969767239","1214.00","Error(0)","out of gas","Transfer",""
"0xb38249cca9df26133844abb4101e4bb81d8a3be20c203e4b9f11a39572ab1e95","15105506","1657330546","2022-07-09 01:35:46","0x98ec843e583e88c62c5ef6000a7900a1ab5adf34","0x1e0049783f008a0085193e00003d00cd54003c71","","0.005","0","6.75275","0.000336465933699","0.454414066757184","1216.53","Error(0)","out of gas","Transfer",""
"0x2629e59c21eeca86ab5ba08b942db0074bc360b5d9eaa6d180479f94c04c11b1","15110206","1657393890","2022-07-09 19:11:30","0xa309a5bd3602880792bb7a3e64ffb7b744cbaafc","0x1e0049783f008a0085193e00003d00cd54003c71","","0.00082","0","1.107451","0.000288045881844","0.389020365724414","1216.53","Error(0)","out of gas","Transfer",""
"0x40167a02317a74ece768d4c1b741f3f65897b45965920b7b235656460bad27e8","15111145","1657406567","2022-07-09 22:42:47","0xc01125d6fcc9dce1cc0859235358806c8b9fab30","0x1e0049783f008a0085193e00003d00cd54003c71","","0.04","0","54.022","0.001575","2.12711625","1216.53","Error(0)","out of gas","Transfer",""
"0xe690bda937f3ebe506ca300c4c1fbf579d42c848b97af20a26a7491eb678f8b6","15112769","1657427792","2022-07-10 04:36:32","0xeb2629a2734e272bcc07bda959863f316f4bd4cf","0x1e0049783f008a0085193e00003d00cd54003c71","","0.0025279","0","3.414055345","0.000208947691020516","0.282194304107758","1167.31","Error(0)","execution reverted","Transfer",""
"0x310fb681c5775cea5dc4693a6c38f7488d4899113b1c5856f653a9fa8117c5e1","15125180","1657593091","2022-07-12 02:31:31","0xc348bbd9c6deb0569439007d0f7eb9b14f1a3f59","0x1e0049783f008a0085193e00003d00cd54003c71","","0.075","0","101.29125","0.000257877559842","0.348276538444613","1037.37","Error(0)","out of gas","Transfer",""
"0x82c003fd5c8fb8c261a6efdaa12ac7e4a5c266aa4699a8ba5913ae25482e46fa","15134797","1657722454","2022-07-13 14:27:34","0x007a05122899a536cfe035337fdc1b8559d2c75a","0x1e0049783f008a0085193e00003d00cd54003c71","","0.001926596666987766","0","2.60196512860033","0.000517326960591","0.698675926626175","1114.57","Error(0)","out of gas","Transfer",""
"0x510e9f6e2e3144b633e58f415071d8502bd8f203604b5ed030ec6ef86bcd1a07","15134919","1657724169","2022-07-13 14:56:09","0x00e0d4de92067f7e66d5be0fd712c800d3630bd9","0x1e0049783f008a0085193e00003d00cd54003c71","","0.03","0","40.5165","0.000942972684864","1.27353175954308","1114.57","Error(0)","out of gas","Transfer",""
"0x8c921423ac1de5b317244e382af02094dbb19940025cd6bbd93061a461b37eb3","15134994","1657725339","2022-07-13 15:15:39","0x8fb9c6e39c46df217112e33572cae29360771d81","0x1e0049783f008a0085193e00003d00cd54003c71","","0","0","0","0.00129852","1.753716186","1114.57","Error(0)","execution reverted","Set Approval For All",""
"0xaee232fe5a4670ad57e4ddf03056792ac6fc8d187fd2b4fca0395946741b400b","15134994","1657725339","2022-07-13 15:15:39","0xf2b8aa0d3198a376f2cfd3d892501965d4120237","0x1e0049783f008a0085193e00003d00cd54003c71","","0","0","0","0.00129852","1.753716186","1114.57","Error(0)","execution reverted","Set Approval For All",""
"0x63862794087ab9b9efbcbac730fc3571bb5c960ccd67b01586514203569c9e36","15134994","1657725339","2022-07-13 15:15:39","0x1f60795dfeeb0b2d9e2258785e5eb976d68b45f1","0x1e0049783f008a0085193e00003d00cd54003c71","","0","0","0","0.00129852","1.753716186","1114.57","Error(0)","execution reverted","Set Approval For All",""
"0x3fe602eef46b4ae6d45791540cced772e6b6c73ffdcb71a233387c8090323e89","15134994","1657725339","2022-07-13 15:15:39","0x10578469ca65ff8c29c3ace0b7ee851d92734bbd","0x1e0049783f008a0085193e00003d00cd54003c71","","0","0","0","0.00129852","1.753716186","1114.57","Error(0)","execution reverted","Set Approval For All",""
"0xfaa1f8d79752e598b8d43e198cbc82ce94862dbd808351b13212ddb4789d40c4","15134994","1657725339","2022-07-13 15:15:39","0x5ee94e1e45f8781eb53105cabd338a31ef71367a","0x1e0049783f008a0085193e00003d00cd54003c71","","0","0","0","0.00129852","1.753716186","1114.57","Error(0)","execution reverted","Set Approval For All",""
"0xd46c009244b7c0297ddc607742c459cdfce79ab8aeed569cb01a1c85d6debfd8","15134994","1657725339","2022-07-13 15:15:39","0x4a165e2462e90cc13b76d91d165a3b8001687db3","0x1e0049783f008a0085193e00003d00cd54003c71","","0","0","0","0.00129852","1.753716186","1114.57","Error(0)","execution reverted","Set Approval For All",""
"0x4b0bbb87b1077e4811c6072795d1e1c08f5ac6ed44d8920f22ccb3c4a62b4fc4","15134994","1657725339","2022-07-13 15:15:39","0xeaf121020a705388f9254e0d420cc3158d46a7dd","0x1e0049783f008a0085193e00003d00cd54003c71","","0","0","0","0.00129852","1.753716186","1114.57","Error(0)","execution reverted","Set Approval For All",""
"0x91dbefb946215d5afffc1657ce68b07255e13d6e12bca87d08724ee6be30895a","15134994","1657725339","2022-07-13 15:15:39","0xa7ea4dca9755c81574e0842f57f8fad460cad3c0","0x1e0049783f008a0085193e00003d00cd54003c71","","0","0","0","0.00129852","1.753716186","1114.57","Error(0)","execution reverted","Set Approval For All",""
"0xd4639a54b6e522c5a66edcb18e36da4d7fc922a4b539278689dd2d2757a5a8fe","15134994","1657725339","2022-07-13 15:15:39","0xf8a76726760e864595edce9e45f6f41fadd61717","0x1e0049783f008a0085193e00003d00cd54003c71","","0","0","0","0.00129852","1.753716186","1114.57","Error(0)","execution reverted","Set Approval For All",""
"0x170173db1a0857bd92ddc954d754d39f4eb1520a501f8c63092c14d02ecaa6f8","15134994","1657725339","2022-07-13 15:15:39","0xa9a14eeb70ec1579cc408419f6c53b5c2f47bd6e","0x1e0049783f008a0085193e00003d00cd54003c71","","0","0","0","0.00129852","1.753716186","1114.57","Error(0)","execution reverted","Set Approval For All",""
"0x34082c7d82d20a86ed6f68698943999dbcc589d209b03771f5fbb5c6a0afb915","15134994","1657725339","2022-07-13 15:15:39","0x1e48cac8a5f6a4e875f6dc0f19e4acab170985fb","0x1e0049783f008a0085193e00003d00cd54003c71","","0","0","0","0.00129852","1.753716186","1114.57","Error(0)","execution reverted","Set Approval For All",""
"0xe488b21469a5e10e979642d14cfd53d1220f48000684ea44b707bea729b8cf60","15134994","1657725339","2022-07-13 15:15:39","0x85893a3217764354ceb1967384886f7140a42269","0x1e0049783f008a0085193e00003d00cd54003c71","","0","0","0","0.00129852","1.753716186","1114.57","Error(0)","execution reverted","Set Approval For All",""
"0x62e01d59f0b0cd3c84a3db76fc97f7998622a7513807901beb1cd87eed3a872b","15140014","1657791827","2022-07-14 09:43:47","0x21a31ee1afc51d94c2efccaa2092ad1028285549","0x1e0049783f008a0085193e00003d00cd54003c71","","0.00990283","0","13.3742670565","0.000153711629369263","0.207595241044658","1192.56","Error(0)","execution reverted","Transfer",""
"0x16d5b7c17439e5862c041f1a3e3fbbcd9422a63f5784ae04a7bc296d8084c1d1","15146062","1657872306","2022-07-15 08:05:06","0x19b3606df8ced54be47df36b6b2b2acc12797526","0x1e0049783f008a0085193e00003d00cd54003c71","","0.001","0","1.35055","0.000229728322383","0.310259585794361","1231.23","Error(0)","out of gas","Transfer",""
"0x8bc31e02799a25aba843a1661031e89a44538696a109379f866eaf48c5143576","15146133","1657873362","2022-07-15 08:22:42","0x45d210496a45df512998cc2964d9f96488ea5a08","0x1e0049783f008a0085193e00003d00cd54003c71","","0.000437925456365","0","0.591440225093751","0.000307425807885","0.415193924839087","1231.23","Error(0)","out of gas","Transfer",""
"0x1ebf9447a8e70678c0b34954a449fa74370956dcc06e0080463f78d324cd8faf","15146143","1657873464","2022-07-15 08:24:24","0x19b3606df8ced54be47df36b6b2b2acc12797526","0x1e0049783f008a0085193e00003d00cd54003c71","","0.00041455244917587","0","0.559873810234471","0.000281072639988","0.379602653935793","1231.23","Error(0)","out of gas","Transfer",""
"0xa27ed53ddd1258ba9b90485d257db57b141c73e5c6a7381d4a11e00ed6a2cb86","15146151","1657873551","2022-07-15 08:25:51","0x45d210496a45df512998cc2964d9f96488ea5a08","0x1e0049783f008a0085193e00003d00cd54003c71","","0.000220404286877","0","0.297667009641732","0.000252709377039","0.341296649160021","1231.23","Error(0)","out of gas","Transfer",""
"0x4b98ec2bf56c4efd4ab57b6fc4c19dac1cbfe3021f8a0f18cf2818cbb40eb52d","15146153","1657873574","2022-07-15 08:26:14","0x19b3606df8ced54be47df36b6b2b2acc12797526","0x1e0049783f008a0085193e00003d00cd54003c71","","0.000244429365890394","0","0.330114080103272","0.000304774786785","0.411613588292482","1231.23","Error(0)","out of gas","Transfer",""
"0x04ec5ccf9e1f174ba335c033d179416aa7df361eb9ed668455dc220709823e07","15147436","1657890438","2022-07-15 13:07:18","0x56eddb7aa87536c09ccc2793473599fd21a8b17f","0x1e0049783f008a0085193e00003d00cd54003c71","","0.64391712","0","869.642266416","0.00289106086385375","3.90452224967768","1231.23","Error(0)","execution reverted","Transfer",""
"0x8515ae1271a1b3a88476319e82383d91ceaa1e4d4a58527b10665dfead1b4a1e","15149261","1657914497","2022-07-15 19:48:17","0x4d1004285cd4eaaa791feb7c773dc3f03a16e8bb","0x1e0049783f008a0085193e00003d00cd54003c71","","0","0","0","0.000655588375428","0.885404880434285","1231.23","Error(0)","out of gas","Transfer",""
"0xe6394c7be154a16e0e5a7212dfcd60cbb246bc941a88fa3d5162451fc2136579","15151058","1657938956","2022-07-16 02:35:56","0xddfabcdc4d8ffc6d5beaf154f18b778f892a0740","0x1e0049783f008a0085193e00003d00cd54003c71","","0.00730112","0","9.860527616","0.000214996489948996","0.290363509500617","1356.31","Error(0)","execution reverted","Transfer",""
"0xab0dd2e5d88195573a426f6709cf6167cbc24b0c6303bcd36e48fe6957031d62","15161801","1658083364","2022-07-17 18:42:44","0xb5d85cbf7cb3ee0d56b3bb207d5fc4b82f43f511","0x1e0049783f008a0085193e00003d00cd54003c71","","0.00612128","0","8.267094704","0.000483740325828592","0.653315497047805","1337.97","Error(0)","execution reverted","Transfer",""
"0x7e91eb78bebf4c63f0e32743324b2456eefd736509e9d15c6136677cdece647e","15164202","1658114883","2022-07-18 03:28:03","0x4fbd608236c29678ae4249fb93ecdd4b223626f2","0x1e0049783f008a0085193e00003d00cd54003c71","","0.01003058720439051","0","13.5468095488896","0.00040447443771","0.54626295184924","1583.55","Error(0)","out of gas","Transfer",""
"0x65fcadf9fea9317d760bfa6f416e3ff5c97546032b49b753fc1eff78cbdc90b1","15164215","1658115037","2022-07-18 03:30:37","0x4fbd608236c29678ae4249fb93ecdd4b223626f2","0x1e0049783f008a0085193e00003d00cd54003c71","","0.009","0","12.15495","0.000377222376468","0.509457680538857","1583.55","Error(0)","out of gas","Transfer",""
"0x8fc38ec5e49e1f66431acdc837e9566f6b9642cc53b47dd0f15ffbd876e74313","15164221","1658115090","2022-07-18 03:31:30","0x4fbd608236c29678ae4249fb93ecdd4b223626f2","0x1e0049783f008a0085193e00003d00cd54003c71","","0.009","0","12.15495","0.000358619013207","0.484332908286714","1583.55","Error(0)","out of gas","Transfer",""
"0x1d2839d8cdb47a723ea9d4743288c698dbdaee2f864ee23d701f22b3b9e3f935","15164226","1658115164","2022-07-18 03:32:44","0x4fbd608236c29678ae4249fb93ecdd4b223626f2","0x1e0049783f008a0085193e00003d00cd54003c71","","0.008","0","10.8044","0.000372972543825","0.503718069062854","1583.55","Error(0)","out of gas","Transfer",""
"0xe831ff0b06c00b2ac18215fe7aac8225410977ab45ba3f19b3287a5265b5de7a","15165183","1658127860","2022-07-18 07:04:20","0x56eddb7aa87536c09ccc2793473599fd21a8b17f","0x1e0049783f008a0085193e00003d00cd54003c71","","0.0086","0","11.61473","0.000246832416062155","0.333359519512743","1583.55","Error(0)","execution reverted","Transfer",""
"0x87ee265f96f203ae6b64bd6c77b62403a953a6f2f6fa31c8a96fb6125f1453ad","15166142","1658141175","2022-07-18 10:46:15","0x672c6953716c31ecd0601d8e30542089b87e97b0","0x1e0049783f008a0085193e00003d00cd54003c71","","0.000676837274782397","0","0.914102581457366","0.000311939046783","0.421289279632781","1583.55","Error(0)","out of gas","Transfer",""
"0x4e0153f28cc97ac066c38c68ad01b6e1dbdd2ed50820d0cb2644205108260e5d","15166148","1658141257","2022-07-18 10:47:37","0x672c6953716c31ecd0601d8e30542089b87e97b0","0x1e0049783f008a0085193e00003d00cd54003c71","","0.000672712106127062","0","0.908531334929904","0.000331304462706","0.447443242107588","1583.55","Error(0)","out of gas","Transfer",""
"0x3ee4816a2fe51e9edc94bed57190ee19f8710831f9ed741a0c473a9d4b012754","15166193","1658141789","2022-07-18 10:56:29","0x0a9f0d74f5e1bd42d01d2b499283778cb63820c1","0x1e0049783f008a0085193e00003d00cd54003c71","","0.003","0","4.05165","0.000259062669894","0.349877088825342","1583.55","Error(0)","out of gas","Transfer",""
"0xceb7d11ff6ad9eb9278a686762c7fe6feeec305caceadeafd64dd211e72750da","15169438","1658185478","2022-07-18 23:04:38","0x71e2112d0317150cac5500723f974fbd1a1bc02e","0x1e0049783f008a0085193e00003d00cd54003c71","","0.001056891929497766","0","1.42738539538321","0.000498585327702","0.673364414327936","1583.55","Error(0)","out of gas","Transfer",""
"0x198ff9f33228258e8500fd09b74b88aaa587e81b86084cede9e3795c1db59d5a","15169441","1658185509","2022-07-18 23:05:09","0x71e2112d0317150cac5500723f974fbd1a1bc02e","0x1e0049783f008a0085193e00003d00cd54003c71","","0.000392269731586766","0","0.529779885994507","0.000516482280951","0.697535144538373","1583.55","Error(0)","out of gas","Transfer",""
"0x70c6305b8ea9ff27b03299a9b3c11ab7aea98359e411bfa9a3346478ebb27170","15169579","1658187311","2022-07-18 23:35:11","0x71e2112d0317150cac5500723f974fbd1a1bc02e","0x1e0049783f008a0085193e00003d00cd54003c71","","0.001005938374793088","0","1.3585700720768","0.000462272293098","0.624321845443504","1583.55","Error(0)","out of gas","Transfer",""
"0x98bc5fd3aeedd0ae936f08b86cdb98add1ec710a023c57b82049a350ae1d9b56","15169600","1658187647","2022-07-18 23:40:47","0x71e2112d0317150cac5500723f974fbd1a1bc02e","0x1e0049783f008a0085193e00003d00cd54003c71","","0.000509856156831754","0","0.688586232609125","0.000589423366707","0.796045727906139","1583.55","Error(0)","out of gas","Transfer",""
"0x914c4fa46d2fdc1324c0d617a5da5a0831133471b5815df6ebd4721c7cf599b2","15169868","1658191010","2022-07-19 00:36:50","0x5d797c2d249a54be743cd33cf29c8d6e286c5e08","0x1e0049783f008a0085193e00003d00cd54003c71","","0.03202","0","43.244611","0.000709731957417","0.958528495089529","1543.12","Error(0)","out of gas","Transfer",""
"0x30b6e69ddbeb1a7f0131f7ed0d4d94c5367642b8f49c50b4305ed05b41d952b0","15173445","1658238602","2022-07-19 13:50:02","0x5763507aa0f014b4153abc71108d1797ff17664e","0x1e0049783f008a0085193e00003d00cd54003c71","","0.038","0","51.3209","0.000977480999859","1.32013696435957","1543.12","Error(0)","out of gas","Transfer",""
"0x7ec282139285f7a7381e15e42dd4cd03e9217b0df20feac239b5611cba43e358","15173457","1658238757","2022-07-19 13:52:37","0x5763507aa0f014b4153abc71108d1797ff17664e","0x1e0049783f008a0085193e00003d00cd54003c71","","0.038","0","51.3209","0.001111671372882","1.50136777264579","1543.12","Error(0)","out of gas","Transfer",""
"0xf38214e83eb2915cd66de100c576f51ac222d3e0ba8680715639c2b6bf6f9a72","15177285","1658289841","2022-07-20 04:04:01","0xe8380cabb7d2736b4ba57273d950ce7449b7dd12","0x1e0049783f008a0085193e00003d00cd54003c71","","0.002","0","2.7011","0.000484030058652","0.653706795712459","1521.72","Error(0)","out of gas","Transfer",""
"0x7c38c5219713328f4a2c121f1ad8ed6d2ca83faa8114d14eb39a1924da179792","15177293","1658289983","2022-07-20 04:06:23","0xe8380cabb7d2736b4ba57273d950ce7449b7dd12","0x1e0049783f008a0085193e00003d00cd54003c71","","0.002","0","2.7011","0.000487393119822","0.658248777975602","1521.72","Error(0)","out of gas","Transfer",""
"0xde4e5ec3befda768d4af8def168cd563bca61a52751706547e517d5f6eb0b7b2","15179096","1658315060","2022-07-20 11:04:20","0xb5d85cbf7cb3ee0d56b3bb207d5fc4b82f43f511","0x1e0049783f008a0085193e00003d00cd54003c71","","0.02","0","27.011","0.000444472792857212","0.600282730393308","1521.72","Error(0)","execution reverted","Transfer",""
"0xfade73ac6c8cc655cf83bf2b312d730821d642bb55fd6d7923f0182e6e1a1625","15179238","1658316837","2022-07-20 11:33:57","0x21a31ee1afc51d94c2efccaa2092ad1028285549","0x1e0049783f008a0085193e00003d00cd54003c71","","0.0086","0","11.61473","0.000234468302776512","0.316661166314818","1521.72","Error(0)","execution reverted","Transfer",""
"0xa4a7f833e4939d5fb4802cbf115376afe3d126918d71083b6541e73484b87bcb","15185967","1658407474","2022-07-21 12:44:34","0xb8c99218c4831320d7d3f00972ce80449a05969c","0x1e0049783f008a0085193e00003d00cd54003c71","","0.05","0","67.5275","0.000336753205719","0.454802041983795","1575.68","Error(0)","out of gas","Transfer",""
"0x90a957a901c57c061992b77065ed80c1a24c1e829287b20ccd31c2f5a8b97f17","15186358","1658412700","2022-07-21 14:11:40","0xdfd5293d8e347dfe59e90efd55b2956a1343963d","0x1e0049783f008a0085193e00003d00cd54003c71","","0.0133933","0","18.088321315","0.002144984222636528","2.89690844188176","1575.68","Error(0)","execution reverted","Transfer",""
"0x108252b8f24e7721fac4040a8910f55057520128daddee97597576b037876c71","15187303","1658424953","2022-07-21 17:35:53","0xbe1bf41eff212b06fa54a44efe9f6342cb046a82","0x1e0049783f008a0085193e00003d00cd54003c71","","0.02","0","27.011","0.000775301310861","1.04708318538332","1575.68","Error(0)","out of gas","Transfer",""
"0x73e03fd4593810c6f3d454c2edf8e353517fa4310cb5607a55e7ae15556b5a25","15187308","1658425048","2022-07-21 17:37:28","0xbe1bf41eff212b06fa54a44efe9f6342cb046a82","0x1e0049783f008a0085193e00003d00cd54003c71","","0.02","0","27.011","0.000745916798487","1.00739793219662","1575.68","Error(0)","out of gas","Transfer",""
"0x1951b9d7509994b94bbcc3a1b48ead8dab8865c0037d9b44a61cdb1dd34cf421","15187508","1658427606","2022-07-21 18:20:06","0xbe1bf41eff212b06fa54a44efe9f6342cb046a82","0x1e0049783f008a0085193e00003d00cd54003c71","","0.025","0","33.76375","0.000287991514146","0.38894693942988","1575.68","Error(0)","out of gas","Transfer",""
"0x8db9cd4f69a25b642b6ca65531e2504b20a6edd1a73cbd928b6d4ffbc6fd0bf4","15192797","1658498696","2022-07-22 14:04:56","0xa7efae728d2936e78bda97dc267687568dd593f3","0x1e0049783f008a0085193e00003d00cd54003c71","","0.061743","0","83.38700865","0.001452381","1.96151315955","1535.71","Error(0)","execution reverted","Transfer",""
"0xcbb5403bd83dc42f85628c11f6581e908bc34d0c95b67aab785280e0055cf6f0","15194034","1658514537","2022-07-22 18:28:57","0xddfabcdc4d8ffc6d5beaf154f18b778f892a0740","0x1e0049783f008a0085193e00003d00cd54003c71","","0.01629496","0","22.007158228","0.000514768173106768","0.695220156189346","1535.71","Error(0)","execution reverted","Transfer",""
"0x84c357e4d67ee452d7950795a4ac95ee825bf9301c883ca49996940154464be7","15194241","1658517128","2022-07-22 19:12:08","0xfbb1b73c4f0bda4f67dca266ce6ef42f520fbb98","0x1e0049783f008a0085193e00003d00cd54003c71","","0.02825","0","38.1530375","0.00063147","0.8528318085","1535.71","Error(0)","execution reverted","Transfer",""
"0x0fc184022d99e2788b566bb81ad8c7da6e84d5f1285caf2b7060131551c0d3b4","15194308","1658518087","2022-07-22 19:28:07","0xddfabcdc4d8ffc6d5beaf154f18b778f892a0740","0x1e0049783f008a0085193e00003d00cd54003c71","","0.00323127","0","4.3639916985","0.000353791892916504","0.477813640978384","1535.71","Error(0)","execution reverted","Transfer",""
"0x18f39d95459cacf14682717e5459f2b44e3f09d01d35ad838a8729641072741b","15209702","1658725725","2022-07-25 05:08:45","0x3cd751e6b0078be393132286c442345e5dc49699","0x1e0049783f008a0085193e00003d00cd54003c71","","0.00671727","0","9.0720089985","0.00012669492219741","0.171107827173712","1438.01","Error(0)","execution reverted","Transfer",""
"0xd2813d6aea29f5fba8bfaa4a85765f47a920ff8d0183122e155d5e54ed1dd62f","15209721","1658725926","2022-07-25 05:12:06","0xeb2629a2734e272bcc07bda959863f316f4bd4cf","0x1e0049783f008a0085193e00003d00cd54003c71","","0.00655102","0","8.847480061","0.000153621150053322","0.207473044204514","1438.01","Error(0)","execution reverted","Transfer",""
"0xa4219378c8b9bf92b960993adcbcf5743740aef6b88a73c6e8c0ea3baf324c62","15209741","1658726142","2022-07-25 05:15:42","0xddfabcdc4d8ffc6d5beaf154f18b778f892a0740","0x1e0049783f008a0085193e00003d00cd54003c71","","0.00622771","0","8.4108337405","0.000124438019138251","0.168059766747165","1438.01","Error(0)","execution reverted","Transfer",""
"0xf37e46c191985f9ed083fdf0903ee6fbadf772116ab14b89d037ab01f43484dc","15209942","1658728773","2022-07-25 05:59:33","0xdf1553a2130cbafa70a35e68efc6ccf67f0a278c","0x1e0049783f008a0085193e00003d00cd54003c71","","0.01016678","0","13.730744729","0.000118214059840674","0.159653998517822","1438.01","Error(0)","execution reverted","Transfer",""
"0x647f64bab6a12ddb86f42d28f94f86250b8d992bf475498b1e28fc25de98f172","15211478","1658749577","2022-07-25 11:46:17","0xa7efae728d2936e78bda97dc267687568dd593f3","0x1e0049783f008a0085193e00003d00cd54003c71","","0.1","0","135.055","0.000694617","0.93811498935","1438.01","Error(0)","execution reverted","Transfer",""
"0x82f56985e5a4523df3ea8ddcd401c1512d01d0875cf126a3905b75d15612a811","15220208","1658866923","2022-07-26 20:22:03","0x505b7755add753b51e7e708b8596ff99029c51a9","0x1e0049783f008a0085193e00003d00cd54003c71","","0.01455932561203765","0","19.6630972053374","0.000232172014179","0.313559913749448","1449.61","Error(0)","out of gas","Transfer",""
"0x19452691b0c2e1351985e25e603c6ef6ebfa629d13743bedec7fadb5c2d6225a","15220225","1658867111","2022-07-26 20:25:11","0x505b7755add753b51e7e708b8596ff99029c51a9","0x1e0049783f008a0085193e00003d00cd54003c71","","0.018235663121653756","0","24.6281748289495","0.000247136945391","0.333770801597815","1449.61","Error(0)","out of gas","Transfer",""
"0xa8e0df0b85218c5fa9a8eb84bb683582f22e9f300985a2873633a7212e71ec92","15220244","1658867357","2022-07-26 20:29:17","0x505b7755add753b51e7e708b8596ff99029c51a9","0x1e0049783f008a0085193e00003d00cd54003c71","","0.014577046981822422","0","19.6870308013003","0.000285274071411","0.385276897144126","1449.61","Error(0)","out of gas","Transfer",""
"0x57a07e9607bc7e4db14c3716fe8a1f29dbd48631a48f798d0d2e0118f42e12f3","15223773","1658914913","2022-07-27 09:41:53","0x7034364589b7605cc8f3a062e9e209ee86f1cca5","0x1e0049783f008a0085193e00003d00cd54003c71","","0.000641485608975575","0","0.866358389201963","0.000129786081768","0.175282592731772","1636.88","Error(0)","out of gas","Transfer",""
"0x2c8f1a494d9765dfd659b8a2b4b04535e7d40193faed30c2e16dfe5184df386e","15223795","1658915127","2022-07-27 09:45:27","0xa5878bf246b7123f09378da512360c1b73007ad4","0x1e0049783f008a0085193e00003d00cd54003c71","","0.000958176143629991","0","1.29406479077948","0.000095447533335","0.128906666145584","1636.88","Error(0)","out of gas","Transfer",""
"0x909b7abe3d42bfa0849945db6aafbb2f7e37d9f436737219e827db051859c12b","15223800","1658915217","2022-07-27 09:46:57","0xa5878bf246b7123f09378da512360c1b73007ad4","0x1e0049783f008a0085193e00003d00cd54003c71","","0.0002877887787385","0","0.388673135125281","0.000097682148312","0.131924625402772","1636.88","Error(0)","out of gas","Transfer",""
"0xbca080745d28e5dc6d01d29f589b57403f939a7e3bbf72aebc5cb2ab70751367","15223812","1658915368","2022-07-27 09:49:28","0xa5878bf246b7123f09378da512360c1b73007ad4","0x1e0049783f008a0085193e00003d00cd54003c71","","0.00050493995317991","0","0.681946653767127","0.000102029356464","0.137795747372455","1636.88","Error(0)","out of gas","Transfer",""
"0x52c689baadf7543a355dc6b7be269c48aeabb03b8a8e2064a05e85e7520424f5","15223832","1658915633","2022-07-27 09:53:53","0xa5878bf246b7123f09378da512360c1b73007ad4","0x1e0049783f008a0085193e00003d00cd54003c71","","0.0004","0","0.54022","0.000122935567755","0.166030631031515","1636.88","Error(0)","out of gas","Transfer",""
"0xc8a990f797540c7bf105cd26ad5786bda5577dbc6adc846f85a6e35fea67037e","15224703","1658926980","2022-07-27 13:03:00","0xdfd5293d8e347dfe59e90efd55b2956a1343963d","0x1e0049783f008a0085193e00003d00cd54003c71","","0.07402836","0","99.979001598","0.000349022763670077","0.471372693474622","1636.88","Error(0)","execution reverted","Transfer",""
"0xdad07a28888c0c2f11dce757c020b0c721738002da5fbbfa6c5b969be3526aa0","15224858","1658929206","2022-07-27 13:40:06","0xdb091ffbc019aa8adbc79bd69eb9b0a9a2234652","0x1e0049783f008a0085193e00003d00cd54003c71","","0.001078521814629911","0","1.45659763674843","0.000395183840961","0.533715536409879","1636.88","Error(0)","out of gas","Transfer",""
"0xc57e93bb95e69da337aecdc532e1adbb3cdb66628ca12b800ad68b66d163db77","15226262","1658948498","2022-07-27 19:01:38","0x9bda0635aa337793e256ebf2b2533bed6a7816d9","0x1e0049783f008a0085193e00003d00cd54003c71","","0.00149","0","2.0123195","0.001082123099589","1.46146135214992","1636.88","Error(0)","out of gas","Transfer",""
"0x37845cfd27ebf47dedc14cb51f0b07955b9017e8da003842baf01aca93cb20a7","15226985","1658957503","2022-07-27 21:31:43","0xa25b65b17640932a5c490fb7383abbe053fd8d38","0x1e0049783f008a0085193e00003d00cd54003c71","","0.001249445558533401","0","1.68743869907728","0.000717722205081","0.969319724072145","1636.88","Error(0)","out of gas","Transfer",""
"0xbb5d5cffcda6ac06f16d7131b417e18e36f8bdf56c12598c6f78a526fdbc3ae0","15226992","1658957559","2022-07-27 21:32:39","0xa25b65b17640932a5c490fb7383abbe053fd8d38","0x1e0049783f008a0085193e00003d00cd54003c71","","0.001878404608352639","0","2.53687934381066","0.000532333295697","0.718942732503583","1636.88","Error(0)","out of gas","Transfer",""
"0x4ca9d687305c7527c15c9b1dbe06f233b7a707b0c87617391bdec73005561831","15226999","1658957673","2022-07-27 21:34:33","0xa25b65b17640932a5c490fb7383abbe053fd8d38","0x1e0049783f008a0085193e00003d00cd54003c71","","0.00187918117812132","0","2.53792814011175","0.000590100202503","0.796959828490427","1636.88","Error(0)","out of gas","Transfer",""
"0xa135548d9f12229eafa492ee5edeaad713b94e272855573d8ac6f3d218950fb1","15227043","1658958387","2022-07-27 21:46:27","0xa25b65b17640932a5c490fb7383abbe053fd8d38","0x1e0049783f008a0085193e00003d00cd54003c71","","0.001858033828602573","0","2.5093675872192","0.000935044926354","1.26282492528739","1636.88","Error(0)","out of gas","Transfer",""
"0x170b19c2c8f6ff7993740a5d791c74bcdc3bb3d147b733ef686f762f766e4031","15228299","1658975340","2022-07-28 02:29:00","0x31f2861c03bfe4b94d0b7345ee1761752759934a","0x1e0049783f008a0085193e00003d00cd54003c71","","0.000620871206476928","0","0.838517607907415","0.000256852278648","0.346891844928056","1725.82","Error(0)","out of gas","Transfer",""
"0x0ef8d275785640679d7963e06d72047de2fd13aff5f9b0efa39dc010d2fcb27d","15228304","1658975412","2022-07-28 02:30:12","0x31f2861c03bfe4b94d0b7345ee1761752759934a","0x1e0049783f008a0085193e00003d00cd54003c71","","0.000620871206476928","0","0.838517607907415","0.000256134063192","0.345921859043956","1725.82","Error(0)","out of gas","Transfer",""
"0xa6f7dd4790de702e9d8b6577c4258103b31feb214e88758631404db90167304a","15228308","1658975446","2022-07-28 02:30:46","0x31f2861c03bfe4b94d0b7345ee1761752759934a","0x1e0049783f008a0085193e00003d00cd54003c71","","0.001241742412953857","0","1.67703521581483","0.000231510014799","0.312665850486789","1725.82","Error(0)","out of gas","Transfer",""
"0xabd65f8a2c5cad8808a4204363a31928dc2e851e07175375758e3bf469de71b6","15228312","1658975492","2022-07-28 02:31:32","0x31f2861c03bfe4b94d0b7345ee1761752759934a","0x1e0049783f008a0085193e00003d00cd54003c71","","0.001550147263990079","0","2.0935513873818","0.000261331774725","0.352941628354849","1725.82","Error(0)","out of gas","Transfer",""
"0xb2aa0ace9ad8370802f0b16be8cfe10da89f38e711be1e82b2e7e14419baa69e","15228325","1658975674","2022-07-28 02:34:34","0x31f2861c03bfe4b94d0b7345ee1761752759934a","0x1e0049783f008a0085193e00003d00cd54003c71","","0.000619279406482617","0","0.836367802425098","0.000249683517279","0.337210074261153","1725.82","Error(0)","out of gas","Transfer",""
"0x0df687d4e31ac85c5a529565d5885934104f942a7e8e787bdd2668ab3845d0a9","15228331","1658975731","2022-07-28 02:35:31","0x31f2861c03bfe4b94d0b7345ee1761752759934a","0x1e0049783f008a0085193e00003d00cd54003c71","","0.00185783821944785","0","2.50910340727529","0.000218497603191","0.295091937989605","1725.82","Error(0)","out of gas","Transfer",""
"0x64af678f3cd876d5b8ed96665ee880b8c16845600d03dc57330204a25eb76fdf","15228346","1658975843","2022-07-28 02:37:23","0x31f2861c03bfe4b94d0b7345ee1761752759934a","0x1e0049783f008a0085193e00003d00cd54003c71","","0.001851943305842264","0","2.50114203170527","0.000187900067607","0.253768436306634","1725.82","Error(0)","out of gas","Transfer",""
"0x354bce4f143770c2bc5d84b325b73e921dde19516edea9b4a7bf33ccdb0ab8fa","15228353","1658975981","2022-07-28 02:39:41","0x31f2861c03bfe4b94d0b7345ee1761752759934a","0x1e0049783f008a0085193e00003d00cd54003c71","","0.001234445980643887","0","1.6671810191586","0.000243772154325","0.329226483023629","1725.82","Error(0)","out of gas","Transfer",""
"0x090e4d8405ff94cb196d8d2955b3c89e67440bd516c0934f1216fd2a7a89c7be","15228375","1658976499","2022-07-28 02:48:19","0x31f2861c03bfe4b94d0b7345ee1761752759934a","0x1e0049783f008a0085193e00003d00cd54003c71","","0.00121713729308666","0","1.64380477117819","0.000928068453081","1.25340284930854","1725.82","Error(0)","out of gas","Transfer",""
"0xec8e6a539662f9563c2a31f42b28a5934c57989083cb8c8a6f8689ad5249bb39","15228397","1658976816","2022-07-28 02:53:36","0x31f2861c03bfe4b94d0b7345ee1761752759934a","0x1e0049783f008a0085193e00003d00cd54003c71","","0.001794655515873728","0","2.42377200696326","0.000952507343739","1.28640879308671","1725.82","Error(0)","out of gas","Transfer",""
"0xcbb64d4db4d15459694813b85f4aac3628a0f950d6b8a2c93f4b4f372500d266","15236968","1659092376","2022-07-29 10:59:36","0x3169904009e7a78cf14209167ace9329d8a45472","0x1e0049783f008a0085193e00003d00cd54003c71","","0.009","0","12.15495","0.000331820016339","0.448139523066636","1722.28","Error(0)","out of gas","Transfer",""
"0x773f38b294c90787d9666b504f6430fc3d43944dc713c53afbc0af56880bd837","15236974","1659092461","2022-07-29 11:01:01","0x3169904009e7a78cf14209167ace9329d8a45472","0x1e0049783f008a0085193e00003d00cd54003c71","","0.009","0","12.15495","0.00032701346748","0.441648038505114","1722.28","Error(0)","out of gas","Transfer",""
"0xe1574eb06121ec98ce953c5159a2e958e11c44c6bbe50eb4a72b1fb68b60c9dc","15239129","1659120814","2022-07-29 18:53:34","0x27e9ce3d4511954cb7d7bc920820cb6bd4a8558d","0x1e0049783f008a0085193e00003d00cd54003c71","","0.0206","0","27.82133","0.000335275467156","0.452806282167536","1722.28","Error(0)","out of gas","Transfer",""
"0xa02ae9339bec33c82072fc419e31eac5870c2253aebad9c8da11c38f17588bfd","15240846","1659144245","2022-07-30 01:24:05","0xa910f92acdaf488fa6ef02174fb86208ad7722ba","0x1e0049783f008a0085193e00003d00cd54003c71","","0.02693732","0","36.380197526","0.00028450980348623","0.384244715098328","1697.52","Error(0)","execution reverted","Transfer",""
"0x55822e7e89ee65bb5ff824a6495213b27218c5b5b7cda7c233b6430246eceb45","15244358","1659191600","2022-07-30 14:33:20","0xcdd37ada79f589c15bd4f8fd2083dc88e34a2af2","0x1e0049783f008a0085193e00003d00cd54003c71","","0.02525166","0","34.103629413","0.0002173500357","0.293542090714635","1697.52","Error(0)","out of gas","Transfer",""
"0xc09cb1466c1d237a0a2f0620a3f42c88a2042d98493338febe2725f8783eb36b","15245286","1659204137","2022-07-30 18:02:17","0x5336c70c3328751c22e5ec6cbdb6b09e534f6ac3","0x1e0049783f008a0085193e00003d00cd54003c71","","0.00579","0","7.8196845","0.000269347602657","0.363767404768411","1697.52","Error(0)","out of gas","Transfer",""
"0x3c94aa27ca2baa0b0e78ee2afd6c305149bac2f0396adb60785708f27b8837c2","15247477","1659233083","2022-07-31 02:04:43","0x007a6e679644f4b9fec2597d68e6d686248e93f0","0x1e0049783f008a0085193e00003d00cd54003c71","","0.001702277529936605","0","2.29901091805588","0.000122207438682","0.165047256311975","1679.55","Error(0)","out of gas","Transfer",""
"0x673b21c488c09fd6f2f286356d3f8e433eab57ca3c11c5f0aa3753fda4939662","15247483","1659233173","2022-07-31 02:06:13","0x007a6e679644f4b9fec2597d68e6d686248e93f0","0x1e0049783f008a0085193e00003d00cd54003c71","","0.001760976755106833","0","2.37828715660953","0.000115700893056","0.156259841116781","1679.55","Error(0)","out of gas","Transfer",""
"0xcf061938f2a48767164cea980be189542ea70f6e5858203fce23d5935b27f536","15247488","1659233306","2022-07-31 02:08:26","0x007a6e679644f4b9fec2597d68e6d686248e93f0","0x1e0049783f008a0085193e00003d00cd54003c71","","0.000702230753025444","0","0.948397743498513","0.000146428674399","0.197759246209569","1679.55","Error(0)","out of gas","Transfer",""
"0x2eae1d68f7645dd55b23f29c9cc7ca245125be9d1eed26dce069d493fb1eabd5","15250732","1659277144","2022-07-31 14:19:04","0xf08c45304f4241033b507665b2fc865688ac2f02","0x1e0049783f008a0085193e00003d00cd54003c71","","0.0003","0","0.405165","0.000118696976055","0.16030620101108","1679.55","Error(0)","out of gas","Transfer",""
"0xbb3365cde112748091ce65521fb6b830228fe83629ca66a23db2284bfa2f34ab","15250774","1659277721","2022-07-31 14:28:41","0xf08c45304f4241033b507665b2fc865688ac2f02","0x1e0049783f008a0085193e00003d00cd54003c71","","0.0002","0","0.27011","0.000215710523532","0.291327847556143","1679.55","Error(0)","out of gas","Transfer",""
"0x7184e7e8ae161403ed4deed14902564f0edebbee923e63e228d22e56caf9410a","15257830","1659372390","2022-08-01 16:46:30","0x4979f15957d2fe11563b3283710842c793f7edd3","0x1e0049783f008a0085193e00003d00cd54003c71","","0.009054769565041501","0","12.2289190360668","0.000301487111048039","0.407173417825929","1630.62","Error(0)","execution reverted","Transfer",""
"0x9b201cf742b5da273884eaec1c305225daf52e7b211b203d77103143341833ae","15257842","1659372686","2022-08-01 16:51:26","0x4979f15957d2fe11563b3283710842c793f7edd3","0x1e0049783f008a0085193e00003d00cd54003c71","","0.000603939841226756","0","0.815650952568795","0.000534199576800799","0.721463238448319","1630.62","Error(0)","execution reverted","Transfer",""
"0x1edaabad2e40a6189662b6a7c68db97365eb75278ea96870693298b40910ab6d","15257842","1659372686","2022-08-01 16:51:26","0x4979f15957d2fe11563b3283710842c793f7edd3","0x1e0049783f008a0085193e00003d00cd54003c71","","0.001207879682453512","0","1.63130190513759","0.000534199576800799","0.721463238448319","1630.62","Error(0)","execution reverted","Transfer",""
"0x75bc16a20babd7cfc54e1d92272e7ec5b857a21a6344abddc47eb9ab5884f0a2","15259578","1659395916","2022-08-01 23:18:36","0x0bfb8c34108901b835834877d2cfdbb369d8b50f","0x1e0049783f008a0085193e00003d00cd54003c71","","0.00068","0","0.918374","0.00019071970344","0.257576495480892","1630.62","Error(0)","out of gas","Transfer",""
"0x94b587e374bffd1a553baa8b582e542d8b68655cdcc24f1fdabf56ca9dc070f5","15269651","1659532226","2022-08-03 13:10:26","0x56eddb7aa87536c09ccc2793473599fd21a8b17f","0x1e0049783f008a0085193e00003d00cd54003c71","","0.00874041","0","11.8043607255","0.000275558742105451","0.372155859150517","1618.68","Error(0)","execution reverted","Transfer",""
"0x329cbfc50d99c86132f6aff5927690c9355fcf43cfaf3b3a6561c1d7994e76d3","15277484","1659637921","2022-08-04 18:32:01","0x264edf7e174e3b0f604f18f648be1a49af68709d","0x1e0049783f008a0085193e00003d00cd54003c71","","0.002","0","2.7011","0.00018673272576","0.252191882775168","1607.96","Error(0)","out of gas","Transfer",""
"0xc5bbd94a71a02d61ab8cec26b3aabc2122ff85447cd81d1c6072c304625acd36","15282673","1659707164","2022-08-05 13:46:04","0xeb2629a2734e272bcc07bda959863f316f4bd4cf","0x1e0049783f008a0085193e00003d00cd54003c71","","0.01365901","0","18.4471759555","0.000362242212584868","0.489226220206493","1736.78","Error(0)","execution reverted","Transfer",""
"0x11592c7194cb8d1aaec55b1cef6d1e6da5ae5ee0f69f3313fef69e08664ac689","15283849","1659722989","2022-08-05 18:09:49","0x5a25566824a553b84eaa9baff288c7455ca87b8f","0x1e0049783f008a0085193e00003d00cd54003c71","","0.0125","0","16.881875","0.000237708678165","0.321037455295741","1736.78","Error(0)","out of gas","Transfer",""
"0x2b0807aec1004c35072a69df57e0e95a05926bfec7e2c5945cb8da9331548230","15283855","1659723077","2022-08-05 18:11:17","0x5a25566824a553b84eaa9baff288c7455ca87b8f","0x1e0049783f008a0085193e00003d00cd54003c71","","0.02","0","27.011","0.000258885646089","0.349638009325499","1736.78","Error(0)","out of gas","Transfer",""
"0xa882a16559cf2fc19086601903d8d793c9c71197b144f87cb8e57f5cd0b21729","15287173","1659767823","2022-08-06 06:37:03","0x4f7037d078fa6860e9839c5ac9763ae215171dfa","0x1e0049783f008a0085193e00003d00cd54003c71","","0.000372715809018","0","0.50337133586926","0.000140585628078","0.189867920000743","1690.67","Error(0)","out of gas","Transfer",""
"0x10409037f388dbefac16752628ff0f7038323a361b9547c3c881837dd0f5ef0f","15290312","1659810203","2022-08-06 18:23:23","0xfb250d63d4f4e54f899b5dd04d2915ee31640fc3","0x1e0049783f008a0085193e00003d00cd54003c71","","0.0008","0","1.08044","0.000158330599014","0.213833390498358","1690.67","Error(0)","out of gas","Transfer",""
"0x08876b7f772fb66f43997a982c71e8bf214f717f5c80178d7ba95687589dfb42","15290319","1659810317","2022-08-06 18:25:17","0xfb250d63d4f4e54f899b5dd04d2915ee31640fc3","0x1e0049783f008a0085193e00003d00cd54003c71","","0.001","0","1.35055","0.000167114950149","0.225697095923732","1690.67","Error(0)","out of gas","Transfer",""
"0x4b3cf86239f64d0fef831c623f145aee6620a5bcad8dc3d957aa926fd9680234","15290329","1659810449","2022-08-06 18:27:29","0xfb250d63d4f4e54f899b5dd04d2915ee31640fc3","0x1e0049783f008a0085193e00003d00cd54003c71","","0.0017","0","2.295935","0.000214180574559","0.289261574970657","1690.67","Error(0)","out of gas","Transfer",""
"0x1e82230b1e3277fa46a5144e59f73d0123bc3ee4fee2a3bc5ab1eaaf88a97344","15302541","1659975136","2022-08-08 16:12:16","0xc1f3afe53101aafca1468395cb754ea9de09539d","0x1e0049783f008a0085193e00003d00cd54003c71","","0.004","0","5.4022","0.000844886065905","1.141060876308","1777.99","Error(0)","out of gas","Transfer",""
"0x8b7269687a918e5aed81a3b8b4b69b5ee8b5f1cfd244d8755e3f80b5a1550671","15310145","1660077156","2022-08-09 20:32:36","0xe70dbc3cfc57a7b1a49ccb5df023aed24145f363","0x1e0049783f008a0085193e00003d00cd54003c71","","0.00177167795619231","0","2.39273966373552","0.00035189321958","0.475249387703769","1703.41","Error(0)","out of gas","Transfer",""
"0xfe0463efde1eeb718c1488870ad97faff202c05360dda6bc90974951b549374b","15310145","1660077156","2022-08-09 20:32:36","0xe70dbc3cfc57a7b1a49ccb5df023aed24145f363","0x1e0049783f008a0085193e00003d00cd54003c71","","0.00236223727492308","0","3.19031955164737","0.00035189321958","0.475249387703769","1703.41","Error(0)","out of gas","Transfer",""
"0x5e7c7f7ad77eaaa683c9790c38a325d6362175900dd083ce79bd706314659ef3","15319408","1660202786","2022-08-11 07:26:26","0xdfd5293d8e347dfe59e90efd55b2956a1343963d","0x1e0049783f008a0085193e00003d00cd54003c71","","0.01448836","0","19.567254598","0.000266744302816453","0.360251518168761","1881.06","Error(0)","execution reverted","Transfer",""
"0xa9d66a9d083810bd7d2e0f9d7d5454eaa734688f5765bff7d6b5e39a5cf22547","15320219","1660214173","2022-08-11 10:36:13","0x6f78cbf8020dd0fc35aeb21655207f55437057a2","0x1e0049783f008a0085193e00003d00cd54003c71","","0.000039725940114","0","0.0536518684209627","0.000223718681508","0.302143265310629","1881.06","Error(0)","out of gas","Transfer",""
"0x4e9b92e9651869019d2c4ba3ba2599bd6b153139cd068892ee8d801681ffd248","15322622","1660247393","2022-08-11 19:49:53","0x62bc26637602815f1a58dd37942961442dcc78eb","0x1e0049783f008a0085193e00003d00cd54003c71","","0.001584049675797833","0","2.13933828964876","0.000443873256855","0.59947302704552","1881.06","Error(0)","out of gas","Transfer",""
"0x96e4ccf1c46042608c386385c50a357d52f9fcb7ab7f14f7d6eba1ec6470527f","15333976","1660401360","2022-08-13 14:36:00","0xe9dbfeaafee50aa35628cb56fe6cc8f56363d6be","0x1e0049783f008a0085193e00003d00cd54003c71","","0.001511990081345066","0","2.04201820436058","0.000232238400114","0.313649571273963","1984.29","Error(0)","out of gas","Transfer",""
"0x345fc23da10039ed0335aa763c38f8b5268c36c307d566f5296af129ca402c30","15333992","1660401551","2022-08-13 14:39:11","0xe9dbfeaafee50aa35628cb56fe6cc8f56363d6be","0x1e0049783f008a0085193e00003d00cd54003c71","","0.005034942500956639","0","6.79994159466699","0.00020184833256","0.272606265538908","1984.29","Error(0)","out of gas","Transfer",""
"0x0b98250b284702e72ecaa8cbe91104a1d678f231a05bbb75c28780fde18c4852","15333998","1660401601","2022-08-13 14:40:01","0xe9dbfeaafee50aa35628cb56fe6cc8f56363d6be","0x1e0049783f008a0085193e00003d00cd54003c71","","0.005033193913861919","0","6.79758004036622","0.000170317517118","0.230022322743715","1984.29","Error(0)","out of gas","Transfer",""
"0x21987ca719ae6917b59d17fd148c48bf1c08ec57f10263dc6fdc2f9a562e7fc6","15337686","1660452389","2022-08-14 04:46:29","0x0a3a393db2ae05b8e39bec9184ebae2a88da6f51","0x1e0049783f008a0085193e00003d00cd54003c71","","0.0008","0","1.08044","0.000135830153235","0.183445413451529","1936.02","Error(0)","out of gas","Transfer",""
"0x8da60737e89bd9fba7aadbf69acdf1096ffd8c63511e23491c3ddea47b7feb7f","15337696","1660452567","2022-08-14 04:49:27","0x5c293109dcd58386ad847dca6816027b0ba7d3cc","0x1e0049783f008a0085193e00003d00cd54003c71","","0.0007","0","0.945385","0.000110400091074","0.149100842999991","1936.02","Error(0)","out of gas","Transfer",""
"0x82f3c702b38ab5c3b4d89cd58a0a2b199f94b1c8b7e98fe44e8f74ec18f54945","15337706","1660452670","2022-08-14 04:51:10","0x5c293109dcd58386ad847dca6816027b0ba7d3cc","0x1e0049783f008a0085193e00003d00cd54003c71","","0.0011","0","1.485605","0.0001313677953","0.177418775942415","1936.02","Error(0)","out of gas","Transfer",""
"0x0fa6091c8f9f78bf5b8bda4ab66e41c89e4b11f2d8b47b8a1aa1fc9c34c328af","15343573","1660532367","2022-08-15 02:59:27","0x9696f59e4d72e237be84ffd425dcad154bf96976","0x1e0049783f008a0085193e00003d00cd54003c71","","0.0639","0","86.300145","0.000258357636713323","0.348924906263178","1899.64","Error(0)","execution reverted","Transfer",""
"0xb67024c7a55b482104aa78adce298bdf2ec518e3ab83475127ba89b57da1a151","15347035","1660580547","2022-08-15 16:22:27","0x3048106ee238c9bdce0cd0802c02656c30485253","0x1e0049783f008a0085193e00003d00cd54003c71","","0.005","0","6.75275","0.000643467029835","0.869034397143659","1899.64","Error(0)","out of gas","Transfer",""
"0x0b7d82e8dbb4bdcda58e2d03952bfd4ed865ff24af9faf2e734baae22a494737","15347780","1660591071","2022-08-15 19:17:51","0xba698b7b47eeaa6487507ad732a82236815ec4e0","0x1e0049783f008a0085193e00003d00cd54003c71","","0.0011","0","1.485605","0.00031412862535796","0.424246414977193","1899.64","Error(0)","execution reverted","Transfer",""
"0xe09f0002634e8dd64fd23583349fea92ed8bb869a6cd11a1d95dde518de86642","15348041","1660594283","2022-08-15 20:11:23","0x64045ffd409f28c7e0e25f95063f02b4b3821af8","0x1e0049783f008a0085193e00003d00cd54003c71","","0.001582754309048606","0","2.13758883208559","0.000490318873065","0.662200154017936","1899.64","Error(0)","out of gas","Transfer",""
"0x117d4d09967a7a7cff6a3c31828352911f1c2e5fb514f6411c19f9c67184f9ce","15348120","1660595298","2022-08-15 20:28:18","0x380d436aa79ee3fcdd66f6d03225e244f214ff44","0x1e0049783f008a0085193e00003d00cd54003c71","","0.005","0","6.75275","0.00063147","0.8528318085","1899.64","Error(0)","execution reverted","Transfer",""
"0x384e957514d6c3d518497c9de86a81ba950d31222f9146380a4f01e1b80cbc8e","15353209","1660664340","2022-08-16 15:39:00","0x368db13f44eab518357124881a5c6dd802e694d2","0x1e0049783f008a0085193e00003d00cd54003c71","","0.006","0","8.1033","0.000299479999896","0.404462713859543","1877.16","Error(0)","out of gas","Transfer",""
"0x6bb27efaefdf0db2b7fde0c211d6fafa2ce7ef14226c7b70bed61bbad111ebd2","15366087","1660840517","2022-08-18 16:35:17","0x28c6c06298d514db089934071355e5743bf21d60","0x1e0049783f008a0085193e00003d00cd54003c71","","0.0257455","0","34.770585025","0.000465907200426094","0.629230969535461","1846.36","Error(0)","execution reverted","Transfer",""
"0xc39666a685e03a97c40aef3f43a6fa28abbba5aa7fbf9f9fd2f3c7c33df81782","15388136","1661141719","2022-08-22 04:15:19","0x397ed1fdad839619d8f2e3f0c8c64305566a87d2","0x1e0049783f008a0085193e00003d00cd54003c71","","0.002","0","2.7011","0.000150082679733","0.202694163113403","1624.65","Error(0)","out of gas","Transfer",""
"0xaa95e31f7610aa58531ab6f00bea5c09316a17338add3f445fecf9aa79e064b0","15388143","1661141892","2022-08-22 04:18:12","0x397ed1fdad839619d8f2e3f0c8c64305566a87d2","0x1e0049783f008a0085193e00003d00cd54003c71","","0.004","0","5.4022","0.000155672114703","0.210242974512137","1624.65","Error(0)","out of gas","Transfer",""
"0x05f5991dced2b21bf30b2b0b6d2b8ded9ca878cd90ab519084b6608669159bcd","15388147","1661141972","2022-08-22 04:19:32","0x397ed1fdad839619d8f2e3f0c8c64305566a87d2","0x1e0049783f008a0085193e00003d00cd54003c71","","0.003","0","4.05165","0.000171466403367","0.231573951067302","1624.65","Error(0)","out of gas","Transfer",""
"0x2c508f69149f5afb3ee6d3a9e1b1b6bc42dac9a2362c338cb93b765b0e461a71","15388156","1661142110","2022-08-22 04:21:50","0x397ed1fdad839619d8f2e3f0c8c64305566a87d2","0x1e0049783f008a0085193e00003d00cd54003c71","","0.003","0","4.05165","0.000182640557967","0.246665205562332","1624.65","Error(0)","out of gas","Transfer",""
"0x66fa722ce7ef7a5ee7fa8b7b5143dc9a56e7959e9ad9c708d3c7e0f717a4a287","15388163","1661142155","2022-08-22 04:22:35","0x397ed1fdad839619d8f2e3f0c8c64305566a87d2","0x1e0049783f008a0085193e00003d00cd54003c71","","0.003","0","4.05165","0.000131394879252","0.177455354173789","1624.65","Error(0)","out of gas","Transfer",""
"0x80789d731022336be0d19cb1d18fd5338f3f8837fca33346a8b62f2aecac5f89","15388169","1661142227","2022-08-22 04:23:47","0x397ed1fdad839619d8f2e3f0c8c64305566a87d2","0x1e0049783f008a0085193e00003d00cd54003c71","","0.003","0","4.05165","0.000131522018418","0.17762706197443","1624.65","Error(0)","out of gas","Transfer",""
"0xf484018de74e902e6f01c764bd325cf06c100901967f24b9e1311a2b698036e2","15388189","1661142507","2022-08-22 04:28:27","0x397ed1fdad839619d8f2e3f0c8c64305566a87d2","0x1e0049783f008a0085193e00003d00cd54003c71","","0.003","0","4.05165","0.000120678014208899","0.162981692089829","1624.65","Error(0)","execution reverted","Transfer",""
"0x9358f19143e7bb2c8c5a1835e3cfa0a5787960daef1dcb63cae930db0a11bd50","15399566","1661297883","2022-08-23 23:38:03","0x5d797c2d249a54be743cd33cf29c8d6e286c5e08","0x1e0049783f008a0085193e00003d00cd54003c71","","0.48","0","648.264","0.000146038806942","0.197232710715518","1664.76","Error(0)","out of gas","Transfer",""
"0xf719531dfe14ebfa1d3cbacc536543ae358ce826c95c8e10e8899d3e1a3f52c7","15399568","1661297954","2022-08-23 23:39:14","0x5d797c2d249a54be743cd33cf29c8d6e286c5e08","0x1e0049783f008a0085193e00003d00cd54003c71","","0.48","0","648.264","0.000153226949736","0.206940656965955","1664.76","Error(0)","out of gas","Transfer",""
"0xe76d14361fb0bf915cdbef828aed60dd8e1c4bdf70c83cd8d1ee2ee3b65cd2f4","15423211","1661625407","2022-08-27 18:36:47","0x82d100791489a98de809e5d53a4d13ec6ae3f47e","0x1e0049783f008a0085193e00003d00cd54003c71","","0.04","0","54.022","0.000281701235802","0.380451604012391","1491.26","Error(0)","out of gas","Transfer",""
"0x02c4587448c2abefb362a618ef6ed448d66a7e3819861e3a6741c9e854910822","15423216","1661625470","2022-08-27 18:37:50","0x82d100791489a98de809e5d53a4d13ec6ae3f47e","0x1e0049783f008a0085193e00003d00cd54003c71","","0.04","0","54.022","0.000275092398672","0.37152603902647","1491.26","Error(0)","out of gas","Transfer",""
"0xc1b72b65bdf34473bdd74b87f0aff88386caa2aa709aed47958e22a4db5c3171","15426981","1661678552","2022-08-28 09:22:32","0x5c5e31e896a053b626238e79c601ddd32f2abc01","0x1e0049783f008a0085193e00003d00cd54003c71","","0.000670645831936155","0","0.905740728321374","0.00010739312367","0.145039783172519","1426.40","Error(0)","out of gas","Transfer",""
"0x8cca0a490299dc4d1f15f51b291c9cac8c5686b93e7af17ae44774a5e5ef9a61","15426986","1661678665","2022-08-28 09:24:25","0x5c5e31e896a053b626238e79c601ddd32f2abc01","0x1e0049783f008a0085193e00003d00cd54003c71","","0.000670645831936155","0","0.905740728321374","0.00014115083766","0.190631263801713","1426.40","Error(0)","out of gas","Transfer",""
"0xc0fe1ea81abcf27f5af9286810429af90d4320767052819a68e80e0de3f0c227","15426993","1661678757","2022-08-28 09:25:57","0x5c5e31e896a053b626238e79c601ddd32f2abc01","0x1e0049783f008a0085193e00003d00cd54003c71","","0.000670915800067092","0","0.906105333780611","0.000130802151417","0.176654845596229","1426.40","Error(0)","out of gas","Transfer",""
"0xf5c00cad8aa95c23e9fa1d91e50d5d57f8c97e8b615851a2a0332a7ad1e16734","15427002","1661678827","2022-08-28 09:27:07","0x5c5e31e896a053b626238e79c601ddd32f2abc01","0x1e0049783f008a0085193e00003d00cd54003c71","","0.001341831600134183","0","1.81221066756122","0.000100760664312","0.136082315186572","1426.40","Error(0)","out of gas","Transfer",""
"0xd51e2b2b28cca73e769ef1be89b1987a45c99dd078778a294bd39201d6d2c66b","15441367","1661876388","2022-08-30 16:19:48","0x5a54009f4bddb5203bb895e0aed2847672810104","0x1e0049783f008a0085193e00003d00cd54003c71","","0.009835141434554632","0","13.2828502644378","0.000528686614940267","0.714017707807578","1524.62","Error(0)","execution reverted","Transfer",""
"0xdc105ed1aff86bf7e81ce6d19ae15901088f5b5e0f096c64ee0f9b04c86886ec","15449129","1661983580","2022-08-31 22:06:20","0x46310e0739914ed28792f91cd904b44adfd4087d","0x1e0049783f008a0085193e00003d00cd54003c71","","0.01","0","13.5055","0.000590861922315","0.797988569182523","1554.16","Error(0)","out of gas","Transfer",""
"0x21209da967ae3454ffc09ae4f849736ae118848a0748596874f6ebe7660302bd","15449416","1661987548","2022-08-31 23:12:28","0x75b63aae4d84c7cad8b3a302d4a4149e9403f040","0x1e0049783f008a0085193e00003d00cd54003c71","","0.0001","0","0.135055","0.000343047049338","0.463302192483436","1554.16","Error(0)","out of gas","Transfer",""
"0xd4f6704b0c6bcf804669a07524cc3a989447f28bdf8aa2ecec38f94940feafc3","15460793","1662144115","2022-09-02 18:41:55","0x872608a42e2f22725acb1f2dfd325b66a33cff27","0x1e0049783f008a0085193e00003d00cd54003c71","","0.007092078512629648","0","9.57820663523197","0.000330797854653","0.446759042601609","1574.02","Error(0)","out of gas","Transfer",""
"0xf992f396ee2f8766abb83f652657bc53b168dfd4bdaa3104bc5d5d4333bfd76e","15460831","1662144591","2022-09-02 18:49:51","0x872608a42e2f22725acb1f2dfd325b66a33cff27","0x1e0049783f008a0085193e00003d00cd54003c71","","0.006757308587398648","0","9.12608311271124","0.000216232818123","0.292033232516018","1574.02","Error(0)","out of gas","Transfer",""
"0xf9c43aa17bbe65f597e05911d55d11b11613a5a40e53f7c117598efcde7d371e","15460846","1662144905","2022-09-02 18:55:05","0x872608a42e2f22725acb1f2dfd325b66a33cff27","0x1e0049783f008a0085193e00003d00cd54003c71","","0.006554838190528648","0","8.85263671821846","0.00027338299548","0.369217404545514","1574.02","Error(0)","out of gas","Transfer",""
"0x4ed04754e6e3065a82d00335a5cea52e73bbf203a4e88065fd988aefd722ef3a","15465644","1662211701","2022-09-03 13:28:21","0x8c6164e0df42cc25424abf023d8f04f596b66952","0x1e0049783f008a0085193e00003d00cd54003c71","","0.002711131965964528","0","3.66151927663339","0.000119110594722","0.160864813701797","1557.54","Error(0)","out of gas","Transfer",""
"0x9587746dc782a47079a7e59ad2a27cbdbaa617abefb6998c1cc7cd8777920f4c","15465890","1662215377","2022-09-03 14:29:37","0xf70bf49c56415b18ae08e7185f71a98cac82d61d","0x1e0049783f008a0085193e00003d00cd54003c71","","0.0006","0","0.81033","0.000252816698883","0.341441592676436","1557.54","Error(0)","out of gas","Transfer",""
"0x77ac851ebde5890cc5f7568aa7a7f58e09d5127d88def0ce9fd6aa23cbda030d","15465902","1662215518","2022-09-03 14:31:58","0xf70bf49c56415b18ae08e7185f71a98cac82d61d","0x1e0049783f008a0085193e00003d00cd54003c71","","0.0007","0","0.945385","0.000246180874002","0.332479579383401","1557.54","Error(0)","out of gas","Transfer",""
"0x440a711a995a8f92f9fc46c3d189beb7b6a170bc3ca3791cd63cf5300e7f1027","15465919","1662215767","2022-09-03 14:36:07","0xf70bf49c56415b18ae08e7185f71a98cac82d61d","0x1e0049783f008a0085193e00003d00cd54003c71","","0.0007","0","0.945385","0.000197438175774","0.266650128291576","1557.54","Error(0)","out of gas","Transfer",""
"0x00521eeddebba0e8304f99837c91eee25829f5c734b7d416df0a808b306a4c38","15469034","1662258405","2022-09-04 02:26:45","0x055b6328faea08bfad770cf3e2d86b6a04c3b83c","0x1e0049783f008a0085193e00003d00cd54003c71","","0.01","0","13.5055","0.00029010915108","0.391806913991094","1579.06","Error(0)","out of gas","Transfer",""
"0xc9a3b49fc41f60d7e4ee056aec5da651987dec95f24723c9a33bcc8fdbd2fe04","15473202","1662316065","2022-09-04 18:27:45","0x0d57b61446de7e14739beead5c9d3b0a1ecf6feb","0x1e0049783f008a0085193e00003d00cd54003c71","","0.0005","0","0.675275","0.000116448850392","0.157269994896916","1579.06","Error(0)","out of gas","Transfer",""
"0x0f55e1cafc5d1f98b45bbabef670d967baafd11251a561a1c3f4189f09ef90f6","15473214","1662316274","2022-09-04 18:31:14","0x0d57b61446de7e14739beead5c9d3b0a1ecf6feb","0x1e0049783f008a0085193e00003d00cd54003c71","","0.0011","0","1.485605","0.000159335817732","0.215190988637953","1579.06","Error(0)","out of gas","Transfer",""
"0x3f6ba30e789859b935c9938a8f76e18632703526ff6dac37a4851ca9ad78fbcf","15475327","1662345710","2022-09-05 02:41:50","0x9928b2078df806138a61181546d39cfdf192af39","0x1e0049783f008a0085193e00003d00cd54003c71","","0.001","0","1.35055","0.000106945666212","0.144435469502617","1617.50","Error(0)","out of gas","Transfer",""
"0x0d15bd98fd3d9aa0cf3019560c412bb87c7932a746d4818a377cbb0f027ed0b2","15475332","1662345763","2022-09-05 02:42:43","0x9928b2078df806138a61181546d39cfdf192af39","0x1e0049783f008a0085193e00003d00cd54003c71","","0.0016","0","2.16088","0.000110442352272","0.14915791886095","1617.50","Error(0)","out of gas","Transfer",""
"0xbaea1a81bd12d826387c7ea9c1d308e89f705d06ee0799af5b92e1b2b6d23e7b","15480172","1662413648","2022-09-05 21:34:08","0x8c6164e0df42cc25424abf023d8f04f596b66952","0x1e0049783f008a0085193e00003d00cd54003c71","","0.003535332739347945","0","4.77464363112637","0.000282982289184","0.382181730657451","1617.50","Error(0)","out of gas","Transfer",""
"0xb75478e0ee1694541709f748e7f4999300bb2c4a35d244419a37fb1984c849a2","15483538","1662459989","2022-09-06 10:26:29","0x28c6c06298d514db089934071355e5743bf21d60","0x1e0049783f008a0085193e00003d00cd54003c71","","0.00884","0","11.938862","0.0001300374741393","0.175622110698832","1558.90","Error(0)","execution reverted","Transfer",""
"0xdac518dcdbbdb4305e2efe5af9beda2217c7c7048450a48c7ae7970b99661f1f","15492446","1662583251","2022-09-07 20:40:51","0x6691a1146a29d3b0e82a1ac33834b90f90587bea","0x1e0049783f008a0085193e00003d00cd54003c71","","0.0005","0","0.675275","0.000701105517672","0.94687805689192","1630.00","Error(0)","out of gas","Transfer",""
"0x6d59b0abf4677754972be84232944b341106b3b6f0dc62e0e51ef7d595aa471b","15497719","1662655700","2022-09-08 16:48:20","0xcad621da75a66c7a8f4ff86d30a2bf981bfc8fdd","0x1e0049783f008a0085193e00003d00cd54003c71","","0.11441735","0","154.5263520425","0.000566176839266073","0.764650130270795","1635.60","Error(0)","execution reverted","Transfer",""
"0x3c1a6e308ff68ca4fbd847769f5741e7a90f1468553d3ce0c74e48fc9d748b5c","15499086","1662674787","2022-09-08 22:06:27","0xb3d9edaf9f0b822ab94d6edc1bc1bec549f0fdff","0x1e0049783f008a0085193e00003d00cd54003c71","","0.001222314574878991","0","1.65079694910282","0.000580561624545","0.78407750202925","1635.60","Error(0)","out of gas","Transfer",""
"0xd557f0de20239c3f7adbf422a82bc65d814ed6b6f9a18ff9fc9353e2d6dcb115","15512755","1662869518","2022-09-11 04:11:58","0x054e0b9cb0d7ba55f7bb9c3f647dcca42cc51849","0x1e0049783f008a0085193e00003d00cd54003c71","","0.0005","0","0.675275","0.000127260201222","0.171871264760372","1767.02","Error(0)","out of gas","Transfer",""
"0x1803838ed06eccf258eeb66fa50e0edf14a902c2646b432032a3275ff6259c36","15512770","1662869715","2022-09-11 04:15:15","0x054e0b9cb0d7ba55f7bb9c3f647dcca42cc51849","0x1e0049783f008a0085193e00003d00cd54003c71","","0.0006","0","0.81033","0.000113849785728","0.15375982811495","1767.02","Error(0)","out of gas","Transfer",""
"0x895fb52e6b95186667b0cb287a0c96655ecae5bc0e727f53967382a162d3bd4d","15517337","1662935366","2022-09-11 22:29:26","0xbb5882e2bb2cd53ccddb50abc9ca77be58de35f5","0x1e0049783f008a0085193e00003d00cd54003c71","","0.3","0","405.165","0.000438098686158","0.591674180590687","1767.02","Error(0)","out of gas","Transfer",""
"0x0994d3902a25fd6a9dd188aa3d4ad795d4cbf3dce6301f7c6758aa87abf28843","15517344","1662935441","2022-09-11 22:30:41","0xbb5882e2bb2cd53ccddb50abc9ca77be58de35f5","0x1e0049783f008a0085193e00003d00cd54003c71","","0.35","0","472.6925","0.000323877730449","0.437413068857897","1767.02","Error(0)","out of gas","Transfer",""
"0xe64bf54ab88fd75e37c770b8b312210b19002f1cf8cc4d524fbe804a5f806f59","15517962","1662943542","2022-09-12 00:45:42","0x759a00eaa7d37f7af529211701e19fde61f364c0","0x1e0049783f008a0085193e00003d00cd54003c71","","0.05","0","67.5275","0.000098651748909","0.13323411948905","1716.53","Error(0)","out of gas","Transfer",""
"0x871d3d94c195843afc1090c63a1b98430d6d2d54fd5bf6989f88f2dfd3e5d7cf","15525251","1663047860","2022-09-13 05:44:20","0xdf1553a2130cbafa70a35e68efc6ccf67f0a278c","0x1e0049783f008a0085193e00003d00cd54003c71","","0.01190581","0","16.0793916955","0.000183219688140398","0.247447349818015","1574.56","Error(0)","execution reverted","Transfer",""
"0xc00ed946ce4f6462a8b21afe1c9286dd49f3b7f547aec6199af110e4dc215aea","15536631","1663212760","2022-09-15 03:32:40","0x3b3e5f63530bdc57a41df7ff5c1d5d596935d9b4","0x1e0049783f008a0085193e00003d00cd54003c71","","0.002","0","2.7011","0.000219829356411","0.296890537300876","1472.51","Error(0)","out of gas","Transfer",""
"0x844960bdc8a2436637686c463261a81541533f280dc2684eb993be5d177ae853","15536638","1663212888","2022-09-15 03:34:48","0x3b3e5f63530bdc57a41df7ff5c1d5d596935d9b4","0x1e0049783f008a0085193e00003d00cd54003c71","","0.003","0","4.05165","0.000282229940433","0.381165646051788","1472.51","Error(0)","out of gas","Transfer",""
"0x78fd2c5ec638201679b6e6a672369224edec76e868f7dbb869f795e6a24d73a5","15536643","1663212959","2022-09-15 03:35:59","0x3b3e5f63530bdc57a41df7ff5c1d5d596935d9b4","0x1e0049783f008a0085193e00003d00cd54003c71","","0.002","0","2.7011","0.000302312359293","0.408287956843161","1472.51","Error(0)","out of gas","Transfer",""
"0x9b429cbdb6fd9f7fec666b55e3058b9c5626ae3d9c7acd1e85561a1c8551ddfd","15549980","1663377443","2022-09-17 01:17:23","0x107058388a6cfa7d4da37de87533484ea2fdb0e6","0x1e0049783f008a0085193e00003d00cd54003c71","","0.01","0","13.5055","0.00010938344613","0.147727813170871","1469.05","Error(0)","out of gas","Transfer",""
"0xf4829f26125aa3dd7c1e40f67c836d50b4215eb85775d8d8706c815b9fd8fd3f","15550004","1663377731","2022-09-17 01:22:11","0x107058388a6cfa7d4da37de87533484ea2fdb0e6","0x1e0049783f008a0085193e00003d00cd54003c71","","0.01","0","13.5055","0.000130259944584","0.175922568157921","1469.05","Error(0)","out of gas","Transfer",""
"0x2d1c77c27e63912ab6c405af57e2779425085e29f8fdd3378a9dd048e6e65c5b","15553103","1663415291","2022-09-17 11:48:11","0x8f36d829a3bfd9c97ce1ea175ca81ec20e151918","0x1e0049783f008a0085193e00003d00cd54003c71","","0.000147330238774285","0","0.198976853976611","0.000104995779945","0.14180205060472","1469.05","Error(0)","out of gas","Transfer",""
"0xa0ba3c314e1d5e34fd75436be79b2d6db724fd8aea77e48b2b5c76a166a3c706","15559372","1663491263","2022-09-18 08:54:23","0x21a31ee1afc51d94c2efccaa2092ad1028285549","0x1e0049783f008a0085193e00003d00cd54003c71","","0.01574","0","21.257657","0.00011171539924251","0.150877232446972","1334.30","Error(0)","execution reverted","Transfer",""
"0x43efc9828cb9bba5204cecc5dd64a7ce864eff244402266ead0205c4b6d6cba3","15561230","1663513763","2022-09-18 15:09:23","0x884f23b86e1bd572b47a75852e16044cd2aa8264","0x1e0049783f008a0085193e00003d00cd54003c71","","0.01","0","13.5055","0.000222295168515","0.300220739837933","1334.30","Error(0)","out of gas","Transfer",""
"0x60ebbae1438b6b10522a9943f679d5619e7e0ddcb98319f192f4fb4bf028522f","15561237","1663513847","2022-09-18 15:10:47","0x884f23b86e1bd572b47a75852e16044cd2aa8264","0x1e0049783f008a0085193e00003d00cd54003c71","","0.01","0","13.5055","0.000207205881792","0.279841903654186","1334.30","Error(0)","out of gas","Transfer",""
"0x87307fb09a8197bdbb404e785caf1e9d136933f31d0b0c9556e5a128af60dd24","15564887","1663558103","2022-09-19 03:28:23","0x6c28795c0ed559051d66d197b4fb9aecf606c8d7","0x1e0049783f008a0085193e00003d00cd54003c71","","0.003","0","4.05165","0.00017410161447","0.235132935422458","1376.21","Error(0)","out of gas","Transfer",""
"0x329de75c837786866db952b2da5018163e47753914780a41928782502c44c0b2","15564892","1663558163","2022-09-19 03:29:23","0x6c28795c0ed559051d66d197b4fb9aecf606c8d7","0x1e0049783f008a0085193e00003d00cd54003c71","","0.003","0","4.05165","0.000159219888177","0.215034419977447","1376.21","Error(0)","out of gas","Transfer",""
"0xdc16f0f3dfb048e6bf2ae69f6937903065e3a3ab9c2c99c80a0e9ac2c3ac5791","15568052","1663596455","2022-09-19 14:07:35","0x6cfc64d4d28642356280b03d5dff191b322fa488","0x1e0049783f008a0085193e00003d00cd54003c71","","0.001","0","1.35055","0.000316090947354","0.426896628948945","1376.21","Error(0)","out of gas","Transfer",""
"0x638661e9a41d74984584c3a9563f802587df68fef1bea39b12e0a6150fc54b47","15568623","1663603379","2022-09-19 16:02:59","0x107058388a6cfa7d4da37de87533484ea2fdb0e6","0x1e0049783f008a0085193e00003d00cd54003c71","","0.01","0","13.5055","0.000251454489111","0.339601860268861","1376.21","Error(0)","out of gas","Transfer",""
"0xfce47d9aa790ae9c126f89a06255fdb51c738db6a5293c2bb106941d6e2ed36c","15571066","1663633031","2022-09-20 00:17:11","0x107058388a6cfa7d4da37de87533484ea2fdb0e6","0x1e0049783f008a0085193e00003d00cd54003c71","","0.01","0","13.5055","0.000144308108721","0.194895316233147","1323.07","Error(0)","out of gas","Transfer",""
"0x9f781ceb2c2fc7dff14057a81a8334087f9b7e7ce316a923a757f36dfdb277a3","15576386","1663697447","2022-09-20 18:10:47","0x1a5141a0bbdfc594e854189918602a3a513212e4","0x1e0049783f008a0085193e00003d00cd54003c71","","0.003","0","4.05165","0.00036845083779","0.497611278977285","1323.07","Error(0)","out of gas","Transfer",""
"0x54a8ae68f22da4f27411266a37e26be217f17114b7e3b789fe0cbe73c7df8425","15577312","1663708631","2022-09-20 21:17:11","0x971220cfcda84c04d55aef6f87cf1d0a840a4d82","0x1e0049783f008a0085193e00003d00cd54003c71","","0.015","0","20.25825","0.000284590362357","0.384353513881246","1323.07","Error(0)","out of gas","Transfer",""
"0x4be8a097357c37c0fe6b0d31bcef42386218b4ef633b7ccceae500867cb0e72d","15587707","1663835531","2022-09-22 08:32:11","0xf6817bb8a1492bcac7ddd87ea1b2babde9321b1d","0x1e0049783f008a0085193e00003d00cd54003c71","","0.011404763937887484","0","15.4027039363139","0.000147352016868","0.199006266381077","1326.15","Error(0)","out of gas","Transfer",""
"0xc07633299ada3db29ca2cf994409e747ee11fb6e8ef835a7d4c548e3ffd6aa5b","15606141","1664057771","2022-09-24 22:16:11","0x83584f7686b1aa22dc38ead1e10ff4247ea7f85d","0x1e0049783f008a0085193e00003d00cd54003c71","","0.000168365862491465","0","0.227386515587848","0.000105971697006","0.143120075391453","1317.11","Error(0)","out of gas","Transfer",""
"0x7c837909de1a1943a40e2929305d836c5dc5018f1f4d018c47178e4c387c638b","15615154","1664166419","2022-09-26 04:26:59","0xc23330321d5866f6f1b3ced9eced796fd6372ec7","0x1e0049783f008a0085193e00003d00cd54003c71","","0.005","0","6.75275","0.000115233220074","0.155628225370941","1336.65","Error(0)","out of gas","Transfer",""
"0x24ba88d8991135a2a141c43859c603e28f732fef1eff29d389d4487551a1fb10","15625771","1664294747","2022-09-27 16:05:47","0x46340b20830761efd32832a74d7169b29feb9758","0x1e0049783f008a0085193e00003d00cd54003c71","","0.01602","0","21.635811","0.001255827096534906","1.69605728522522","1328.11","Error(0)","execution reverted","Transfer",""
"0x1faeb586af239ff6db113037fb853fcf411466dcee3521d8b42cff9d4755d9fe","15627994","1664321723","2022-09-27 23:35:23","0x21a31ee1afc51d94c2efccaa2092ad1028285549","0x1e0049783f008a0085193e00003d00cd54003c71","","0.03404","0","45.972722","0.000193470928022743","0.261292161841116","1328.11","Error(0)","execution reverted","Transfer",""
"0x9a71a8f383548864d910035c7fe32588faf5041296b2618e81d4b716854b3527","15634164","1664396171","2022-09-28 20:16:11","0x4976a4a02f38326660d17bf34b431dc6e2eb2327","0x1e0049783f008a0085193e00003d00cd54003c71","","0.00894","0","12.073917","0.00045428865873874","0.613539548059605","1337.15","Error(0)","execution reverted","Transfer",""
"0x097e491cd74236c8a90effee84fca6267ae5c46a4e1c953768e71a1ca4821ba0","15640251","1664469623","2022-09-29 16:40:23","0x1a9ffb7b6b6696238869cdb3dc931489062cade4","0x1e0049783f008a0085193e00003d00cd54003c71","","0.004","0","5.4022","0.00059233133001","0.799973077745005","1335.90","Error(0)","out of gas","Transfer",""
"0x417bc6ccd6cc9d16408936b0d23716521adc233ce6bdb2ec8f07c82c7756ec7c","15644239","1664517803","2022-09-30 06:03:23","0xa4882f5e5c40c0c75e2d6d82fa8cf657c04ea5dc","0x1e0049783f008a0085193e00003d00cd54003c71","","0.0008","0","1.08044","0.000217825817853","0.294184658301369","1328.70","Error(0)","out of gas","Transfer",""
"0xd371b5daec1c10735bbb5f9f79544f3135d40412b8c59faaee086aa68a381508","15654003","1664635631","2022-10-01 14:47:11","0xbe1bf41eff212b06fa54a44efe9f6342cb046a82","0x1e0049783f008a0085193e00003d00cd54003c71","","0.042090292907286371","0","56.8450450859356","0.000219286914294","0.296157942099762","1311.80","Error(0)","out of gas","Transfer",""
"0xa3746e07e4d13113f547079bdbb98f6f24c57738cb154a94fb5bb9c0ff7ca3f3","15655032","1664648183","2022-10-01 18:16:23","0xf51864cc940523d5e764ec7babaee87ff40daa31","0x1e0049783f008a0085193e00003d00cd54003c71","","0.19","0","256.6045","0.000151498916058","0.204606861082132","1311.80","Error(0)","out of gas","Transfer",""
"0x163c836e81c79c9d0133a23fc43a8cdb421d7847318a04f51ba05cad70698c50","15668605","1664811923","2022-10-03 15:45:23","0xbe1bf41eff212b06fa54a44efe9f6342cb046a82","0x1e0049783f008a0085193e00003d00cd54003c71","","0.157073940578555342","0","212.136210448368","0.000533353713228","0.720320857400075","1323.32","Error(0)","out of gas","Transfer",""
"0xd5924e8a6768c2725b2a21d6619d915e05ef4ee0bccf214dfe9cbb822200033c","15668612","1664812007","2022-10-03 15:46:47","0xbe1bf41eff212b06fa54a44efe9f6342cb046a82","0x1e0049783f008a0085193e00003d00cd54003c71","","0.15649","0","211.3475695","0.000570708601008","0.770770501091354","1323.32","Error(0)","out of gas","Transfer",""
"0x38fd478087ff902862aaed1b28a00ba46a53924d57297afddc637c748f4194fe","15668616","1664812055","2022-10-03 15:47:35","0xbe1bf41eff212b06fa54a44efe9f6342cb046a82","0x1e0049783f008a0085193e00003d00cd54003c71","","0.152","0","205.2836","0.00061675412337","0.832957281317354","1323.32","Error(0)","out of gas","Transfer",""
"0xd58694e4393e971369a11e3c9c704b8ad25140f997e38c39dc2be29460e19816","15669833","1664826791","2022-10-03 19:53:11","0x4cb2a11ead5a97d9632774239a8084f6ff80204c","0x1e0049783f008a0085193e00003d00cd54003c71","","0.005","0","6.75275","0.000313930721727","0.4239791362284","1323.32","Error(0)","out of gas","Transfer",""
"0x6a17f4f1fd6025bf464081e63b7790edaf46b319470879e947deafd7510dbc7b","15676596","1664908559","2022-10-04 18:35:59","0x4976a4a02f38326660d17bf34b431dc6e2eb2327","0x1e0049783f008a0085193e00003d00cd54003c71","","0.009032","0","12.1981676","0.000282074316838055","0.380955468605635","1361.90","Error(0)","execution reverted","Transfer",""
