"Txhash","Blockno","UnixTimestamp","DateTime","From","To","ContractAddress","Value_IN(ETH)","Value_OUT(ETH)","CurrentValue @ $1347.53/Eth","TxnFee(ETH)","TxnFee(USD)","Historical $Price/Eth","Status","ErrCode","Method"
"0xa673edb043118914ef38b3ec8c1222b29f1ba4b441d2155ed781055e420c19c9","14979487","1655473548","2022-06-17 13:45:48","0x5b3256965e7c3cf26e11fcaf296dfc8807c01073","0x34ba0f2379bf9b81d09f7259892e26a8b0885095","","1","0","1347.53","0.000580622577465","0.782406341811411","1085.21","","","Transfer",""
"0x05eb2755fdfe35bdaa68e44922e9fa9c1760f697c6942cff4222053c9a1f4398","14979609","1655475212","2022-06-17 14:13:32","0x5b3256965e7c3cf26e11fcaf296dfc8807c01073","0x34ba0f2379bf9b81d09f7259892e26a8b0885095","","6000","0","8085180","0.000626929913547","0.844806866401989","1085.21","","","Transfer",""
"0xdee36cd2cbc953df5fab73cf1939a5e2b7c357f0e5b98f12e3f151dc609dfcea","15020758","1656113097","2022-06-24 23:24:57","0x8de9c5a032463c561423387a9648c5c7bcc5bc90","0x34ba0f2379bf9b81d09f7259892e26a8b0885095","","2600","0","3503578","0.000568532169891","0.766114154893219","1224.12","","","Transfer",""
"0xf3bb9efe35c0344a299a636592b4ea793e28164dcb61f08a843e552295629e61","15029936","1656262276","2022-06-26 16:51:16","0x5b3256965e7c3cf26e11fcaf296dfc8807c01073","0x34ba0f2379bf9b81d09f7259892e26a8b0885095","","2200","0","2964566","0.003359297548236","4.52675422517446","1198.25","","","Transfer",""
"0x07fc59a1bd677c8cae0c6c655e2e42f61789a5c0b5634fe369174567cbe3f223","15085304","1657061286","2022-07-05 22:48:06","0x8de9c5a032463c561423387a9648c5c7bcc5bc90","0x34ba0f2379bf9b81d09f7259892e26a8b0885095","","3500","0","4716355","0.000952045775688","1.28291024411285","1131.96","","","Transfer",""
"0xb5ff24d48c7d6d0a7de20ddd30f281d760951378d8aa6eae279bef13be9ada3c","15103377","1657302663","2022-07-08 17:51:03","0x5b3256965e7c3cf26e11fcaf296dfc8807c01073","0x34ba0f2379bf9b81d09f7259892e26a8b0885095","","1100","0","1482283","0.00054202108863","0.730389677561584","1214.00","","","Transfer",""
"0x7b811b025bf5e9e74852bb6c1de5fbbe1aa8ea6c3f15fbf0ce0b0616452643ae","15103382","1657302725","2022-07-08 17:52:05","0x8de9c5a032463c561423387a9648c5c7bcc5bc90","0x34ba0f2379bf9b81d09f7259892e26a8b0885095","","800","0","1078024","0.000486272957961","0.655267399041186","1214.00","","","Transfer",""
"0x79ef90b18d240f76629bdec2eab082cfda4de24a50a6686e9bcd01556d6bce89","15135339","1657729949","2022-07-13 16:32:29","0x8de9c5a032463c561423387a9648c5c7bcc5bc90","0x34ba0f2379bf9b81d09f7259892e26a8b0885095","","1500","0","2021295","0.000559737772356","0.754263440382881","1114.57","","","Transfer",""
"0x93abbb0095a774cbdc103f7414d9d42b0d44665b90e382d2fc2f1bbd93e19282","15135352","1657730070","2022-07-13 16:34:30","0x5b3256965e7c3cf26e11fcaf296dfc8807c01073","0x34ba0f2379bf9b81d09f7259892e26a8b0885095","","1500","0","2021295","0.000517427835036","0.697249530546061","1114.57","","","Transfer",""
"0xd63158ab3ad6f934eb29dd6f7191de5aeb1e6a2c4582bda60a9448a771da422b","15167586","1658159779","2022-07-18 15:56:19","0x34ba0f2379bf9b81d09f7259892e26a8b0885095","0x2c7777690ade0ce9e1d7ef14ff16419d1ef165f4","","0","6000","8085180","0.002332809148866","3.1435303123714","1583.55","","","Transfer",""
"0x7d181653a12ff6e08551b2804c18873278f471bd0ab464fbe0afb2f0b0de9102","15167586","1658159779","2022-07-18 15:56:19","0x34ba0f2379bf9b81d09f7259892e26a8b0885095","0xfbe7ff0011a812d52690687508a210c8b3f9e67f","","0","13200.995334381702268","17788737.2429394","0.002332809148866","3.1435303123714","1583.55","","","Transfer",""
