"Txhash","Blockno","UnixTimestamp","DateTime","From","To","ContractAddress","Value_IN(ETH)","Value_OUT(ETH)","CurrentValue @ $1347.85/Eth","TxnFee(ETH)","TxnFee(USD)","Historical $Price/Eth","Status","ErrCode","Method"
"0x7bbcc930cbcb7df634896b77e86c5add51a17f8f1801be77057fb2d5ee2c4b12","15009822","1655936244","2022-06-22 22:17:24","0xcbd0783fc3002e18c8ed6b34fa194d0c98923b05","0x8de9c5a032463c561423387a9648c5c7bcc5bc90","","0.000152876046475969","0","0.206053979242635","0.000472141158594","0.636375460610923","1048.30","","","Transfer",""
"0x3c06c75d1f4b9dd0d2e2093be9ef9a93d0e7637f59b5b6def86c5238fabb379e","15020750","1656112981","2022-06-24 23:23:01","0x8de9c5a032463c561423387a9648c5c7bcc5bc90","0xc02aaa39b223fe8d0a0e5c4f27ead9083c756cc2","","0","0","0","0.000991311575322416","1.33613930679832","1224.12","","","Withdraw",""
"0xdee36cd2cbc953df5fab73cf1939a5e2b7c357f0e5b98f12e3f151dc609dfcea","15020758","1656113097","2022-06-24 23:24:57","0x8de9c5a032463c561423387a9648c5c7bcc5bc90","0x34ba0f2379bf9b81d09f7259892e26a8b0885095","","0","2600","3504410","0.000568532169891","0.766296085187584","1224.12","","","Transfer",""
"0xf5df6650060e15b0e033eadc398dc06626088871e5a22b23a2ca163ed0e2a6d4","15085157","1657059257","2022-07-05 22:14:17","0x8de9c5a032463c561423387a9648c5c7bcc5bc90","0xc02aaa39b223fe8d0a0e5c4f27ead9083c756cc2","","0","0","0","0.001665734645989728","2.24516044259725","1131.96","","","Withdraw",""
"0x07fc59a1bd677c8cae0c6c655e2e42f61789a5c0b5634fe369174567cbe3f223","15085304","1657061286","2022-07-05 22:48:06","0x8de9c5a032463c561423387a9648c5c7bcc5bc90","0x34ba0f2379bf9b81d09f7259892e26a8b0885095","","0","3500","4717475","0.000952045775688","1.28321489876107","1131.96","","","Transfer",""
"0x7b811b025bf5e9e74852bb6c1de5fbbe1aa8ea6c3f15fbf0ce0b0616452643ae","15103382","1657302725","2022-07-08 17:52:05","0x8de9c5a032463c561423387a9648c5c7bcc5bc90","0x34ba0f2379bf9b81d09f7259892e26a8b0885095","","0","800","1078280","0.000486272957961","0.655423006387734","1214.00","","","Transfer",""
"0x79ef90b18d240f76629bdec2eab082cfda4de24a50a6686e9bcd01556d6bce89","15135339","1657729949","2022-07-13 16:32:29","0x8de9c5a032463c561423387a9648c5c7bcc5bc90","0x34ba0f2379bf9b81d09f7259892e26a8b0885095","","0","1500","2021775","0.000559737772356","0.754442556470035","1114.57","","","Transfer",""
"0x3ce10389efd1d3f27cbb12b5f92a11d5f81ae1b93f4c6450325c8c336857f111","15174871","1658257771","2022-07-19 19:09:31","0x8de9c5a032463c561423387a9648c5c7bcc5bc90","0xdb444ef07c5e516a55d33017de77ec0394df574d","","0","1600","2156560","0.000464300757753","0.625807776337381","1543.12","","","Transfer",""
"0xfbb8cc23733a90c3c1817cfe89ede9b7cee16115af564f72886f85b74ea06088","15194455","1658519794","2022-07-22 19:56:34","0x8de9c5a032463c561423387a9648c5c7bcc5bc90","0xc02aaa39b223fe8d0a0e5c4f27ead9083c756cc2","","0","0","0","0.000470930146395228","0.634743197818808","1535.71","","","Withdraw",""
"0x1efc458e1e5a4387d45fc9ac30957a5965603e044e2842dc62010d76f0b71e2d","15194464","1658519968","2022-07-22 19:59:28","0x8de9c5a032463c561423387a9648c5c7bcc5bc90","0x71830b24fcee6503ef9bf98f4241ed48d48179ba","","0","1900","2560915","0.000396393942987","0.534279576055028","1535.71","","","Transfer",""
"0x8efcd3fc62b1e46eae56ef3ecaffa7203acaf7a2bc42f6bbcef7384f0b110c9b","15238000","1659106330","2022-07-29 14:52:10","0x8de9c5a032463c561423387a9648c5c7bcc5bc90","0xc02aaa39b223fe8d0a0e5c4f27ead9083c756cc2","","0","0","0","0.001227624980202752","1.65465432956628","1722.28","","","Withdraw",""
"0x46abfc8980429af921cb3fb7b3b337a2c0431e7cb9875883f4f020f8a5c2fc8e","15238007","1659106433","2022-07-29 14:53:53","0x8de9c5a032463c561423387a9648c5c7bcc5bc90","0xcc43c9ada920f3a739c797b31b3e23b750075c36","","0","1758","2369520.3","0.000635085155922","0.855999527409468","1722.28","","","Transfer",""
"0x115a3f23e6817ca5c0be5550d346124537796d2eea2e33510e935d3e9c8167ca","15285467","1659744238","2022-08-06 00:03:58","0x8de9c5a032463c561423387a9648c5c7bcc5bc90","0xc02aaa39b223fe8d0a0e5c4f27ead9083c756cc2","","0","0","0","0.000301582291861056","0.406487692084924","1690.67","","","Withdraw",""
"0x6a788eede697f283eb0c4a9181a2d0aabff9676f161c15264e64e670770b9da5","15285488","1659744524","2022-08-06 00:08:44","0x8de9c5a032463c561423387a9648c5c7bcc5bc90","0x1685c1e464d842a4156d9f5c6e61ab6976fdebfe","","0","1650","2223952.5","0.000217372035867","0.292984898543336","1690.67","","","Transfer",""
"0x8367c98c321e54f9ceed532eae857491d44231b9ee4f1ad7d8db2575807f0b3d","15304396","1659999296","2022-08-08 22:54:56","0x8de9c5a032463c561423387a9648c5c7bcc5bc90","0x1685c1e464d842a4156d9f5c6e61ab6976fdebfe","","0","586","789840.1","0.000389013905133","0.524332392033514","1777.99","","","Transfer",""
"0x8240bb5f45f4dc66f832815ccd8876e6e8bbbc47ef880f8cd96e6192635ab692","15321471","1660231303","2022-08-11 15:21:43","0x8de9c5a032463c561423387a9648c5c7bcc5bc90","0x250d0674a64b9906cc99cff58819c336ae6c1836","","0","13.2","17791.62","0.000638812008009","0.861022764994931","1881.06","","","Transfer",""
"0x6ee5e5e45d296a332f2f1623cd16c56debf881452ed781120ba3466c18df3ece","15321472","1660231325","2022-08-11 15:22:05","0x8de9c5a032463c561423387a9648c5c7bcc5bc90","0x2129b6a51fee19c9127ab1a7824351f26e920bde","","0","1","1347.85","0.000665564759874","0.897081461596171","1881.06","","","Transfer",""
"0x0a901314330bab1c2897c1408f0f619c64470ee9da182f8a4995090300d562c1","15321475","1660231364","2022-08-11 15:22:44","0x8de9c5a032463c561423387a9648c5c7bcc5bc90","0x00001b0f00001500548ba363056cd1007bddaa6e","","0","0.2","269.57","0.000666491805693","0.89833098030331","1881.06","Error(0)","out of gas","Transfer",""
"0xcf9a38ce1812732e0f922082bdd6a2485cfce6267a85ee3b178a4fe9293b9814","15321475","1660231364","2022-08-11 15:22:44","0x8de9c5a032463c561423387a9648c5c7bcc5bc90","0xc02aaa39b223fe8d0a0e5c4f27ead9083c756cc2","","0","0","0","0.001152891020442128","1.55392416190292","1881.06","","","Withdraw",""
"0x4df94c05bbfb5a7b2c31f0ceeea9362df6cb80469a9c46b2402f56c0fb5ac1d4","15321487","1660231457","2022-08-11 15:24:17","0x8de9c5a032463c561423387a9648c5c7bcc5bc90","0x1685c1e464d842a4156d9f5c6e61ab6976fdebfe","","0","900","1213065","0.00047641567407","0.642136866295249","1881.06","","","Transfer",""
"0x8b26164cf31323eba77b0ea9f57849b19480d7e0f506cbbea156a33e045a642f","15327637","1660316404","2022-08-12 15:00:04","0x8de9c5a032463c561423387a9648c5c7bcc5bc90","0x559557d9d1986461fda0a1fa7a5afdb78ad0003e","","0","0.5","673.925","0.000826286958798","1.11371087741588","1959.26","","","Transfer",""
"0x898c49f48888d38c9329d6e7c80a29878c5ee35ea4c802fdc6232fd4dc9fca3a","15348385","1660599128","2022-08-15 21:32:08","0x8de9c5a032463c561423387a9648c5c7bcc5bc90","0xc02aaa39b223fe8d0a0e5c4f27ead9083c756cc2","","0","0","0","0.000644757617159104","0.869036554287898","1899.64","","","Withdraw",""
"0x2c580908bc7622a9abd91b32e7c740594779c2ecfbac008f2ccdbfd0784f356b","15348393","1660599213","2022-08-15 21:33:33","0x8de9c5a032463c561423387a9648c5c7bcc5bc90","0x1685c1e464d842a4156d9f5c6e61ab6976fdebfe","","0","900","1213065","0.000323269872198","0.435719297242074","1899.64","","","Transfer",""
"0x5ee65f404fad8f70821857dd939c0b915a1ead6041b63605dded0207fa5d92e2","15371919","1660920712","2022-08-19 14:51:52","0x8de9c5a032463c561423387a9648c5c7bcc5bc90","0xc02aaa39b223fe8d0a0e5c4f27ead9083c756cc2","","0","0","0","0.000458756887442912","0.618335470739929","1609.05","","","Withdraw",""
"0xf1fa7ced81b855a10c7ecbadd11da16656aa60071e4c48d201edb0b79866e22a","15371933","1660920939","2022-08-19 14:55:39","0x8de9c5a032463c561423387a9648c5c7bcc5bc90","0x1685c1e464d842a4156d9f5c6e61ab6976fdebfe","","0","532","717056.2","0.000524564173812","0.707033821672504","1609.05","","","Transfer",""
"0x8dd1818445443796759d657a98fb0ec2b2ca970f6e700fd8ca7f9a4be7beeeb3","15404108","1661360613","2022-08-24 17:03:33","0x8de9c5a032463c561423387a9648c5c7bcc5bc90","0x1108f964b384f1dcda03658b24310ccbc48e226f","","0","1.4","1886.99","0.000651375031692","0.877955836466062","1656.52","","","Transfer",""
"0x2b2d1974fd099533d9b3ecabf2ddadc1e83210f366d7ed9226456b70ed781e58","15404108","1661360613","2022-08-24 17:03:33","0x8de9c5a032463c561423387a9648c5c7bcc5bc90","0x2cf8b8ffb75e251f654cab30d144b49d703d7c11","","0","1.5","2021.775","0.000660615031692","0.890409970466062","1656.52","","","Transfer",""
"0xfe15ee0cf7a19e88de54c10210808b630eee496e03858ce2b02d92070e809828","15404109","1661360634","2022-08-24 17:03:54","0x8de9c5a032463c561423387a9648c5c7bcc5bc90","0x0bde34d7a38c7414db64dafba0fe492f60083188","","0","0.4","539.14","0.000633172791447","0.853421946951839","1656.52","","","Transfer",""
"0xabf7901a5d9cac301534af2d50b2fcfeb5585161a9039901f66a9c772249465e","15404110","1661360636","2022-08-24 17:03:56","0x8de9c5a032463c561423387a9648c5c7bcc5bc90","0x6083b3f26dc6d5a506f71958f9cfc363711481b4","","0","1.5","2021.775","0.000665773175193","0.897362374183885","1656.52","","","Transfer",""
"0x95777557a6f92ee976bf4651e93f9c312259f68b79dd43dc09a08965e4abaad4","15404226","1661362169","2022-08-24 17:29:29","0x8de9c5a032463c561423387a9648c5c7bcc5bc90","0xc02aaa39b223fe8d0a0e5c4f27ead9083c756cc2","","0","0","0","0.00054953712620968","0.740693615561717","1656.52","","","Withdraw",""
"0xda0ab1fd9d201c4ae32ec8f79524122b3856c2b84ac64d2a683c8dbeac61d22f","15404232","1661362217","2022-08-24 17:30:17","0x8de9c5a032463c561423387a9648c5c7bcc5bc90","0x1685c1e464d842a4156d9f5c6e61ab6976fdebfe","","0","80","107828","0.000294697974039","0.397208664308466","1656.52","","","Transfer",""
"0x690fff35b92e7445976af84456dc6f15df64014e18289c3b436bd293531624b3","15409994","1661442917","2022-08-25 15:55:17","0x8de9c5a032463c561423387a9648c5c7bcc5bc90","0x250d0674a64b9906cc99cff58819c336ae6c1836","","0","13.9","18735.115","0.000687967784784","0.927277378721114","1695.85","","","Transfer",""
"0x0507e51f2e9fa2b2bb8901639697ac51d556e53181e958fc305445e37aebff23","15409997","1661442942","2022-08-25 15:55:42","0x8de9c5a032463c561423387a9648c5c7bcc5bc90","0x1108f964b384f1dcda03658b24310ccbc48e226f","","0","13.4","18061.19","0.000562589056554","0.758285659876309","1695.85","","","Transfer",""
"0xac7745172fad246d80eafe5e8f25e9dc8762918109139e5240e4f3c409c9b670","15417310","1661543982","2022-08-26 19:59:42","0x8de9c5a032463c561423387a9648c5c7bcc5bc90","0x2cb86d919332d0369c66a2d5982419266f5e490f","","0","3","4043.55","0.000381219050394","0.513826097073553","1508.09","","","Transfer",""
"0x0f4a89cc4779e142af46d260807d74f78b48a8f945e56a04a781fc58831e77c9","15454792","1662062126","2022-09-01 19:55:26","0x8de9c5a032463c561423387a9648c5c7bcc5bc90","0x250d0674a64b9906cc99cff58819c336ae6c1836","","0","6.5","8761.025","0.000471830010246","0.635956079310071","1585.98","","","Transfer",""
"0xd85f3599821af83850a491fb9dfbd476886a3a048801167d97ba8384c23d75dd","15454792","1662062126","2022-09-01 19:55:26","0x8de9c5a032463c561423387a9648c5c7bcc5bc90","0xa0b86991c6218b36c1d19d4a2e9eb0ce3606eb48","","0","0","0","0.001474199164870038","1.98699934437008","1585.98","","","Transfer",""
"0xe1795f0a23e42b4aaf8e21e5805069b7ce246f3cce11ed72231a4a0ff0dd81b3","15454802","1662062216","2022-09-01 19:56:56","0x8de9c5a032463c561423387a9648c5c7bcc5bc90","0x1685c1e464d842a4156d9f5c6e61ab6976fdebfe","","0","70","94349.5","0.000422737851816","0.569787213570196","1585.98","","","Transfer",""
"0x7703b856a02116ffd08c74b89f268bbd3255b9e47405f28d39de93e1b5e0d740","15522727","1663012280","2022-09-12 19:51:20","0x8de9c5a032463c561423387a9648c5c7bcc5bc90","0xc02aaa39b223fe8d0a0e5c4f27ead9083c756cc2","","0","0","0","0.000753149767719152","1.01513291442026","1716.53","","","Withdraw",""
"0x80292a41afdf5a3f01f538db99aac5f3865c94e7bb030754de4696f6420e3085","15522732","1663012331","2022-09-12 19:52:11","0x8de9c5a032463c561423387a9648c5c7bcc5bc90","0x1685c1e464d842a4156d9f5c6e61ab6976fdebfe","","0","56.994","76819.3629","0.000407009694462","0.548588016680607","1716.53","","","Transfer",""
