Date(UTC),Month,Year,UnixTimeStamp,Transaction Fee (gWei?),BSC Token Transaction Fee,Price,Transaction Fee in USD,,,,
8/29/20,August,2020,1598659200,1.19289E+17,0.11928915,22.96,2.738878884,,,,
8/30/20,August,2020,1598745600,1.80821E+17,0.18082136,23.65,4.276425164,,,,
8/31/20,August,2020,1598832000,6.54711E+17,0.654710832,23.17,15.16964998,,,,
9/1/20,September,2020,1598918400,1.19751E+18,1.197506346,24.75,29.63828206,,Row Labels,Sum of BSC Token,Sum of Transaction Fee in USD
9/2/20,September,2020,1599004800,8.6119E+17,0.861189547,24.74,21.30582938,,2020,50087.64573,1492548.967
9/3/20,September,2020,1599091200,1.84732E+19,18.47320202,20.42,377.2227852,,August,0.954821342,22.18495403
9/4/20,September,2020,1599177600,1.85947E+19,18.59465856,21.01,390.6737763,,September,7415.949118,206830.3331
9/5/20,September,2020,1599264000,1.10776E+19,11.07758083,19.48,215.7912746,,October,14345.65456,424973.8795
9/6/20,September,2020,1599350400,8.19955E+18,8.199546804,23.2,190.2294859,,November,11434.26555,316948.7428
9/7/20,September,2020,1599436800,1.04915E+19,10.49147259,22.46,235.6384744,,December,16890.82169,543773.8262
9/8/20,September,2020,1599523200,3.30374E+19,33.03735381,23.24,767.7881025,,2021,2043188.467,907973371
9/9/20,September,2020,1599609600,3.09592E+19,30.95915016,24.47,757.5704043,,January,29792.86585,1249045.942
9/10/20,September,2020,1599696000,2.35488E+19,23.54879698,24.53,577.6519898,,February,87618.17972,15803888.99
9/11/20,September,2020,1599782400,7.80582E+19,78.05817235,25.43,1985.019323,,March,119843.9041,31346329.24
9/12/20,September,2020,1599868800,3.0764E+20,307.6398482,28.54,8780.041268,,April,157322.9342,77194820.53
9/13/20,September,2020,1599955200,4.44468E+20,444.468314,31.16,13849.63266,,May,224442.8329,115004370.1
9/14/20,September,2020,1600041600,1.77271E+21,1772.713781,31.19,55290.94284,,June,123354.1848,42175362.79
9/15/20,September,2020,1600128000,5.42842E+20,542.8421669,27.16,14743.59325,,July,180315.1246,55519364.27
9/16/20,September,2020,1600214400,2.29706E+20,229.7057899,27.86,6399.603308,,August,211297.2803,85694321.69
9/17/20,September,2020,1600300800,2.41453E+20,241.4529804,27.13,6550.619358,,September,148965.6072,62060695.04
9/18/20,September,2020,1600387200,2.6286E+20,262.8599446,27.68,7275.963266,,October,198130.6582,92953614.91
9/19/20,September,2020,1600473600,1.65814E+20,165.8143097,27.22,4513.46551,,November,335810.633,202405866.1
9/20/20,September,2020,1600560000,1.22466E+20,122.4663063,26.36,3228.211835,,December,226294.2625,126565691.3
9/21/20,September,2020,1600646400,1.91201E+20,191.2013446,23.05,4407.190994,,2022,983294.082,350626293.7
9/22/20,September,2020,1600732800,3.73327E+20,373.3266561,24.06,8982.239347,,January,160389.1695,71454596.23
9/23/20,September,2020,1600819200,2.11042E+20,211.0419198,22.83,4818.087029,,February,135036.0611,53526710.24
9/24/20,September,2020,1600905600,3.9836E+20,398.359756,24.58,9791.682802,,March,129154.2629,51426403.82
9/25/20,September,2020,1600992000,2.48714E+20,248.714071,24.69,6140.750412,,April,123774.2977,51493775.9
9/26/20,September,2020,1601078400,2.08782E+20,208.7820729,26.2,5470.090309,,May,118324.454,37956770.45
9/27/20,September,2020,1601164800,2.2448E+20,224.47952,26.26,5894.832196,,June,93154.89269,23271011.17
9/28/20,September,2020,1601251200,3.76387E+20,376.3866526,26.96,10147.38415,,July,90539.35899,22511159.82
9/29/20,September,2020,1601337600,4.58129E+20,458.1290972,28.87,13226.18704,,August,79636.56974,24158404.67
9/30/20,September,2020,1601424000,4.01066E+20,401.0659561,29.35,11771.28581,,September,53285.01542,14827461.45
10/1/20,October,2020,1601510400,3.56764E+20,356.7641053,27.43,9786.039409,,Grand Total,3076570.195,1260092214
10/2/20,October,2020,1601596800,2.70807E+20,270.806833,27.33,7401.150746,,,,
10/3/20,October,2020,1601683200,3.4833E+20,348.3303788,28.22,9829.883289,,,,
10/4/20,October,2020,1601769600,2.80078E+20,280.0778932,29.02,8127.860462,,,,
10/5/20,October,2020,1601856000,3.10601E+20,310.6008909,28.63,8892.503507,,,,
10/6/20,October,2020,1601942400,3.75624E+20,375.6243405,27.71,10408.55048,,,,
10/7/20,October,2020,1602028800,4.22826E+20,422.8259663,27.7,11712.27927,,,,
10/8/20,October,2020,1602115200,4.98298E+20,498.298286,27.71,13807.84551,,,,
10/9/20,October,2020,1602201600,4.90947E+20,490.9467973,28.39,13937.97957,,,,
10/10/20,October,2020,1602288000,4.27122E+20,427.1215736,28.41,12134.5239,,,,
10/11/20,October,2020,1602374400,3.70496E+20,370.4958312,28.54,10573.95102,,,,
10/12/20,October,2020,1602460800,4.38821E+20,438.8205725,30.69,13467.40337,,,,
10/13/20,October,2020,1602547200,4.05574E+20,405.573851,30.72,12459.2287,,,,
10/14/20,October,2020,1602633600,3.60609E+20,360.6093842,30.86,11128.4056,,,,
10/15/20,October,2020,1602720000,5.68017E+20,568.0173898,31.32,17790.30465,,,,
10/16/20,October,2020,1602806400,4.88566E+20,488.5662818,30.01,14661.87412,,,,
10/17/20,October,2020,1602892800,6.64342E+20,664.3419296,30.23,20083.05653,,,,
10/18/20,October,2020,1602979200,5.13774E+20,513.7735738,30.67,15757.43551,,,,
10/19/20,October,2020,1603065600,5.28286E+20,528.2863135,29.92,15806.3265,,,,
10/20/20,October,2020,1603152000,7.38723E+20,738.7230562,28.79,21267.83679,,,,
10/21/20,October,2020,1603238400,4.91768E+20,491.7680229,29.77,14639.93404,,,,
10/22/20,October,2020,1603324800,4.23406E+20,423.4055146,30.66,12981.61308,,,,
10/23/20,October,2020,1603411200,6.22475E+20,622.4754141,30.65,19078.87144,,,,
10/24/20,October,2020,1603497600,3.78586E+20,378.5859056,30.63,11596.08629,,,,
10/25/20,October,2020,1603584000,4.39118E+20,439.1175858,30.16,13243.78639,,,,
10/26/20,October,2020,1603670400,6.38304E+20,638.3038166,31.06,19825.71654,,,,
10/27/20,October,2020,1603756800,5.42903E+20,542.9034434,31.57,17139.46171,,,,
10/28/20,October,2020,1603843200,5.60819E+20,560.8186679,30.36,17026.45476,,,,
10/29/20,October,2020,1603929600,5.708E+20,570.8000936,29.87,17049.7988,,,,
10/30/20,October,2020,1604016000,4.66771E+20,466.7707774,28.52,13312.30257,,,,
10/31/20,October,2020,1604102400,3.521E+20,352.1000688,28.53,10045.41496,,,,
11/1/20,November,2020,1604188800,2.99387E+20,299.3867987,28.53,8541.505367,,,,
11/2/20,November,2020,1604275200,3.59169E+20,359.1693797,27.84,9999.275531,,,,
11/3/20,November,2020,1604361600,4.75007E+20,475.0074875,0,0,,,,
11/4/20,November,2020,1604448000,3.66238E+20,366.2380889,26.94,9866.454116,,,,
11/5/20,November,2020,1604534400,3.14861E+20,314.8611429,27.72,8727.950881,,,,
11/6/20,November,2020,1604620800,3.57052E+20,357.0517044,29.05,10372.35201,,,,
11/7/20,November,2020,1604707200,3.88206E+20,388.2055163,27.78,10784.34924,,,,
11/8/20,November,2020,1604793600,3.55242E+20,355.2424478,28.42,10095.99037,,,,
11/9/20,November,2020,1604880000,3.37455E+20,337.4554733,28.11,9485.873354,,,,
11/10/20,November,2020,1604966400,4.10555E+20,410.5551052,28.22,11585.86507,,,,
11/11/20,November,2020,1605052800,7.20406E+20,720.4060036,28.02,20185.77622,,,,
11/12/20,November,2020,1605139200,2.82296E+20,282.2960138,27.75,7833.714383,,,,
11/13/20,November,2020,1605225600,3.29409E+20,329.4086107,28.22,9295.910994,,,,
11/14/20,November,2020,1605312000,2.41305E+20,241.3050197,27.92,6737.236149,,,,
11/15/20,November,2020,1605398400,2.86533E+20,286.5326667,27.68,7931.224213,,,,
11/16/20,November,2020,1605484800,3.76965E+20,376.9651363,27.99,10551.25416,,,,
11/17/20,November,2020,1605571200,3.7409E+20,374.0903433,28.63,10710.20653,,,,
11/18/20,November,2020,1605657600,3.76725E+20,376.7247554,28.1,10585.96563,,,,
11/19/20,November,2020,1605744000,3.52572E+20,352.5715657,28.16,9928.415291,,,,
11/20/20,November,2020,1605830400,3.67081E+20,367.0809157,28.96,10630.66332,,,,
11/21/20,November,2020,1605916800,2.77679E+20,277.6792935,30.53,8477.548831,,,,
11/22/20,November,2020,1606003200,2.74931E+20,274.9307466,30.02,8253.421014,,,,
11/23/20,November,2020,1606089600,2.88037E+20,288.0369074,31,8929.14413,,,,
11/24/20,November,2020,1606176000,4.26557E+20,426.5565041,33.87,14447.46879,,,,
11/25/20,November,2020,1606262400,4.17748E+20,417.7479529,31.29,13071.33345,,,,
11/26/20,November,2020,1606348800,4.77358E+20,477.3584978,28.25,13485.37756,,,,
11/27/20,November,2020,1606435200,5.48605E+20,548.6046295,28.49,15629.74589,,,,
11/28/20,November,2020,1606521600,5.36899E+20,536.8993484,29.18,15666.72299,,,,
11/29/20,November,2020,1606608000,4.01806E+20,401.8057323,30.12,12102.38866,,,,
11/30/20,November,2020,1606694400,4.14092E+20,414.0917621,31.48,13035.60867,,,,
12/1/20,December,2020,1606780800,4.27124E+20,427.1238738,30.16,12882.05603,,,,
12/2/20,December,2020,1606867200,4.23544E+20,423.5442991,30.3,12833.39226,,,,
12/3/20,December,2020,1606953600,6.32312E+20,632.3117075,30.73,19430.93877,,,,
12/4/20,December,2020,1607040000,6.49697E+20,649.6974264,29.02,18854.21931,,,,
12/5/20,December,2020,1607126400,4.8853E+20,488.5299927,29.75,14533.76728,,,,
12/6/20,December,2020,1607212800,4.12915E+20,412.915366,29.51,12185.13245,,,,
12/7/20,December,2020,1607299200,3.75721E+20,375.7208068,29.39,11042.43451,,,,
12/8/20,December,2020,1607385600,4.27663E+20,427.6625101,27.67,11833.42166,,,,
12/9/20,December,2020,1607472000,4.22652E+20,422.6519333,28.16,11901.87844,,,,
12/10/20,December,2020,1607558400,3.80857E+20,380.8569636,27.67,10538.31218,,,,
12/11/20,December,2020,1607644800,3.6835E+20,368.3495467,27.34,10070.67661,,,,
12/12/20,December,2020,1607731200,3.43186E+20,343.1858074,28.17,9667.544195,,,,
12/13/20,December,2020,1607817600,3.0846E+20,308.4596981,29.12,8982.346408,,,,
12/14/20,December,2020,1607904000,3.61397E+20,361.3973919,30.03,10852.76368,,,,
12/15/20,December,2020,1607990400,3.30212E+20,330.2121612,29.53,9751.16512,,,,
12/16/20,December,2020,1608076800,3.66172E+20,366.1718726,30.55,11186.55071,,,,
12/17/20,December,2020,1608163200,3.75016E+20,375.0163737,30.24,11340.49514,,,,
12/18/20,December,2020,1608249600,4.31416E+20,431.4162126,30.96,13356.64594,,,,
12/19/20,December,2020,1608336000,5.42029E+20,542.0285343,33.31,18054.97048,,,,
12/20/20,December,2020,1608422400,4.82302E+20,482.3017997,34.26,16523.65966,,,,
12/21/20,December,2020,1608508800,7.4796E+20,747.9602748,32.18,24069.36164,,,,
12/22/20,December,2020,1608595200,8.24876E+20,824.8757753,33.54,27666.3335,,,,
12/23/20,December,2020,1608681600,9.1518E+20,915.1795871,31.19,28544.45132,,,,
12/24/20,December,2020,1608768000,8.80617E+20,880.6165074,32.5,28620.03649,,,,
12/25/20,December,2020,1608854400,6.50367E+20,650.3671845,33.18,21579.18318,,,,
12/26/20,December,2020,1608940800,6.13983E+20,613.9834515,33.56,20605.28463,,,,
12/27/20,December,2020,1609027200,6.81225E+20,681.2250177,33.6,22889.16059,,,,
12/28/20,December,2020,1609113600,6.78439E+20,678.4388428,35.88,24342.38568,,,,
12/29/20,December,2020,1609200000,7.80002E+20,780.0015204,39.04,30451.25936,,,,
12/30/20,December,2020,1609286400,7.09095E+20,709.0947124,38.13,27037.78139,,,,
12/31/20,December,2020,1609372800,8.59525E+20,859.5245347,37.4,32146.2176,,,,
1/1/21,January,2021,1609459200,7.40064E+20,740.0637341,37.76,27944.8066,,,,
1/2/21,January,2021,1609545600,8.11624E+20,811.6244542,38.29,31077.10035,,,,
1/3/21,January,2021,1609632000,9.22948E+20,922.9483074,41.36,38173.14199,,,,
1/4/21,January,2021,1609718400,9.74883E+20,974.8831702,41.1,40067.69829,,,,
1/5/21,January,2021,1609804800,9.06058E+20,906.0580497,41.9,37963.83228,,,,
1/6/21,January,2021,1609891200,8.22902E+20,822.9016103,42.27,34784.05107,,,,
1/7/21,January,2021,1609977600,9.24969E+20,924.968942,43.62,40347.14525,,,,
1/8/21,January,2021,1610064000,9.23158E+20,923.1583634,42.38,39123.45144,,,,
1/9/21,January,2021,1610150400,8.48004E+20,848.0044898,43.94,37261.31728,,,,
1/10/21,January,2021,1610236800,8.74405E+20,874.4047586,42.44,37109.73795,,,,
1/11/21,January,2021,1610323200,9.42515E+20,942.5149156,38.16,35966.36918,,,,
1/12/21,January,2021,1610409600,7.51064E+20,751.0640272,38.25,28728.19904,,,,
1/13/21,January,2021,1610496000,8.40289E+20,840.2888376,40.15,33737.59683,,,,
1/14/21,January,2021,1610582400,8.50387E+20,850.3865238,41.86,35597.17988,,,,
1/15/21,January,2021,1610668800,7.53764E+20,753.7638689,40.87,30806.32932,,,,
1/16/21,January,2021,1610755200,6.98752E+20,698.7518049,43.09,30109.21527,,,,
1/17/21,January,2021,1610841600,6.99331E+20,699.3314041,45.91,32106.30476,,,,
1/18/21,January,2021,1610928000,7.03427E+20,703.4270604,45.34,31893.38292,,,,
1/19/21,January,2021,1611014400,7.93524E+20,793.5240368,42.51,33732.70681,,,,
1/20/21,January,2021,1611100800,7.02251E+20,702.2506643,42.6,29915.8783,,,,
1/21/21,January,2021,1611187200,7.98601E+20,798.6011612,38.67,30881.90691,,,,
1/22/21,January,2021,1611273600,8.18702E+20,818.7022411,40.9,33484.92166,,,,
1/23/21,January,2021,1611360000,7.79106E+20,779.1061679,40.9,31865.44227,,,,
1/24/21,January,2021,1611446400,8.25363E+20,825.3629535,41.87,34557.94686,,,,
1/25/21,January,2021,1611532800,9.6175E+20,961.74995,41.76,40162.67791,,,,
1/26/21,January,2021,1611619200,1.22535E+21,1225.346613,41.78,51194.98147,,,,
1/27/21,January,2021,1611705600,1.68346E+21,1683.459417,41.01,69038.67068,,,,
1/28/21,January,2021,1611792000,1.70766E+21,1707.662646,42.61,72763.50535,,,,
1/29/21,January,2021,1611878400,1.40761E+21,1407.614225,42.88,60358.49796,,,,
1/30/21,January,2021,1611964800,1.52765E+21,1527.645438,44.82,68469.06854,,,,
1/31/21,January,2021,1612051200,1.5733E+21,1573.296018,44.38,69822.87729,,,,
2/1/21,February,2021,1612137600,1.77224E+21,1772.240053,51.48,91234.91791,,,,
2/2/21,February,2021,1612224000,1.8442E+21,1844.198277,51.08,94201.64801,,,,
2/3/21,February,2021,1612310400,1.79772E+21,1797.724669,52.22,93877.18222,,,,
2/4/21,February,2021,1612396800,1.84927E+21,1849.271876,56.03,103614.7032,,,,
2/5/21,February,2021,1612483200,2.13561E+21,2135.60662,67.62,144409.7196,,,,
2/6/21,February,2021,1612569600,2.27403E+21,2274.029175,72.92,165822.2074,,,,
2/7/21,February,2021,1612656000,2.19958E+21,2199.575206,68.45,150560.9228,,,,
2/8/21,February,2021,1612742400,2.65691E+21,2656.908439,79.92,212340.1224,,,,
2/9/21,February,2021,1612828800,3.30688E+21,3306.88421,107.67,356052.2229,,,,
2/10/21,February,2021,1612915200,3.45128E+21,3451.283053,128.96,445077.4625,,,,
2/11/21,February,2021,1613001600,2.62629E+21,2626.288072,124.05,325791.0353,,,,
2/12/21,February,2021,1613088000,2.28046E+21,2280.462692,136.9,312195.3426,,,,
2/13/21,February,2021,1613174400,1.96966E+21,1969.662577,133.4,262752.9877,,,,
2/14/21,February,2021,1613260800,2.49653E+21,2496.528594,136.08,339727.611,,,,
2/15/21,February,2021,1613347200,2.86756E+21,2867.556552,129.86,372380.8939,,,,
2/16/21,February,2021,1613433600,3.31005E+21,3310.049583,130.09,430604.3503,,,,
2/17/21,February,2021,1613520000,3.59884E+21,3598.843756,165.54,595752.5954,,,,
2/18/21,February,2021,1613606400,4.12591E+21,4125.913486,195.58,806946.1595,,,,
2/19/21,February,2021,1613692800,5.18158E+21,5181.582663,333.36,1727332.397,,,,
2/20/21,February,2021,1613779200,4.62904E+21,4629.03751,254.4,1177627.143,,,,
2/21/21,February,2021,1613865600,3.72625E+21,3726.246884,294.76,1098348.531,,,,
2/22/21,February,2021,1613952000,4.23885E+21,4238.853219,267.36,1133299.797,,,,
2/23/21,February,2021,1614038400,4.73818E+21,4738.17799,231.78,1098214.895,,,,
2/24/21,February,2021,1614124800,3.95936E+21,3959.360754,254.46,1007498.938,,,,
2/25/21,February,2021,1614211200,3.74225E+21,3742.25249,234.57,877820.1666,,,,
2/26/21,February,2021,1614297600,3.96849E+21,3968.489048,221.71,879853.7069,,,,
2/27/21,February,2021,1614384000,3.54379E+21,3543.793001,225.74,799975.8321,,,,
2/28/21,February,2021,1614470400,3.32736E+21,3327.359276,210.55,700575.4955,,,,
3/1/21,March,2021,1614556800,3.51904E+21,3519.043735,254.93,897109.8194,,,,
3/2/21,March,2021,1614643200,3.31171E+21,3311.708094,239.98,794743.7085,,,,
3/3/21,March,2021,1614729600,2.85989E+21,2859.886733,240.78,688603.5277,,,,
3/4/21,March,2021,1614816000,3.31594E+21,3315.938094,229.68,761604.6614,,,,
3/5/21,March,2021,1614902400,3.03173E+21,3031.725025,225.63,684048.1175,,,,
3/6/21,March,2021,1614988800,2.8133E+21,2813.304714,226.42,636988.4534,,,,
3/7/21,March,2021,1615075200,3.2788E+21,3278.797564,239.94,786714.6875,,,,
3/8/21,March,2021,1615161600,2.98448E+21,2984.477754,240.7,718363.7953,,,,
3/9/21,March,2021,1615248000,3.46263E+21,3462.631627,293.65,1016801.777,,,,
3/10/21,March,2021,1615334400,3.65937E+21,3659.374381,278.68,1019794.453,,,,
3/11/21,March,2021,1615420800,3.95275E+21,3952.751988,290.15,1146890.989,,,,
3/12/21,March,2021,1615507200,3.71482E+21,3714.816989,263.21,977776.9797,,,,
3/13/21,March,2021,1615593600,3.42996E+21,3429.958273,276.04,946805.6817,,,,
3/14/21,March,2021,1615680000,3.76098E+21,3760.984643,263.31,990304.8662,,,,
3/15/21,March,2021,1615766400,4.05139E+21,4051.385899,254.61,1031523.364,,,,
3/16/21,March,2021,1615852800,4.53612E+21,4536.116129,258.5,1172586.019,,,,
3/17/21,March,2021,1615939200,4.01766E+21,4017.660906,269.92,1084447.032,,,,
3/18/21,March,2021,1616025600,4.46002E+21,4460.020026,261.01,1164109.827,,,,
3/19/21,March,2021,1616112000,3.81781E+21,3817.80939,263.13,1004580.185,,,,
3/20/21,March,2021,1616198400,3.3885E+21,3388.503936,264.48,896191.5211,,,,
3/21/21,March,2021,1616284800,3.50531E+21,3505.313937,264.67,927751.4398,,,,
3/22/21,March,2021,1616371200,3.9633E+21,3963.299246,254.95,1010443.143,,,,
3/23/21,March,2021,1616457600,4.17132E+21,4171.315266,255.25,1064728.222,,,,
3/24/21,March,2021,1616544000,4.84234E+21,4842.337771,248.44,1203030.396,,,,
3/25/21,March,2021,1616630400,5.40915E+21,5409.148889,234.14,1266498.121,,,,
3/26/21,March,2021,1616716800,4.64421E+21,4644.210138,255.18,1185109.543,,,,
3/27/21,March,2021,1616803200,4.41263E+21,4412.628969,269.37,1188629.865,,,,
3/28/21,March,2021,1616889600,4.16118E+21,4161.180805,268.7,1118109.282,,,,
3/29/21,March,2021,1616976000,4.45135E+21,4451.347451,275.16,1224832.765,,,,
3/30/21,March,2021,1617062400,4.43512E+21,4435.124822,311.54,1381718.787,,,,
3/31/21,March,2021,1617148800,4.4811E+21,4481.100885,302.49,1355488.207,,,,
4/1/21,April,2021,1617235200,4.47661E+21,4476.613479,334.24,1496263.289,,,,
4/2/21,April,2021,1617321600,5.38299E+21,5382.987323,338.41,1821656.74,,,,
4/3/21,April,2021,1617408000,5.3439E+21,5343.898254,321.9,1720200.848,,,,
4/4/21,April,2021,1617494400,5.30039E+21,5300.389842,349.55,1852751.269,,,,
4/5/21,April,2021,1617580800,6.03129E+21,6031.285456,368.31,2221382.746,,,,
4/6/21,April,2021,1617667200,5.73794E+21,5737.938499,403.06,2312733.492,,,,
4/7/21,April,2021,1617753600,5.00698E+21,5006.981035,375.44,1879820.96,,,,
4/8/21,April,2021,1617840000,4.94109E+21,4941.089214,418.15,2066116.455,,,,
4/9/21,April,2021,1617926400,4.58311E+21,4583.112122,453.23,2077203.907,,,,
4/10/21,April,2021,1618012800,4.29406E+21,4294.059925,471.7,2025508.067,,,,
4/11/21,April,2021,1618099200,3.64948E+21,3649.476519,525.43,1917544.448,,,,
4/12/21,April,2021,1618185600,4.3855E+21,4385.498156,596.96,2617966.979,,,,
4/13/21,April,2021,1618272000,3.58E+21,3580.003638,550.42,1970505.602,,,,
4/14/21,April,2021,1618358400,3.54991E+21,3549.912672,549.17,1949505.542,,,,
4/15/21,April,2021,1618444800,3.61534E+21,3615.336294,542.41,1960994.559,,,,
4/16/21,April,2021,1618531200,3.88783E+21,3887.834711,508.96,1978752.355,,,,
4/17/21,April,2021,1618617600,3.8273E+21,3827.301643,515.4,1972591.267,,,,
4/18/21,April,2021,1618704000,4.3496E+21,4349.603854,481.98,2096422.065,,,,
4/19/21,April,2021,1618790400,5.31038E+21,5310.38135,504.46,2678874.976,,,,
4/20/21,April,2021,1618876800,7.94724E+21,7947.244441,588.55,4677350.716,,,,
4/21/21,April,2021,1618963200,8.83928E+21,8839.277084,543.71,4806003.343,,,,
4/22/21,April,2021,1619049600,6.68667E+21,6686.672601,505.27,3378575.065,,,,
4/23/21,April,2021,1619136000,5.74653E+21,5746.534715,527.13,3029170.844,,,,
4/24/21,April,2021,1619222400,6.07609E+21,6076.088243,496.98,3019694.335,,,,
4/25/21,April,2021,1619308800,5.65626E+21,5656.255707,505.45,2858954.447,,,,
4/26/21,April,2021,1619395200,6.40194E+21,6401.935531,535.13,3425867.761,,,,
4/27/21,April,2021,1619481600,5.97127E+21,5971.270257,569.46,3400399.561,,,,
4/28/21,April,2021,1619568000,5.4967E+21,5496.69783,563.6,3097938.897,,,,
4/29/21,April,2021,1619654400,5.55545E+21,5555.454327,600.65,3336883.642,,,,
4/30/21,April,2021,1619740800,5.6918E+21,5691.799486,623.21,3547186.358,,,,
5/1/21,May,2021,1619827200,5.3292E+21,5329.202237,620.66,3307622.66,,,,
5/2/21,May,2021,1619913600,5.61581E+21,5615.806894,622.29,3494660.472,,,,
5/3/21,May,2021,1620000000,5.93486E+21,5934.859745,676.62,4015644.801,,,,
5/4/21,May,2021,1620086400,5.58737E+21,5587.370828,610.18,3409301.932,,,,
5/5/21,May,2021,1620172800,5.66586E+21,5665.860271,652.13,3694877.459,,,,
5/6/21,May,2021,1620259200,6.38707E+21,6387.072946,634.41,4052022.948,,,,
5/7/21,May,2021,1620345600,6.61573E+21,6615.73316,624.81,4133576.236,,,,
5/8/21,May,2021,1620432000,6.3231E+21,6323.102115,647.2,4092311.689,,,,
5/9/21,May,2021,1620518400,7.43372E+21,7433.721168,662.11,4921941.123,,,,
5/10/21,May,2021,1620604800,9.16907E+21,9169.06579,631.89,5793840.982,,,,
5/11/21,May,2021,1620691200,1.5872E+22,15872.04553,672.46,10673315.74,,,,
5/12/21,May,2021,1620777600,1.32573E+22,13257.27552,591.57,7842606.48,,,,
5/13/21,May,2021,1620864000,9.75268E+21,9752.678701,571.06,5569364.699,,,,
5/14/21,May,2021,1620950400,9.15533E+21,9155.327762,603.21,5522585.259,,,,
5/15/21,May,2021,1621036800,8.84836E+21,8848.362394,563.64,4987290.98,,,,
5/16/21,May,2021,1621123200,8.27484E+21,8274.843028,564.21,4668749.185,,,,
5/17/21,May,2021,1621209600,7.92581E+21,7925.812724,512.11,4058887.954,,,,
5/18/21,May,2021,1621296000,7.72289E+21,7722.890583,508.2,3924772.994,,,,
5/19/21,May,2021,1621382400,1.08862E+22,10886.2328,336.57,3663979.374,,,,
5/20/21,May,2021,1621468800,9.91052E+21,9910.520451,391.12,3876202.759,,,,
5/21/21,May,2021,1621555200,7.15582E+21,7155.823171,326.5,2336376.265,,,,
5/22/21,May,2021,1621641600,5.1517E+21,5151.696646,299.71,1544015.002,,,,
5/23/21,May,2021,1621728000,7.57132E+21,7571.318963,261.63,1980884.18,,,,
5/24/21,May,2021,1621814400,5.31802E+21,5318.015198,345.81,1839022.836,,,,
5/25/21,May,2021,1621900800,4.91151E+21,4911.509088,343.49,1687054.257,,,,
5/26/21,May,2021,1621987200,4.81898E+21,4818.976052,379.83,1830391.674,,,,
5/27/21,May,2021,1622073600,6.04219E+21,6042.190483,369.51,2232649.805,,,,
5/28/21,May,2021,1622160000,4.928E+21,4928.000941,329.16,1622100.79,,,,
5/29/21,May,2021,1622246400,4.34557E+21,4345.572053,305.2,1326268.591,,,,
5/30/21,May,2021,1622332800,4.16765E+21,4167.646314,325.74,1357569.11,,,,
5/31/21,May,2021,1622419200,4.3643E+21,4364.299377,353.89,1544481.907,,,,
6/1/21,June,2021,1622505600,5.05859E+21,5058.586049,362.47,1833585.685,,,,
6/2/21,June,2021,1622592000,4.82372E+21,4823.72339,401.7,1937689.686,,,,
6/3/21,June,2021,1622678400,5.05166E+21,5051.655771,428,2162108.67,,,,
6/4/21,June,2021,1622764800,4.55643E+21,4556.428584,390.73,1780333.341,,,,
6/5/21,June,2021,1622851200,4.75503E+21,4755.028331,390.21,1855459.605,,,,
6/6/21,June,2021,1622937600,3.82557E+21,3825.57386,393.78,1506434.475,,,,
6/7/21,June,2021,1623024000,4.53206E+21,4532.06183,358.12,1623021.983,,,,
6/8/21,June,2021,1623110400,3.97338E+21,3973.375757,352.92,1402283.772,,,,
6/9/21,June,2021,1623196800,3.98939E+21,3989.388904,375.79,1499172.456,,,,
6/10/21,June,2021,1623283200,3.83814E+21,3838.144316,351.99,1350988.418,,,,
6/11/21,June,2021,1623369600,4.16617E+21,4166.172404,345.88,1440995.711,,,,
6/12/21,June,2021,1623456000,3.55706E+21,3557.057191,343.87,1223165.256,,,,
6/13/21,June,2021,1623542400,3.93414E+21,3934.144912,365.87,1439385.599,,,,
6/14/21,June,2021,1623628800,3.73193E+21,3731.928277,370.17,1381447.89,,,,
6/15/21,June,2021,1623715200,4.19743E+21,4197.430701,366.8,1539617.581,,,,
6/16/21,June,2021,1623801600,4.14771E+21,4147.705989,347.26,1440332.382,,,,
6/17/21,June,2021,1623888000,4.6807E+21,4680.701297,352.83,1651491.839,,,,
6/18/21,June,2021,1623974400,4.51344E+21,4513.437584,337.38,1522743.572,,,,
6/19/21,June,2021,1624060800,3.77342E+21,3773.422472,334.24,1261228.727,,,,
6/20/21,June,2021,1624147200,3.58033E+21,3580.332915,339.11,1214126.695,,,,
6/21/21,June,2021,1624233600,4.39446E+21,4394.458742,271.11,1191381.71,,,,
6/22/21,June,2021,1624320000,4.97624E+21,4976.241613,261.92,1303377.203,,,,
6/23/21,June,2021,1624406400,3.62674E+21,3626.736225,296.24,1074384.339,,,,
6/24/21,June,2021,1624492800,3.80988E+21,3809.881801,308.38,1174891.35,,,,
6/25/21,June,2021,1624579200,4.03015E+21,4030.15111,280.94,1132230.653,,,,
6/26/21,June,2021,1624665600,3.33096E+21,3330.957187,279.57,931235.7008,,,,
6/27/21,June,2021,1624752000,3.11237E+21,3112.365098,291.21,906351.8401,,,,
6/28/21,June,2021,1624838400,3.71634E+21,3716.342559,290,1077739.342,,,,
6/29/21,June,2021,1624924800,3.74632E+21,3746.319134,300.78,1126817.869,,,,
6/30/21,June,2021,1625011200,3.92443E+21,3924.430746,303.57,1191339.442,,,,
7/1/21,July,2021,1625097600,3.40796E+21,3407.959219,287.62,980197.2307,,,,
7/2/21,July,2021,1625184000,4.19824E+21,4198.235602,287.22,1205817.23,,,,
7/3/21,July,2021,1625270400,3.36284E+21,3362.837875,298.26,1003000.025,,,,
7/4/21,July,2021,1625356800,4.31182E+21,4311.819089,307.82,1327264.152,,,,
7/5/21,July,2021,1625443200,4.80664E+21,4806.641016,302.15,1452326.583,,,,
7/6/21,July,2021,1625529600,5.24209E+21,5242.093129,320.29,1678990.008,,,,
7/7/21,July,2021,1625616000,5.33226E+21,5332.256394,328.01,1749033.42,,,,
7/8/21,July,2021,1625702400,4.04722E+21,4047.221155,310.27,1255731.308,,,,
7/9/21,July,2021,1625788800,4.33718E+21,4337.177034,316.75,1373800.825,,,,
7/10/21,July,2021,1625875200,4.0345E+21,4034.502409,316.12,1275386.902,,,,
7/11/21,July,2021,1625961600,3.32619E+21,3326.193253,322.22,1071765.99,,,,
7/12/21,July,2021,1626048000,4.42933E+21,4429.334029,316.1,1400112.487,,,,
7/13/21,July,2021,1626134400,3.9717E+21,3971.696051,308.94,1227015.778,,,,
7/14/21,July,2021,1626220800,5.0517E+21,5051.702612,309.41,1563047.305,,,,
7/15/21,July,2021,1626307200,3.79712E+21,3797.121775,315.71,1198789.316,,,,
7/16/21,July,2021,1626393600,3.39478E+21,3394.775014,303.04,1028752.62,,,,
7/17/21,July,2021,1626480000,3.37469E+21,3374.686108,300.59,1014396.897,,,,
7/18/21,July,2021,1626566400,3.71322E+21,3713.22282,302.11,1121801.746,,,,
7/19/21,July,2021,1626652800,5.23375E+21,5233.74687,280.36,1467333.273,,,,
7/20/21,July,2021,1626739200,4.9012E+21,4901.196264,264.55,1296611.472,,,,
7/21/21,July,2021,1626825600,4.87108E+21,4871.081507,292.97,1427080.749,,,,
7/22/21,July,2021,1626912000,6.2759E+21,6275.898306,293.58,1842478.225,,,,
7/23/21,July,2021,1626998400,7.29297E+21,7292.974645,299.24,2182349.733,,,,
7/24/21,July,2021,1627084800,7.60379E+21,7603.792183,301.75,2294444.291,,,,
7/25/21,July,2021,1627171200,7.65582E+21,7655.819121,302.88,2318794.495,,,,
7/26/21,July,2021,1627257600,9.61188E+21,9611.883851,303.93,2921339.859,,,,
7/27/21,July,2021,1627344000,1.04962E+22,10496.2414,313.73,3292985.815,,,,
7/28/21,July,2021,1627430400,1.19032E+22,11903.16972,313.96,3737119.164,,,,
7/29/21,July,2021,1627516800,1.18833E+22,11883.29979,317.13,3768550.864,,,,
7/30/21,July,2021,1627603200,9.47483E+21,9474.832108,322.88,3059233.791,,,,
7/31/21,July,2021,1627689600,8.97171E+21,8971.714219,332.58,2983812.715,,,,
8/1/21,August,2021,1627776000,9.21631E+21,9216.309554,332.79,3067095.656,,,,
8/2/21,August,2021,1627862400,8.47494E+21,8474.944904,330.72,2802833.779,,,,
8/3/21,August,2021,1627948800,8.10097E+21,8100.971239,323.31,2619125.011,,,,
8/4/21,August,2021,1628035200,7.96897E+21,7968.966296,334.84,2668328.675,,,,
8/5/21,August,2021,1628121600,7.40559E+21,7405.58649,338.19,2504495.295,,,,
8/6/21,August,2021,1628208000,7.32432E+21,7324.323671,342.43,2508068.155,,,,
8/7/21,August,2021,1628294400,7.21151E+21,7211.507032,356.51,2570974.372,,,,
8/8/21,August,2021,1628380800,7.1199E+21,7119.898317,342.04,2435290.02,,,,
8/9/21,August,2021,1628467200,7.18507E+21,7185.069097,354.68,2548400.307,,,,
8/10/21,August,2021,1628553600,7.53144E+21,7531.438508,372.1,2802448.269,,,,
8/11/21,August,2021,1628640000,8.99543E+21,8995.429317,391.21,3519101.903,,,,
8/12/21,August,2021,1628726400,7.34466E+21,7344.65994,385.91,2834377.718,,,,
8/13/21,August,2021,1628812800,6.34913E+21,6349.126207,411.25,2611078.153,,,,
8/14/21,August,2021,1628899200,5.32296E+21,5322.961675,409.07,2177463.933,,,,
8/15/21,August,2021,1628985600,6.11827E+21,6118.273753,414.39,2535351.461,,,,
8/16/21,August,2021,1629072000,6.70228E+21,6702.28277,415.94,2787747.495,,,,
8/17/21,August,2021,1629158400,6.24701E+21,6247.012262,401.71,2509487.296,,,,
8/18/21,August,2021,1629244800,6.32981E+21,6329.806457,396.03,2506793.251,,,,
8/19/21,August,2021,1629331200,7.23661E+21,7236.614694,431.09,3119632.228,,,,
8/20/21,August,2021,1629417600,6.97681E+21,6976.80928,455.18,3175704.048,,,,
8/21/21,August,2021,1629504000,7.19683E+21,7196.83057,449.12,3232240.546,,,,
8/22/21,August,2021,1629590400,6.12073E+21,6120.732328,448.92,2747719.157,,,,
8/23/21,August,2021,1629676800,5.35657E+21,5356.572213,499.5,2675607.821,,,,
8/24/21,August,2021,1629763200,4.60639E+21,4606.394429,471.99,2174172.107,,,,
8/25/21,August,2021,1629849600,4.81747E+21,4817.47118,503.4,2425114.992,,,,
8/26/21,August,2021,1629936000,5.08437E+21,5084.374286,478.21,2431398.627,,,,
8/27/21,August,2021,1630022400,5.82319E+21,5823.194652,494.66,2880501.467,,,,
8/28/21,August,2021,1630108800,7.14866E+21,7148.657931,486.33,3476606.812,,,,
8/29/21,August,2021,1630195200,6.19236E+21,6192.364432,479.97,2972149.157,,,,
8/30/21,August,2021,1630281600,6.57496E+21,6574.960242,460.05,3024810.459,,,,
8/31/21,August,2021,1630368000,7.21374E+21,7213.736543,464.42,3350203.525,,,,
9/1/21,September,2021,1630454400,6.78938E+21,6789.383999,489.87,3325915.54,,,,
9/2/21,September,2021,1630540800,6.83413E+21,6834.125001,483.69,3305597.922,,,,
9/3/21,September,2021,1630627200,6.95673E+21,6956.731164,488.64,3399337.116,,,,
9/4/21,September,2021,1630713600,6.70528E+21,6705.280166,497.71,3337284.991,,,,
9/5/21,September,2021,1630800000,5.73568E+21,5735.675979,504.69,2894738.31,,,,
9/6/21,September,2021,1630886400,6.01459E+21,6014.589805,496.32,2985161.212,,,,
9/7/21,September,2021,1630972800,6.41599E+21,6415.987891,418.26,2683551.095,,,,
9/8/21,September,2021,1631059200,5.2112E+21,5211.204273,414.95,2162389.213,,,,
9/9/21,September,2021,1631145600,5.22794E+21,5227.937904,421.29,2202477.959,,,,
9/10/21,September,2021,1631232000,4.6936E+21,4693.601057,401.39,1883964.528,,,,
9/11/21,September,2021,1631318400,3.69118E+21,3691.182515,404.98,1494855.095,,,,
9/12/21,September,2021,1631404800,4.16141E+21,4161.410379,416.93,1735016.829,,,,
9/13/21,September,2021,1631491200,4.15057E+21,4150.566009,399.03,1656200.355,,,,
9/14/21,September,2021,1631577600,4.54084E+21,4540.843842,414.71,1883133.35,,,,
9/15/21,September,2021,1631664000,4.3195E+21,4319.500289,431.27,1862870.89,,,,
9/16/21,September,2021,1631750400,4.9484E+21,4948.399526,424.3,2099605.919,,,,
9/17/21,September,2021,1631836800,4.37089E+21,4370.886624,406.51,1776809.121,,,,
9/18/21,September,2021,1631923200,4.61597E+21,4615.970885,410.63,1895456.125,,,,
9/19/21,September,2021,1632009600,4.34686E+21,4346.861811,408.56,1775953.861,,,,
9/20/21,September,2021,1632096000,4.79911E+21,4799.113006,363.86,1746205.258,,,,
9/21/21,September,2021,1632182400,4.89564E+21,4895.635009,344.24,1685273.395,,,,
9/22/21,September,2021,1632268800,4.52597E+21,4525.966419,379.09,1715748.61,,,,
9/23/21,September,2021,1632355200,4.89085E+21,4890.845661,383.86,1877400.016,,,,
9/24/21,September,2021,1632441600,4.47914E+21,4479.141104,355.23,1591125.294,,,,
9/25/21,September,2021,1632528000,3.77655E+21,3776.549447,349.82,1321112.528,,,,
9/26/21,September,2021,1632614400,3.93823E+21,3938.232754,344.16,1355382.185,,,,
9/27/21,September,2021,1632700800,4.37317E+21,4373.173161,335.81,1468555.279,,,,
9/28/21,September,2021,1632787200,4.14901E+21,4149.012648,333.28,1382782.935,,,,
9/29/21,September,2021,1632873600,4.42028E+21,4420.276689,367.46,1624274.872,,,,
9/30/21,September,2021,1632960000,4.98752E+21,4987.52223,387.47,1932515.238,,,,
10/1/21,October,2021,1633046400,4.58403E+21,4584.026737,421.58,1932533.992,,,,
10/2/21,October,2021,1633132800,4.61618E+21,4616.178181,427.4,1972954.555,,,,
10/3/21,October,2021,1633219200,4.53539E+21,4535.391251,430.64,1953120.888,,,,
10/4/21,October,2021,1633305600,4.78457E+21,4784.56698,426.55,2040857.045,,,,
10/5/21,October,2021,1633392000,5.06212E+21,5062.122217,442.51,2240039.702,,,,
10/6/21,October,2021,1633478400,5.32702E+21,5327.022818,435.1,2317787.628,,,,
10/7/21,October,2021,1633564800,6.33588E+21,6335.884228,438.39,2777588.287,,,,
10/8/21,October,2021,1633651200,5.40673E+21,5406.726405,419.47,2267959.525,,,,
10/9/21,October,2021,1633737600,5.11817E+21,5118.170409,422,2159867.912,,,,
10/10/21,October,2021,1633824000,5.47914E+21,5479.144902,404.39,2215711.407,,,,
10/11/21,October,2021,1633910400,5.77923E+21,5779.233727,413.42,2389250.808,,,,
10/12/21,October,2021,1633996800,6.21424E+21,6214.243727,444.57,2762666.334,,,,
10/13/21,October,2021,1634083200,6.52899E+21,6528.990103,470.45,3071563.394,,,,
10/14/21,October,2021,1634169600,5.99099E+21,5990.994223,472.73,2832122.699,,,,
10/15/21,October,2021,1634256000,5.63888E+21,5638.877702,474.16,2673730.251,,,,
10/16/21,October,2021,1634342400,5.08172E+21,5081.72498,465.85,2367321.582,,,,
10/17/21,October,2021,1634428800,5.41413E+21,5414.131444,471,2550055.91,,,,
10/18/21,October,2021,1634515200,6.40809E+21,6408.094197,484.97,3107733.443,,,,
10/19/21,October,2021,1634601600,6.54577E+21,6545.772981,488.03,3194533.588,,,,
10/20/21,October,2021,1634688000,6.30375E+21,6303.74919,501.47,3161141.106,,,,
10/21/21,October,2021,1634774400,6.8145E+21,6814.499282,471.13,3210515.047,,,,
10/22/21,October,2021,1634860800,6.5062E+21,6506.202683,479.09,3117056.644,,,,
10/23/21,October,2021,1634947200,5.91209E+21,5912.086221,485.55,2870613.465,,,,
10/24/21,October,2021,1635033600,5.88762E+21,5887.621024,475.88,2801801.093,,,,
10/25/21,October,2021,1635120000,6.66942E+21,6669.419529,485,3234668.472,,,,
10/26/21,October,2021,1635206400,7.87883E+21,7878.826459,478.09,3766788.142,,,,
10/27/21,October,2021,1635292800,8.47663E+21,8476.627831,448.6,3802615.245,,,,
10/28/21,October,2021,1635379200,9.67797E+21,9677.966094,492.44,4765817.623,,,,
10/29/21,October,2021,1635465600,1.03306E+22,10330.56872,530.21,5477370.841,,,,
10/30/21,October,2021,1635552000,9.92481E+21,9924.805088,528.72,5247442.946,,,,
10/31/21,October,2021,1635638400,8.89699E+21,8896.988876,524.94,4670385.34,,,,
11/1/21,November,2021,1635724800,9.71765E+21,9717.64913,551.71,5361324.202,,,,
11/2/21,November,2021,1635811200,1.09854E+22,10985.43305,554.94,6096256.215,,,,
11/3/21,November,2021,1635897600,1.05324E+22,10532.43852,568.77,5990535.06,,,,
11/4/21,November,2021,1635984000,1.02211E+22,10221.10367,559.5,5718707.504,,,,
11/5/21,November,2021,1636070400,9.19397E+21,9193.970817,607.77,5587819.643,,,,
11/6/21,November,2021,1636156800,8.97355E+21,8973.545603,637.58,5721353.205,,,,
11/7/21,November,2021,1636243200,9.25072E+21,9250.716524,649.78,6010930.583,,,,
11/8/21,November,2021,1636329600,9.01023E+21,9010.232832,653.81,5890980.328,,,,
11/9/21,November,2021,1636416000,9.60445E+21,9604.452715,635.14,6100172.098,,,,
11/10/21,November,2021,1636502400,1.07799E+22,10779.9182,614.68,6626200.118,,,,
11/11/21,November,2021,1636588800,1.02487E+22,10248.70193,628.89,6445306.154,,,,
11/12/21,November,2021,1636675200,1.01983E+22,10198.30479,627,6394337.104,,,,
11/13/21,November,2021,1636761600,1.00912E+22,10091.15725,649.81,6557334.89,,,,
11/14/21,November,2021,1636848000,1.00029E+22,10002.86571,650.98,6511665.521,,,,
11/15/21,November,2021,1636934400,1.13713E+22,11371.26811,634.01,7209497.697,,,,
11/16/21,November,2021,1637020800,1.34023E+22,13402.29812,589.16,7896097.959,,,,
11/17/21,November,2021,1637107200,1.13515E+22,11351.50937,578.22,6563669.748,,,,
11/18/21,November,2021,1637193600,1.19281E+22,11928.13176,532.02,6346004.659,,,,
11/19/21,November,2021,1637280000,1.27339E+22,12733.90482,581.61,7406166.382,,,,
11/20/21,November,2021,1637366400,1.21332E+22,12133.21877,604.73,7337321.389,,,,
11/21/21,November,2021,1637452800,1.18477E+22,11847.67171,584.63,6926504.314,,,,
11/22/21,November,2021,1637539200,1.18872E+22,11887.15254,559.84,6654903.476,,,,
11/23/21,November,2021,1637625600,1.2859E+22,12858.98953,591.18,7601977.433,,,,
11/24/21,November,2021,1637712000,1.24525E+22,12452.45903,590.75,7356290.174,,,,
11/25/21,November,2021,1637798400,1.27052E+22,12705.20244,639.3,8122435.922,,,,
11/26/21,November,2021,1637884800,1.24996E+22,12499.58305,587.42,7342505.073,,,,
11/27/21,November,2021,1637971200,1.25271E+22,12527.13415,600.62,7524047.312,,,,
11/28/21,November,2021,1638057600,1.24848E+22,12484.81727,611.95,7640083.928,,,,
11/29/21,November,2021,1638144000,1.25289E+22,12528.85384,624.12,7819508.256,,,,
11/30/21,November,2021,1638230400,1.22879E+22,12287.94779,622.23,7645929.753,,,,
12/1/21,December,2021,1638316800,1.28857E+22,12885.74121,627.93,8091343.477,,,,
12/2/21,December,2021,1638403200,1.15746E+22,11574.56744,620.69,7184218.264,,,,
12/3/21,December,2021,1638489600,9.01066E+21,9010.659389,595.59,5366658.626,,,,
12/4/21,December,2021,1638576000,9.71639E+21,9716.394789,569.2,5530571.914,,,,
12/5/21,December,2021,1638662400,1.07964E+22,10796.4001,558.23,6026874.43,,,,
12/6/21,December,2021,1638748800,1.08648E+22,10864.80037,587.99,6388393.97,,,,
12/7/21,December,2021,1638835200,1.052E+22,10519.98636,579.11,6092229.3,,,,
12/8/21,December,2021,1638921600,8.64606E+21,8646.060033,607.83,5255334.67,,,,
12/9/21,December,2021,1639008000,7.50066E+21,7500.65958,570.89,4282051.547,,,,
12/10/21,December,2021,1639094400,8.2842E+21,8284.201179,553.52,4585471.037,,,,
12/11/21,December,2021,1639180800,5.55196E+21,5551.95545,564.19,3132357.745,,,,
12/12/21,December,2021,1639267200,5.98384E+21,5983.839965,570.73,3415156.983,,,,
12/13/21,December,2021,1639353600,6.33273E+21,6332.725839,521.07,3299793.453,,,,
12/14/21,December,2021,1639440000,6.75099E+21,6750.991776,528.6,3568574.253,,,,
12/15/21,December,2021,1639526400,6.25129E+21,6251.288321,541.28,3383697.342,,,,
12/16/21,December,2021,1639612800,6.42987E+21,6429.870543,526.08,3382626.295,,,,
12/17/21,December,2021,1639699200,7.12633E+21,7126.328369,525.79,3746952.193,,,,
12/18/21,December,2021,1639785600,6.06045E+21,6060.447108,534.23,3237672.659,,,,
12/19/21,December,2021,1639872000,5.27948E+21,5279.478089,530.01,2798176.182,,,,
12/20/21,December,2021,1639958400,6.2807E+21,6280.700017,523.85,3290144.704,,,,
12/21/21,December,2021,1640044800,7.23031E+21,7230.308016,528.84,3823676.091,,,,
12/22/21,December,2021,1640131200,6.41485E+21,6414.853374,533.74,3423863.84,,,,
12/23/21,December,2021,1640217600,6.30832E+21,6308.3248,548.95,3462954.899,,,,
12/24/21,December,2021,1640304000,5.54453E+21,5544.526552,542.08,3005576.953,,,,
12/25/21,December,2021,1640390400,4.65926E+21,4659.262913,547.77,2552204.446,,,,
12/26/21,December,2021,1640476800,5.28112E+21,5281.123072,546.52,2886239.381,,,,
12/27/21,December,2021,1640563200,6.15004E+21,6150.044037,563.95,3468317.335,,,,
12/28/21,December,2021,1640649600,5.86477E+21,5864.766784,534.24,3133193.007,,,,
12/29/21,December,2021,1640736000,5.7964E+21,5796.397276,514.55,2982536.219,,,,
12/30/21,December,2021,1640822400,5.68274E+21,5682.743674,518.56,2946843.559,,,,
12/31/21,December,2021,1640908800,5.51482E+21,5514.816077,511.71,2821986.535,,,,
1/1/22,January,2022,1640995200,4.99834E+21,4998.338841,527.5,2636623.738,,,,
1/2/22,January,2022,1641081600,5.53447E+21,5534.47356,531.25,2940189.079,,,,
1/3/22,January,2022,1641168000,6.066E+21,6065.995241,511.89,3105122.304,,,,
1/4/22,January,2022,1641254400,6.16974E+21,6169.736351,506.73,3126390.501,,,,
1/5/22,January,2022,1641340800,6.3947E+21,6394.701793,473.76,3029553.922,,,,
1/6/22,January,2022,1641427200,5.80056E+21,5800.558989,472.32,2739720.022,,,,
1/7/22,January,2022,1641513600,5.64124E+21,5641.240263,447.7,2525583.266,,,,
1/8/22,January,2022,1641600000,5.26456E+21,5264.562886,430.21,2264867.599,,,,
1/9/22,January,2022,1641686400,4.65216E+21,4652.155843,438.79,2041319.462,,,,
1/10/22,January,2022,1641772800,5.66875E+21,5668.752773,425.03,2409389.991,,,,
1/11/22,January,2022,1641859200,5.49782E+21,5497.816288,463.38,2547578.111,,,,
1/12/22,January,2022,1641945600,5.35498E+21,5354.979536,487.51,2610606.074,,,,
1/13/22,January,2022,1642032000,5.36325E+21,5363.250088,475.57,2550600.844,,,,
1/14/22,January,2022,1642118400,5.4146E+21,5414.595379,490.36,2655100.99,,,,
1/15/22,January,2022,1642204800,5.17623E+21,5176.234068,494.66,2560475.944,,,,
1/16/22,January,2022,1642291200,5.30423E+21,5304.230776,498.67,2645060.761,,,,
1/17/22,January,2022,1642377600,4.96587E+21,4965.86843,475.45,2361022.145,,,,
1/18/22,January,2022,1642464000,5.49117E+21,5491.167766,471.43,2588701.22,,,,
1/19/22,January,2022,1642550400,4.81234E+21,4812.343261,462.11,2223831.944,,,,
1/20/22,January,2022,1642636800,5.58696E+21,5586.958751,440.34,2460161.416,,,,
1/21/22,January,2022,1642723200,5.68872E+21,5688.71979,384.09,2184980.384,,,,
1/22/22,January,2022,1642809600,5.60313E+21,5603.128905,358.48,2008609.65,,,,
1/23/22,January,2022,1642896000,4.53763E+21,4537.633739,384.29,1743767.269,,,,
1/24/22,January,2022,1642982400,4.68202E+21,4682.023008,371.68,1740214.312,,,,
1/25/22,January,2022,1643068800,4.77161E+21,4771.607485,385.29,1838452.648,,,,
1/26/22,January,2022,1643155200,4.80985E+21,4809.852286,375.02,1803790.804,,,,
1/27/22,January,2022,1643241600,4.79518E+21,4795.17549,390.12,1870693.862,,,,
1/28/22,January,2022,1643328000,4.32917E+21,4329.168806,386.13,1671621.951,,,,
1/29/22,January,2022,1643414400,3.97616E+21,3976.161921,389.49,1548675.307,,,,
1/30/22,January,2022,1643500800,3.82302E+21,3823.024433,377.3,1442427.118,,,,
1/31/22,January,2022,1643587200,4.21471E+21,4214.712711,374.75,1579463.588,,,,
2/1/22,February,2022,1643673600,4.24089E+21,4240.891171,384.28,1629689.659,,,,
2/2/22,February,2022,1643760000,4.12119E+21,4121.194255,367.26,1513549.802,,,,
2/3/22,February,2022,1643846400,4.67792E+21,4677.919202,372.39,1742010.332,,,,
2/4/22,February,2022,1643932800,4.70058E+21,4700.584685,399.68,1878729.687,,,,
2/5/22,February,2022,1644019200,4.98438E+21,4984.383551,414.05,2063784.009,,,,
2/6/22,February,2022,1644105600,4.65857E+21,4658.56508,420.34,1958181.246,,,,
2/7/22,February,2022,1644192000,5.42123E+21,5421.226106,433.75,2351456.823,,,,
2/8/22,February,2022,1644278400,5.13499E+21,5134.988964,408.09,2095537.646,,,,
2/9/22,February,2022,1644364800,4.73334E+21,4733.33526,423.24,2003336.815,,,,
2/10/22,February,2022,1644451200,5.2092E+21,5209.198316,414.79,2160723.369,,,,
2/11/22,February,2022,1644537600,5.26876E+21,5268.763516,400.83,2111878.48,,,,
2/12/22,February,2022,1644624000,4.20288E+21,4202.881443,403.6,1696282.95,,,,
2/13/22,February,2022,1644710400,4.42569E+21,4425.688772,398.07,1761733.929,,,,
2/14/22,February,2022,1644796800,4.56743E+21,4567.431758,403.71,1843917.875,,,,
2/15/22,February,2022,1644883200,6.2603E+21,6260.297018,432.82,2709581.755,,,,
2/16/22,February,2022,1644969600,6.81144E+21,6811.438673,427.59,2912503.062,,,,
2/17/22,February,2022,1645056000,5.26701E+21,5267.012996,402.64,2120710.113,,,,
2/18/22,February,2022,1645142400,5.24335E+21,5243.35066,399.39,2094141.82,,,,
2/19/22,February,2022,1645228800,4.30845E+21,4308.452855,399.84,1722691.789,,,,
2/20/22,February,2022,1645315200,4.50914E+21,4509.136493,380.68,1716538.08,,,,
2/21/22,February,2022,1645401600,4.6712E+21,4671.202781,356.82,1666778.576,,,,
2/22/22,February,2022,1645488000,4.83294E+21,4832.939466,374.49,1809887.501,,,,
2/23/22,February,2022,1645574400,4.90237E+21,4902.374724,365.88,1793680.864,,,,
2/24/22,February,2022,1645660800,4.81825E+21,4818.247219,360.45,1736737.21,,,,
2/25/22,February,2022,1645747200,4.92735E+21,4927.345264,375.01,1847803.747,,,,
2/26/22,February,2022,1645833600,3.81907E+21,3819.071007,373.86,1427797.887,,,,
2/27/22,February,2022,1645920000,3.78972E+21,3789.715552,359.83,1363653.347,,,,
2/28/22,February,2022,1646006400,4.52842E+21,4528.424263,396.03,1793391.861,,,,
3/1/22,March,2022,1646092800,4.40087E+21,4400.867316,408.83,1799206.585,,,,
3/2/22,March,2022,1646179200,3.95546E+21,3955.464119,409.32,1619050.573,,,,
3/3/22,March,2022,1646265600,4.30321E+21,4303.209756,402.77,1733203.793,,,,
3/4/22,March,2022,1646352000,4.02715E+21,4027.146888,374.15,1506757.008,,,,
3/5/22,March,2022,1646438400,3.7163E+21,3716.300693,384.81,1430069.67,,,,
3/6/22,March,2022,1646524800,3.7295E+21,3729.49608,374.84,1397964.311,,,,
3/7/22,March,2022,1646611200,4.1719E+21,4171.901564,380.84,1588826.992,,,,
3/8/22,March,2022,1646697600,3.93197E+21,3931.971422,381.48,1499968.458,,,,
3/9/22,March,2022,1646784000,4.00641E+21,4006.413741,393.4,1576123.166,,,,
3/10/22,March,2022,1646870400,3.99467E+21,3994.670363,372.27,1487095.936,,,,
3/11/22,March,2022,1646956800,3.81304E+21,3813.041175,372.02,1418527.578,,,,
3/12/22,March,2022,1647043200,3.8465E+21,3846.502293,372.46,1432668.244,,,,
3/13/22,March,2022,1647129600,3.6961E+21,3696.096894,361.36,1335621.573,,,,
3/14/22,March,2022,1647216000,4.0499E+21,4049.903355,373.49,1512598.404,,,,
3/15/22,March,2022,1647302400,4.1537E+21,4153.702389,371.76,1544180.4,,,,
3/16/22,March,2022,1647388800,4.14637E+21,4146.367298,385.68,1599170.94,,,,
3/17/22,March,2022,1647475200,4.47471E+21,4474.712939,392.14,1754713.932,,,,
3/18/22,March,2022,1647561600,3.9448E+21,3944.803332,397.44,1567822.636,,,,
3/19/22,March,2022,1647648000,4.39856E+21,4398.562729,400.1,1759864.948,,,,
3/20/22,March,2022,1647734400,4.07277E+21,4072.771296,390.87,1591924.116,,,,
3/21/22,March,2022,1647820800,4.70621E+21,4706.20573,396.15,1864363.4,,,,
3/22/22,March,2022,1647907200,4.77937E+21,4779.366981,404.31,1932345.864,,,,
3/23/22,March,2022,1647993600,4.55259E+21,4552.591304,408.6,1860188.807,,,,
3/24/22,March,2022,1648080000,4.49041E+21,4490.407624,414.39,1860780.015,,,,
3/25/22,March,2022,1648166400,4.01998E+21,4019.977813,410.37,1649678.295,,,,
3/26/22,March,2022,1648252800,3.74584E+21,3745.840304,416.23,1559131.11,,,,
3/27/22,March,2022,1648339200,3.80065E+21,3800.650464,430.8,1637320.22,,,,
3/28/22,March,2022,1648425600,4.53179E+21,4531.786417,430.15,1949347.927,,,,
3/29/22,March,2022,1648512000,4.26744E+21,4267.440765,434.48,1854117.664,,,,
3/30/22,March,2022,1648598400,4.67947E+21,4679.470153,442,2068325.808,,,,
3/31/22,March,2022,1648684800,4.74662E+21,4746.619672,428.82,2035445.448,,,,
4/1/22,April,2022,1648771200,4.63005E+21,4630.049483,447.8,2073336.158,,,,
4/2/22,April,2022,1648857600,4.50687E+21,4506.870387,437.17,1970268.527,,,,
4/3/22,April,2022,1648944000,4.14319E+21,4143.194403,450.26,1865514.712,,,,
4/4/22,April,2022,1649030400,4.622E+21,4621.997941,447.85,2069961.778,,,,
4/5/22,April,2022,1649116800,4.63262E+21,4632.620931,444.61,2059709.592,,,,
4/6/22,April,2022,1649203200,4.5061E+21,4506.096898,420.17,1893326.733,,,,
4/7/22,April,2022,1649289600,4.4283E+21,4428.295273,436.34,1932242.359,,,,
4/8/22,April,2022,1649376000,4.33709E+21,4337.089926,421.78,1829297.789,,,,
4/9/22,April,2022,1649462400,3.61758E+21,3617.577167,426.93,1544452.22,,,,
4/10/22,April,2022,1649548800,3.62484E+21,3624.838,417.93,1514928.545,,,,
4/11/22,April,2022,1649635200,3.98473E+21,3984.725337,394.3,1571177.2,,,,
4/12/22,April,2022,1649721600,3.927E+21,3927.003045,413.73,1624718.97,,,,
4/13/22,April,2022,1649808000,3.95333E+21,3953.3268,423.35,1673640.901,,,,
4/14/22,April,2022,1649894400,3.83264E+21,3832.636441,414.75,1589585.964,,,,
4/15/22,April,2022,1649980800,3.81152E+21,3811.515842,417.39,1590888.597,,,,
4/16/22,April,2022,1650067200,3.4837E+21,3483.701972,417.25,1453574.648,,,,
4/17/22,April,2022,1650153600,3.48806E+21,3488.060516,406.71,1418629.092,,,,
4/18/22,April,2022,1650240000,3.82256E+21,3822.559479,416.98,1593930.852,,,,
4/19/22,April,2022,1650326400,3.98174E+21,3981.743847,422.49,1682246.958,,,,
4/20/22,April,2022,1650412800,4.27131E+21,4271.312418,418.48,1787458.821,,,,
4/21/22,April,2022,1650499200,4.39853E+21,4398.532587,405,1781405.698,,,,
4/22/22,April,2022,1650585600,4.19687E+21,4196.86916,406.59,1706405.032,,,,
4/23/22,April,2022,1650672000,4.41911E+21,4419.108223,401.08,1772415.926,,,,
4/24/22,April,2022,1650758400,3.83529E+21,3835.288431,398.81,1529551.379,,,,
4/25/22,April,2022,1650844800,4.36068E+21,4360.677862,404.29,1762978.453,,,,
4/26/22,April,2022,1650931200,4.2479E+21,4247.895748,385.93,1639390.406,,,,
4/27/22,April,2022,1651017600,3.7768E+21,3776.797436,391.41,1478276.285,,,,
4/28/22,April,2022,1651104000,4.39102E+21,4391.024367,406.99,1787103.007,,,,
4/29/22,April,2022,1651190400,4.81021E+21,4810.214864,392.92,1890029.624,,,,
4/30/22,April,2022,1651276800,3.73267E+21,3732.672936,377.03,1407329.677,,,,
5/1/22,May,2022,1651363200,3.71378E+21,3713.780438,390.1,1448745.749,,,,
5/2/22,May,2022,1651449600,3.55307E+21,3553.065609,389.55,1384096.708,,,,
5/3/22,May,2022,1651536000,3.4085E+21,3408.502655,383.8,1308183.319,,,,
5/4/22,May,2022,1651622400,3.73222E+21,3732.219196,402.67,1502852.704,,,,
5/5/22,May,2022,1651708800,3.91409E+21,3914.093256,378.35,1480897.183,,,,
5/6/22,May,2022,1651795200,3.46803E+21,3468.026377,379.18,1315006.242,,,,
5/7/22,May,2022,1651881600,3.30168E+21,3301.678823,365.33,1206202.325,,,,
5/8/22,May,2022,1651968000,3.28838E+21,3288.383175,355.65,1169513.476,,,,
5/9/22,May,2022,1652054400,4.34618E+21,4346.176701,296.3,1287772.156,,,,
5/10/22,May,2022,1652140800,4.05312E+21,4053.124572,318.98,1292865.676,,,,
5/11/22,May,2022,1652227200,6.35621E+21,6356.212051,270.59,1719927.419,,,,
5/12/22,May,2022,1652313600,7.31468E+21,7314.682515,267.95,1959969.18,,,,
5/13/22,May,2022,1652400000,5.3624E+21,5362.396092,290.48,1557668.817,,,,
5/14/22,May,2022,1652486400,4.59475E+21,4594.751801,296.54,1362527.699,,,,
5/15/22,May,2022,1652572800,3.87283E+21,3872.82583,312.06,1208554.028,,,,
5/16/22,May,2022,1652659200,3.89185E+21,3891.853329,296.8,1155102.068,,,,
5/17/22,May,2022,1652745600,3.33681E+21,3336.806282,305.81,1020428.729,,,,
5/18/22,May,2022,1652832000,3.33184E+21,3331.844875,287.27,957139.0773,,,,
5/19/22,May,2022,1652918400,3.3679E+21,3367.898512,306.58,1032530.326,,,,
5/20/22,May,2022,1653004800,3.1982E+21,3198.204998,302.02,965921.8734,,,,
5/21/22,May,2022,1653091200,2.93276E+21,2932.761318,311.97,914933.5483,,,,
5/22/22,May,2022,1653177600,2.98498E+21,2984.976728,319.15,952655.3228,,,,
5/23/22,May,2022,1653264000,3.87831E+21,3878.305369,316.69,1228220.527,,,,
5/24/22,May,2022,1653350400,3.3519E+21,3351.899616,328.06,1099624.188,,,,
5/25/22,May,2022,1653436800,3.8548E+21,3854.802316,325.28,1253890.097,,,,
5/26/22,May,2022,1653523200,3.6158E+21,3615.797644,302.87,1095116.632,,,,
5/27/22,May,2022,1653609600,3.1809E+21,3180.899626,301.28,958341.4393,,,,
5/28/22,May,2022,1653696000,2.90479E+21,2904.79216,307.13,892148.816,,,,
5/29/22,May,2022,1653782400,3.46412E+21,3464.116903,305.73,1059084.461,,,,
5/30/22,May,2022,1653868800,3.33644E+21,3336.436428,321.47,1072564.219,,,,
5/31/22,May,2022,1653955200,3.41314E+21,3413.138831,320.61,1094286.441,,,,
6/1/22,June,2022,1654041600,3.30386E+21,3303.863949,300.05,991324.3778,,,,
6/2/22,June,2022,1654128000,3.21525E+21,3215.250329,308.32,991325.9815,,,,
6/3/22,June,2022,1654214400,2.76524E+21,2765.24251,298.18,824540.0117,,,,
6/4/22,June,2022,1654300800,2.70622E+21,2706.224813,301.14,814952.5402,,,,
6/5/22,June,2022,1654387200,2.86823E+21,2868.232294,298.69,856712.3039,,,,
6/6/22,June,2022,1654473600,3.30676E+21,3306.758779,294.81,974865.5556,,,,
6/7/22,June,2022,1654560000,3.36709E+21,3367.087692,290.16,976994.1646,,,,
6/8/22,June,2022,1654646400,3.4461E+21,3446.100571,288.31,993545.2556,,,,
6/9/22,June,2022,1654732800,3.45475E+21,3454.751298,289.52,1000219.596,,,,
6/10/22,June,2022,1654819200,3.2261E+21,3226.099088,285.97,922567.5562,,,,
6/11/22,June,2022,1654905600,2.98737E+21,2987.374728,269.4,804798.7516,,,,
6/12/22,June,2022,1654992000,2.99698E+21,2996.977738,254.81,763659.8975,,,,
6/13/22,June,2022,1655078400,3.85993E+21,3859.926264,222.73,859721.3769,,,,
6/14/22,June,2022,1655164800,3.94289E+21,3942.893675,222.76,878318.995,,,,
6/15/22,June,2022,1655251200,3.60138E+21,3601.383918,233.27,840094.8265,,,,
6/16/22,June,2022,1655337600,3.01468E+21,3014.683166,210.02,633143.7585,,,,
6/17/22,June,2022,1655424000,2.82115E+21,2821.149676,215.46,607844.9092,,,,
6/18/22,June,2022,1655510400,3.10919E+21,3109.185907,196.74,611701.2353,,,,
6/19/22,June,2022,1655596800,2.5809E+21,2580.903315,214.94,554739.3584,,,,
6/20/22,June,2022,1655683200,2.99259E+21,2992.591705,216.31,647327.5118,,,,
6/21/22,June,2022,1655769600,3.06494E+21,3064.935088,219.89,673948.5765,,,,
6/22/22,June,2022,1655856000,2.82475E+21,2824.75217,213.97,604412.2217,,,,
6/23/22,June,2022,1655942400,2.93414E+21,2934.142137,228.67,670950.2824,,,,
6/24/22,June,2022,1656028800,2.96649E+21,2966.494929,240.05,712107.1077,,,,
6/25/22,June,2022,1656115200,2.78303E+21,2783.034482,239.66,666982.044,,,,
6/26/22,June,2022,1656201600,2.68495E+21,2684.95281,233.73,627554.0202,,,,
6/27/22,June,2022,1656288000,2.81761E+21,2817.610592,233.19,657038.6139,,,,
6/28/22,June,2022,1656374400,3.08842E+21,3088.418706,226.59,699804.7945,,,,
6/29/22,June,2022,1656460800,3.18421E+21,3184.213006,219.45,698775.5442,,,,
6/30/22,June,2022,1656547200,3.23966E+21,3239.657359,219.48,711039.9972,,,,
7/1/22,July,2022,1656633600,3.26556E+21,3265.561058,216.58,707255.2139,,,,
7/2/22,July,2022,1656720000,2.69211E+21,2692.112938,217.86,586503.7247,,,,
7/3/22,July,2022,1656806400,2.63623E+21,2636.228364,218.84,576912.2151,,,,
7/4/22,July,2022,1656892800,3.17168E+21,3171.677492,231.25,733450.4201,,,,
7/5/22,July,2022,1656979200,3.22696E+21,3226.961914,230.56,744008.3389,,,,
7/6/22,July,2022,1657065600,2.91843E+21,2918.434846,238.36,695638.1299,,,,
7/7/22,July,2022,1657152000,2.94666E+21,2946.657488,241.31,711057.9185,,,,
7/8/22,July,2022,1657238400,3.05121E+21,3051.21184,240.45,733663.8869,,,,
7/9/22,July,2022,1657324800,2.49718E+21,2497.179762,243.06,606964.5129,,,,
7/10/22,July,2022,1657411200,2.43162E+21,2431.620142,234.47,570141.9747,,,,
7/11/22,July,2022,1657497600,2.91782E+21,2917.823,225.47,657881.5517,,,,
7/12/22,July,2022,1657584000,2.98252E+21,2982.522415,220.23,656840.9114,,,,
7/13/22,July,2022,1657670400,2.97607E+21,2976.072708,230.31,685419.3053,,,,
7/14/22,July,2022,1657756800,3.11272E+21,3112.716173,238.38,742009.2813,,,,
7/15/22,July,2022,1657843200,3.39773E+21,3397.72937,238.5,810358.4547,,,,
7/16/22,July,2022,1657929600,2.94615E+21,2946.150471,249.76,735830.5417,,,,
7/17/22,July,2022,1658016000,2.87179E+21,2871.790463,247.68,711285.0618,,,,
7/18/22,July,2022,1658102400,3.35449E+21,3354.486722,264.18,886188.3022,,,,
7/19/22,July,2022,1658188800,3.13793E+21,3137.933357,268.68,843099.9343,,,,
7/20/22,July,2022,1658275200,3.16227E+21,3162.271908,258.27,816719.9658,,,,
7/21/22,July,2022,1658361600,2.85792E+21,2857.917678,265.56,758948.6186,,,,
7/22/22,July,2022,1658448000,2.91776E+21,2917.761363,262.59,766174.9563,,,,
7/23/22,July,2022,1658534400,2.44297E+21,2442.973959,259.18,633169.9907,,,,
7/24/22,July,2022,1658620800,2.56737E+21,2567.370433,261.35,670982.2626,,,,
7/25/22,July,2022,1658707200,2.82067E+21,2820.672512,244.33,689174.9149,,,,
7/26/22,July,2022,1658793600,2.63539E+21,2635.387181,249.43,657344.6247,,,,
7/27/22,July,2022,1658880000,3.28341E+21,3283.405394,271.71,892134.0796,,,,
7/28/22,July,2022,1658966400,2.87644E+21,2876.441926,277.34,797752.4039,,,,
7/29/22,July,2022,1659052800,2.82235E+21,2822.354258,293.85,829348.7987,,,,
7/30/22,July,2022,1659139200,2.82783E+21,2827.829216,287.81,813877.5266,,,,
7/31/22,July,2022,1659225600,2.7901E+21,2790.102641,283.51,791021.9996,,,,
8/1/22,August,2022,1659312000,2.84031E+21,2840.308492,283.5,805227.4576,,,,
8/2/22,August,2022,1659398400,2.73392E+21,2733.917366,283.71,775639.6958,,,,
8/3/22,August,2022,1659484800,2.70966E+21,2709.658445,298.25,808155.6311,,,,
8/4/22,August,2022,1659571200,2.7234E+21,2723.396224,311.87,849345.5804,,,,
8/5/22,August,2022,1659657600,2.72627E+21,2726.270608,315.95,861365.1987,,,,
8/6/22,August,2022,1659744000,2.59637E+21,2596.37402,315.31,818662.6922,,,,
8/7/22,August,2022,1659830400,2.43209E+21,2432.085809,322.79,785052.9783,,,,
8/8/22,August,2022,1659916800,2.7454E+21,2745.401617,325.04,892365.3416,,,,
8/9/22,August,2022,1660003200,2.87974E+21,2879.744933,324.59,934736.4077,,,,
8/10/22,August,2022,1660089600,3.1812E+21,3181.19791,328.9,1046295.992,,,,
8/11/22,August,2022,1660176000,2.92585E+21,2925.845574,323.9,947681.3815,,,,
8/12/22,August,2022,1660262400,2.70777E+21,2707.765174,328.24,888796.8409,,,,
8/13/22,August,2022,1660348800,2.4071E+21,2407.095131,324.29,780596.8801,,,,
8/14/22,August,2022,1660435200,2.34775E+21,2347.749463,317.75,745997.392,,,,
8/15/22,August,2022,1660521600,2.82958E+21,2829.576822,319.58,904276.1609,,,,
8/16/22,August,2022,1660608000,2.55189E+21,2551.892788,316.17,806831.9428,,,,
8/17/22,August,2022,1660694400,2.41278E+21,2412.780497,306.88,740434.0788,,,,
8/18/22,August,2022,1660780800,2.62825E+21,2628.251116,298.11,783507.9401,,,,
8/19/22,August,2022,1660867200,2.65035E+21,2650.350519,279.11,739739.3335,,,,
8/20/22,August,2022,1660953600,2.18196E+21,2181.964353,283.64,618892.3692,,,,
8/21/22,August,2022,1661040000,1.97055E+21,1970.551731,301.88,594870.1565,,,,
8/22/22,August,2022,1661126400,2.29577E+21,2295.774209,299.91,688525.6429,,,,
8/23/22,August,2022,1661212800,2.36402E+21,2364.022813,299.15,707197.4244,,,,
8/24/22,August,2022,1661299200,2.33038E+21,2330.382189,296.34,690585.458,,,,
8/25/22,August,2022,1661385600,2.34717E+21,2347.169575,301.46,707577.7401,,,,
8/26/22,August,2022,1661472000,2.61164E+21,2611.639116,279.53,730031.482,,,,
8/27/22,August,2022,1661558400,2.32945E+21,2329.452797,277.81,647145.2815,,,,
8/28/22,August,2022,1661644800,2.29828E+21,2298.283524,276.36,635153.6347,,,,
8/29/22,August,2022,1661731200,2.67156E+21,2671.555096,286.02,764118.1884,,,,
8/30/22,August,2022,1661817600,2.69518E+21,2695.181568,281.52,758747.515,,,,
8/31/22,August,2022,1661904000,2.51093E+21,2510.93026,279.12,700850.8543,,,,
9/1/22,September,2022,1661990400,2.69408E+21,2694.080623,278.27,749681.815,,,,
9/2/22,September,2022,1662076800,2.49423E+21,2494.228965,277.45,692023.8264,,,,
9/3/22,September,2022,1662163200,2.31531E+21,2315.310076,277.89,643401.5171,,,,
9/4/22,September,2022,1662249600,2.13685E+21,2136.84958,279.13,596458.8233,,,,
9/5/22,September,2022,1662336000,2.72964E+21,2729.641511,276.87,755755.8451,,,,
9/6/22,September,2022,1662422400,2.86416E+21,2864.157636,262.3,751268.5479,,,,
9/7/22,September,2022,1662508800,2.74924E+21,2749.237662,279.07,767229.7544,,,,
9/8/22,September,2022,1662595200,2.91636E+21,2916.355665,280.66,818504.3809,,,,
9/9/22,September,2022,1662681600,3.39018E+21,3390.177161,293.6,995356.0144,,,,
9/10/22,September,2022,1662768000,2.3002E+21,2300.20217,296.73,682538.9899,,,,
9/11/22,September,2022,1662854400,2.14778E+21,2147.778219,295.4,634453.6859,,,,
9/12/22,September,2022,1662940800,2.51411E+21,2514.113904,294.11,739426.0404,,,,
9/13/22,September,2022,1663027200,2.47981E+21,2479.809116,277.5,688147.0296,,,,
9/14/22,September,2022,1663113600,2.42833E+21,2428.325472,279.36,678377.0038,,,,
9/15/22,September,2022,1663200000,2.6343E+21,2634.303547,271.09,714133.3485,,,,
9/16/22,September,2022,1663286400,2.83188E+21,2831.88143,274.89,778455.8862,,,,
9/17/22,September,2022,1663372800,2.18725E+21,2187.249151,279.06,610373.748,,,,
9/18/22,September,2022,1663459200,2.18548E+21,2185.482694,266.39,582190.735,,,,
9/19/22,September,2022,1663545600,2.50771E+21,2507.707777,272.04,682196.8238,,,,
9/20/22,September,2022,1663632000,2.39742E+21,2397.424966,266.39,638650.0366,,,,
9/21/22,September,2022,1663718400,2.3807E+21,2380.698098,264.14,628837.5955,,,,