Date(UTC),UnixTimeStamp,Gas Used,Month,Year,Gas Used BSC,,,,,,,
8/29/20,1598659200,5681943,August,2020,0.05681943,,,,,,,
8/30/20,1598745600,3056068,August,2020,0.03056068,,,,,,,
8/31/20,1598832000,32640094,August,2020,0.32640094,,,,,,Row Labels,Sum of Gas Used BSC
9/1/20,1598918400,57753027,September,2020,0.57753027,,,,,,2020,21978.65677
9/2/20,1599004800,41813796,September,2020,0.41813796,,,,,,August,0.41378105
9/3/20,1599091200,618602004,September,2020,6.18602004,,,,,,September,2777.496312
9/4/20,1599177600,716887547,September,2020,7.16887547,,,,,,October,6350.351695
9/5/20,1599264000,242820631,September,2020,2.42820631,,,,,,November,5225.268344
9/6/20,1599350400,392147732,September,2020,3.92147732,,,,,,December,7625.12664
9/7/20,1599436800,512641544,September,2020,5.12641544,,,,,,2021,3096212.434
9/8/20,1599523200,1646094149,September,2020,16.46094149,,,,,,January,12973.50224
9/9/20,1599609600,1542653638,September,2020,15.42653638,,,,,,February,69304.17035
9/10/20,1599696000,1162431523,September,2020,11.62431523,,,,,,March,96617.07128
9/11/20,1599782400,2993299145,September,2020,29.93299145,,,,,,April,203176.547
9/12/20,1599868800,12972767710,September,2020,129.7276771,,,,,,May,303936.5248
9/13/20,1599955200,18255337420,September,2020,182.5533742,,,,,,June,187777.2709
9/14/20,1600041600,44365073393,September,2020,443.6507339,,,,,,July,288555.6467
9/15/20,1600128000,18175103048,September,2020,181.7510305,,,,,,August,374711.5913
9/16/20,1600214400,9532344295,September,2020,95.32344295,,,,,,September,256324.7695
9/17/20,1600300800,9844566092,September,2020,98.44566092,,,,,,October,349093.1707
9/18/20,1600387200,10809980594,September,2020,108.0998059,,,,,,November,578345.8932
9/19/20,1600473600,6291155740,September,2020,62.9115574,,,,,,December,375396.276
9/20/20,1600560000,5198801024,September,2020,51.98801024,,,,,,2022,1623869.771
9/21/20,1600646400,8154470609,September,2020,81.54470609,,,,,,January,270653.9605
9/22/20,1600732800,12193543246,September,2020,121.9354325,,,,,,February,228756.7684
9/23/20,1600819200,9560173864,September,2020,95.60173864,,,,,,March,213460.0759
9/24/20,1600905600,15602487454,September,2020,156.0248745,,,,,,April,203557.8632
9/25/20,1600992000,11247853864,September,2020,112.4785386,,,,,,May,191984.8304
9/26/20,1601078400,9763288939,September,2020,97.63288939,,,,,,June,153587.7393
9/27/20,1601164800,10396354342,September,2020,103.9635434,,,,,,July,146174.682
9/28/20,1601251200,17017495879,September,2020,170.1749588,,,,,,August,129469.7013
9/29/20,1601337600,20073233542,September,2020,200.7323354,,,,,,September,86224.15028
9/30/20,1601424000,18368455396,September,2020,183.684554,,,,,,Grand Total,4742060.862
10/1/20,1601510400,16282188759,October,2020,162.8218876,,,,,,,
10/2/20,1601596800,12530266823,October,2020,125.3026682,,,,,,,
10/3/20,1601683200,16278131652,October,2020,162.7813165,,,,,,,
10/4/20,1601769600,13200714363,October,2020,132.0071436,,,,,,,
10/5/20,1601856000,14055474035,October,2020,140.5547404,,,,,,,
10/6/20,1601942400,15809612016,October,2020,158.0961202,,,,,,,
10/7/20,1602028800,18288546714,October,2020,182.8854671,,,,,,,
10/8/20,1602115200,19669325312,October,2020,196.6932531,,,,,,,
10/9/20,1602201600,21192651371,October,2020,211.9265137,,,,,,,
10/10/20,1602288000,19648838764,October,2020,196.4883876,,,,,,,
10/11/20,1602374400,17222754390,October,2020,172.2275439,,,,,,,
10/12/20,1602460800,19361811207,October,2020,193.6181121,,,,,,,
10/13/20,1602547200,18156122650,October,2020,181.5612265,,,,,,,
10/14/20,1602633600,16400636946,October,2020,164.0063695,,,,,,,
10/15/20,1602720000,24644224595,October,2020,246.442246,,,,,,,
10/16/20,1602806400,22707565227,October,2020,227.0756523,,,,,,,
10/17/20,1602892800,30429534614,October,2020,304.2953461,,,,,,,
10/18/20,1602979200,23025772178,October,2020,230.2577218,,,,,,,
10/19/20,1603065600,23742170579,October,2020,237.4217058,,,,,,,
10/20/20,1603152000,32375099868,October,2020,323.7509987,,,,,,,
10/21/20,1603238400,21321263771,October,2020,213.2126377,,,,,,,
10/22/20,1603324800,18166304367,October,2020,181.6630437,,,,,,,
10/23/20,1603411200,25308480079,October,2020,253.0848008,,,,,,,
10/24/20,1603497600,17159375090,October,2020,171.5937509,,,,,,,
10/25/20,1603584000,19157243127,October,2020,191.5724313,,,,,,,
10/26/20,1603670400,26761659228,October,2020,267.6165923,,,,,,,
10/27/20,1603756800,24743009362,October,2020,247.4300936,,,,,,,
10/28/20,1603843200,24487444314,October,2020,244.8744431,,,,,,,
10/29/20,1603929600,25773500106,October,2020,257.7350011,,,,,,,
10/30/20,1604016000,21476515754,October,2020,214.7651575,,,,,,,
10/31/20,1604102400,15658932212,October,2020,156.5893221,,,,,,,
11/1/20,1604188800,13805060729,November,2020,138.0506073,,,,,,,
11/2/20,1604275200,16315169918,November,2020,163.1516992,,,,,,,
11/3/20,1604361600,21899559150,November,2020,218.9955915,,,,,,,
11/4/20,1604448000,16897588007,November,2020,168.9758801,,,,,,,
11/5/20,1604534400,14235114746,November,2020,142.3511475,,,,,,,
11/6/20,1604620800,16359223512,November,2020,163.5922351,,,,,,,
11/7/20,1604707200,17852676953,November,2020,178.5267695,,,,,,,
11/8/20,1604793600,17048625743,November,2020,170.4862574,,,,,,,
11/9/20,1604880000,15934962364,November,2020,159.3496236,,,,,,,
11/10/20,1604966400,19563186870,November,2020,195.6318687,,,,,,,
11/11/20,1605052800,34124886166,November,2020,341.2488617,,,,,,,
11/12/20,1605139200,12691918295,November,2020,126.919183,,,,,,,
11/13/20,1605225600,14462117363,November,2020,144.6211736,,,,,,,
11/14/20,1605312000,10971432514,November,2020,109.7143251,,,,,,,
11/15/20,1605398400,13235582075,November,2020,132.3558208,,,,,,,
11/16/20,1605484800,17483142563,November,2020,174.8314256,,,,,,,
11/17/20,1605571200,16697710512,November,2020,166.9771051,,,,,,,
11/18/20,1605657600,16946944689,November,2020,169.4694469,,,,,,,
11/19/20,1605744000,16080479702,November,2020,160.804797,,,,,,,
11/20/20,1605830400,15583045004,November,2020,155.83045,,,,,,,
11/21/20,1605916800,12372356140,November,2020,123.7235614,,,,,,,
11/22/20,1606003200,12236997854,November,2020,122.3699785,,,,,,,
11/23/20,1606089600,12828674735,November,2020,128.2867474,,,,,,,
11/24/20,1606176000,17672052135,November,2020,176.7205214,,,,,,,
11/25/20,1606262400,18897448331,November,2020,188.9744833,,,,,,,
11/26/20,1606348800,19991826882,November,2020,199.9182688,,,,,,,
11/27/20,1606435200,26161252189,November,2020,261.6125219,,,,,,,
11/28/20,1606521600,25927994117,November,2020,259.2799412,,,,,,,
11/29/20,1606608000,18990130177,November,2020,189.9013018,,,,,,,
11/30/20,1606694400,19259674935,November,2020,192.5967494,,,,,,,
12/1/20,1606780800,19380640332,December,2020,193.8064033,,,,,,,
12/2/20,1606867200,19862225326,December,2020,198.6222533,,,,,,,
12/3/20,1606953600,29710658734,December,2020,297.1065873,,,,,,,
12/4/20,1607040000,30400349016,December,2020,304.0034902,,,,,,,
12/5/20,1607126400,22835727635,December,2020,228.3572764,,,,,,,
12/6/20,1607212800,19030210260,December,2020,190.3021026,,,,,,,
12/7/20,1607299200,17394413120,December,2020,173.9441312,,,,,,,
12/8/20,1607385600,19203574782,December,2020,192.0357478,,,,,,,
12/9/20,1607472000,18812520132,December,2020,188.1252013,,,,,,,
12/10/20,1607558400,17403549932,December,2020,174.0354993,,,,,,,
12/11/20,1607644800,15706380411,December,2020,157.0638041,,,,,,,
12/12/20,1607731200,16032781074,December,2020,160.3278107,,,,,,,
12/13/20,1607817600,14350386065,December,2020,143.5038607,,,,,,,
12/14/20,1607904000,16016818672,December,2020,160.1681867,,,,,,,
12/15/20,1607990400,14561201838,December,2020,145.6120184,,,,,,,
12/16/20,1608076800,15892339236,December,2020,158.9233924,,,,,,,
12/17/20,1608163200,15671735719,December,2020,156.7173572,,,,,,,
12/18/20,1608249600,19549519585,December,2020,195.4951959,,,,,,,
12/19/20,1608336000,24160092173,December,2020,241.6009217,,,,,,,
12/20/20,1608422400,21140555310,December,2020,211.4055531,,,,,,,
12/21/20,1608508800,33339618013,December,2020,333.3961801,,,,,,,
12/22/20,1608595200,37814755819,December,2020,378.1475582,,,,,,,
12/23/20,1608681600,39722474630,December,2020,397.2247463,,,,,,,
12/24/20,1608768000,40660628696,December,2020,406.606287,,,,,,,
12/25/20,1608854400,29928309866,December,2020,299.2830987,,,,,,,
12/26/20,1608940800,28889067990,December,2020,288.8906799,,,,,,,
12/27/20,1609027200,31269555526,December,2020,312.6955553,,,,,,,
12/28/20,1609113600,30824330695,December,2020,308.243307,,,,,,,
12/29/20,1609200000,33087575239,December,2020,330.8757524,,,,,,,
12/30/20,1609286400,30782575921,December,2020,307.8257592,,,,,,,
12/31/20,1609372800,39078092205,December,2020,390.7809221,,,,,,,
1/1/21,1609459200,33284642090,January,2021,332.8464209,,,,,,,
1/2/21,1609545600,35537373125,January,2021,355.3737313,,,,,,,
1/3/21,1609632000,40213613032,January,2021,402.1361303,,,,,,,
1/4/21,1609718400,41557046146,January,2021,415.5704615,,,,,,,
1/5/21,1609804800,39635373743,January,2021,396.3537374,,,,,,,
1/6/21,1609891200,36982736751,January,2021,369.8273675,,,,,,,
1/7/21,1609977600,40106690510,January,2021,401.0669051,,,,,,,
1/8/21,1610064000,40470963140,January,2021,404.7096314,,,,,,,
1/9/21,1610150400,38525756813,January,2021,385.2575681,,,,,,,
1/10/21,1610236800,39608560844,January,2021,396.0856084,,,,,,,
1/11/21,1610323200,39747888536,January,2021,397.4788854,,,,,,,
1/12/21,1610409600,34185591836,January,2021,341.8559184,,,,,,,
1/13/21,1610496000,37817012650,January,2021,378.1701265,,,,,,,
1/14/21,1610582400,37086374800,January,2021,370.863748,,,,,,,
1/15/21,1610668800,32545549848,January,2021,325.4554985,,,,,,,
1/16/21,1610755200,30329737569,January,2021,303.2973757,,,,,,,
1/17/21,1610841600,29605469609,January,2021,296.0546961,,,,,,,
1/18/21,1610928000,29542421078,January,2021,295.4242108,,,,,,,
1/19/21,1611014400,34039175739,January,2021,340.3917574,,,,,,,
1/20/21,1611100800,31072324639,January,2021,310.7232464,,,,,,,
1/21/21,1611187200,34728730673,January,2021,347.2873067,,,,,,,
1/22/21,1611273600,35884668669,January,2021,358.8466867,,,,,,,
1/23/21,1611360000,34976127648,January,2021,349.7612765,,,,,,,
1/24/21,1611446400,36537134260,January,2021,365.3713426,,,,,,,
1/25/21,1611532800,42275160964,January,2021,422.7516096,,,,,,,
1/26/21,1611619200,53271585399,January,2021,532.715854,,,,,,,
1/27/21,1611705600,71974660348,January,2021,719.7466035,,,,,,,
1/28/21,1611792000,74396722742,January,2021,743.9672274,,,,,,,
1/29/21,1611878400,59138583515,January,2021,591.3858352,,,,,,,
1/30/21,1611964800,64303291174,January,2021,643.0329117,,,,,,,
1/31/21,1612051200,67969256406,January,2021,679.6925641,,,,,,,
2/1/21,1612137600,70672744503,February,2021,706.727445,,,,,,,
2/2/21,1612224000,73905877156,February,2021,739.0587716,,,,,,,
2/3/21,1612310400,75696419315,February,2021,756.9641932,,,,,,,
2/4/21,1612396800,86978175635,February,2021,869.7817564,,,,,,,
2/5/21,1612483200,1.02245E+11,February,2021,1022.447643,,,,,,,
2/6/21,1612569600,1.06796E+11,February,2021,1067.957341,,,,,,,
2/7/21,1612656000,1.08293E+11,February,2021,1082.934876,,,,,,,
2/8/21,1612742400,1.30841E+11,February,2021,1308.407861,,,,,,,
2/9/21,1612828800,1.60718E+11,February,2021,1607.175663,,,,,,,
2/10/21,1612915200,1.74068E+11,February,2021,1740.679256,,,,,,,
2/11/21,1613001600,1.72484E+11,February,2021,1724.837248,,,,,,,
2/12/21,1613088000,1.52727E+11,February,2021,1527.273224,,,,,,,
2/13/21,1613174400,1.40547E+11,February,2021,1405.465666,,,,,,,
2/14/21,1613260800,1.95912E+11,February,2021,1959.123722,,,,,,,
2/15/21,1613347200,2.36305E+11,February,2021,2363.054353,,,,,,,
2/16/21,1613433600,2.78857E+11,February,2021,2788.565627,,,,,,,
2/17/21,1613520000,2.93236E+11,February,2021,2932.364968,,,,,,,
2/18/21,1613606400,3.7431E+11,February,2021,3743.098269,,,,,,,
2/19/21,1613692800,4.10161E+11,February,2021,4101.610384,,,,,,,
2/20/21,1613779200,3.66386E+11,February,2021,3663.86216,,,,,,,
2/21/21,1613865600,3.57665E+11,February,2021,3576.647735,,,,,,,
2/22/21,1613952000,3.73569E+11,February,2021,3735.693065,,,,,,,
2/23/21,1614038400,3.304E+11,February,2021,3303.996068,,,,,,,
2/24/21,1614124800,3.49921E+11,February,2021,3499.209503,,,,,,,
2/25/21,1614211200,3.67411E+11,February,2021,3674.105005,,,,,,,
2/26/21,1614297600,4.72581E+11,February,2021,4725.807726,,,,,,,
2/27/21,1614384000,4.94298E+11,February,2021,4942.97729,,,,,,,
2/28/21,1614470400,4.73434E+11,February,2021,4734.34353,,,,,,,
3/1/21,1614556800,4.83999E+11,March,2021,4839.990714,,,,,,,
3/2/21,1614643200,4.92437E+11,March,2021,4924.37408,,,,,,,
3/3/21,1614729600,3.43466E+11,March,2021,3434.657583,,,,,,,
3/4/21,1614816000,2.74608E+11,March,2021,2746.078362,,,,,,,
3/5/21,1614902400,2.44523E+11,March,2021,2445.225857,,,,,,,
3/6/21,1614988800,2.30725E+11,March,2021,2307.251462,,,,,,,
3/7/21,1615075200,2.79285E+11,March,2021,2792.845279,,,,,,,
3/8/21,1615161600,2.49627E+11,March,2021,2496.272149,,,,,,,
3/9/21,1615248000,2.66183E+11,March,2021,2661.832937,,,,,,,
3/10/21,1615334400,2.85782E+11,March,2021,2857.820858,,,,,,,
3/11/21,1615420800,3.10262E+11,March,2021,3102.617234,,,,,,,
3/12/21,1615507200,2.79816E+11,March,2021,2798.158371,,,,,,,
3/13/21,1615593600,2.7015E+11,March,2021,2701.495068,,,,,,,
3/14/21,1615680000,2.98208E+11,March,2021,2982.084401,,,,,,,
3/15/21,1615766400,3.41961E+11,March,2021,3419.614724,,,,,,,
3/16/21,1615852800,3.41302E+11,March,2021,3413.024056,,,,,,,
3/17/21,1615939200,3.03441E+11,March,2021,3034.406561,,,,,,,
3/18/21,1616025600,3.32526E+11,March,2021,3325.255655,,,,,,,
3/19/21,1616112000,2.88617E+11,March,2021,2886.169771,,,,,,,
3/20/21,1616198400,2.59792E+11,March,2021,2597.916504,,,,,,,
3/21/21,1616284800,2.72271E+11,March,2021,2722.71326,,,,,,,
3/22/21,1616371200,2.97089E+11,March,2021,2970.886744,,,,,,,
3/23/21,1616457600,3.09655E+11,March,2021,3096.549379,,,,,,,
3/24/21,1616544000,3.6001E+11,March,2021,3600.104221,,,,,,,
3/25/21,1616630400,3.63638E+11,March,2021,3636.380269,,,,,,,
3/26/21,1616716800,3.20872E+11,March,2021,3208.723923,,,,,,,
3/27/21,1616803200,3.11237E+11,March,2021,3112.371278,,,,,,,
3/28/21,1616889600,2.95401E+11,March,2021,2954.008074,,,,,,,
3/29/21,1616976000,3.10892E+11,March,2021,3108.919669,,,,,,,
3/30/21,1617062400,3.16261E+11,March,2021,3162.614476,,,,,,,
3/31/21,1617148800,3.27671E+11,March,2021,3276.70836,,,,,,,
4/1/21,1617235200,3.47114E+11,April,2021,3471.143385,,,,,,,
4/2/21,1617321600,3.94413E+11,April,2021,3944.133565,,,,,,,
4/3/21,1617408000,3.94978E+11,April,2021,3949.778999,,,,,,,
4/4/21,1617494400,4.02963E+11,April,2021,4029.630175,,,,,,,
4/5/21,1617580800,4.39133E+11,April,2021,4391.325466,,,,,,,
4/6/21,1617667200,4.14202E+11,April,2021,4142.016604,,,,,,,
4/7/21,1617753600,4.50848E+11,April,2021,4508.479007,,,,,,,
4/8/21,1617840000,6.16637E+11,April,2021,6166.371045,,,,,,,
4/9/21,1617926400,5.48127E+11,April,2021,5481.271822,,,,,,,
4/10/21,1618012800,5.22048E+11,April,2021,5220.484809,,,,,,,
4/11/21,1618099200,4.83217E+11,April,2021,4832.174762,,,,,,,
4/12/21,1618185600,5.58706E+11,April,2021,5587.059981,,,,,,,
4/13/21,1618272000,4.91482E+11,April,2021,4914.818972,,,,,,,
4/14/21,1618358400,4.96495E+11,April,2021,4964.951516,,,,,,,
4/15/21,1618444800,5.44204E+11,April,2021,5442.039759,,,,,,,
4/16/21,1618531200,5.32637E+11,April,2021,5326.366714,,,,,,,
4/17/21,1618617600,5.72469E+11,April,2021,5724.692777,,,,,,,
4/18/21,1618704000,6.44714E+11,April,2021,6447.142977,,,,,,,
4/19/21,1618790400,8.09448E+11,April,2021,8094.48329,,,,,,,
4/20/21,1618876800,1.20545E+12,April,2021,12054.52814,,,,,,,
4/21/21,1618963200,1.33544E+12,April,2021,13354.4462,,,,,,,
4/22/21,1619049600,9.95273E+11,April,2021,9952.73262,,,,,,,
4/23/21,1619136000,8.57243E+11,April,2021,8572.429725,,,,,,,
4/24/21,1619222400,9.72358E+11,April,2021,9723.583837,,,,,,,
4/25/21,1619308800,8.76318E+11,April,2021,8763.179123,,,,,,,
4/26/21,1619395200,9.56713E+11,April,2021,9567.126413,,,,,,,
4/27/21,1619481600,8.96362E+11,April,2021,8963.623165,,,,,,,
4/28/21,1619568000,8.38129E+11,April,2021,8381.293568,,,,,,,
4/29/21,1619654400,8.65968E+11,April,2021,8659.677412,,,,,,,
4/30/21,1619740800,8.54556E+11,April,2021,8545.561125,,,,,,,
5/1/21,1619827200,8.33583E+11,May,2021,8335.83407,,,,,,,
5/2/21,1619913600,9.17701E+11,May,2021,9177.012487,,,,,,,
5/3/21,1620000000,9.61535E+11,May,2021,9615.347395,,,,,,,
5/4/21,1620086400,8.74688E+11,May,2021,8746.883384,,,,,,,
5/5/21,1620172800,9.01064E+11,May,2021,9010.639146,,,,,,,
5/6/21,1620259200,1.02014E+12,May,2021,10201.3856,,,,,,,
5/7/21,1620345600,1.05752E+12,May,2021,10575.15381,,,,,,,
5/8/21,1620432000,1.02608E+12,May,2021,10260.76751,,,,,,,
5/9/21,1620518400,1.15656E+12,May,2021,11565.56559,,,,,,,
5/10/21,1620604800,1.04396E+12,May,2021,10439.55633,,,,,,,
5/11/21,1620691200,1.22539E+12,May,2021,12253.86831,,,,,,,
5/12/21,1620777600,1.29353E+12,May,2021,12935.26017,,,,,,,
5/13/21,1620864000,1.2033E+12,May,2021,12033.04694,,,,,,,
5/14/21,1620950400,1.30658E+12,May,2021,13065.77453,,,,,,,
5/15/21,1621036800,1.2825E+12,May,2021,12825.00411,,,,,,,
5/16/21,1621123200,1.20155E+12,May,2021,12015.4916,,,,,,,
5/17/21,1621209600,1.14707E+12,May,2021,11470.68822,,,,,,,
5/18/21,1621296000,1.14719E+12,May,2021,11471.85839,,,,,,,
5/19/21,1621382400,1.22166E+12,May,2021,12216.55414,,,,,,,
5/20/21,1621468800,1.18297E+12,May,2021,11829.72733,,,,,,,
5/21/21,1621555200,9.23201E+11,May,2021,9232.014247,,,,,,,
5/22/21,1621641600,7.00928E+11,May,2021,7009.27713,,,,,,,
5/23/21,1621728000,8.9388E+11,May,2021,8938.80404,,,,,,,
5/24/21,1621814400,7.50975E+11,May,2021,7509.748175,,,,,,,
5/25/21,1621900800,7.2453E+11,May,2021,7245.29639,,,,,,,
5/26/21,1621987200,7.38983E+11,May,2021,7389.831465,,,,,,,
5/27/21,1622073600,8.87972E+11,May,2021,8879.718543,,,,,,,
5/28/21,1622160000,7.43228E+11,May,2021,7432.277289,,,,,,,
5/29/21,1622246400,6.83122E+11,May,2021,6831.21578,,,,,,,
5/30/21,1622332800,6.43082E+11,May,2021,6430.823758,,,,,,,
5/31/21,1622419200,6.9921E+11,May,2021,6992.098949,,,,,,,
6/1/21,1622505600,7.6227E+11,June,2021,7622.700829,,,,,,,
6/2/21,1622592000,7.95326E+11,June,2021,7953.263758,,,,,,,
6/3/21,1622678400,7.4923E+11,June,2021,7492.297672,,,,,,,
6/4/21,1622764800,7.09371E+11,June,2021,7093.711615,,,,,,,
6/5/21,1622851200,7.23938E+11,June,2021,7239.382819,,,,,,,
6/6/21,1622937600,6.50563E+11,June,2021,6505.631615,,,,,,,
6/7/21,1623024000,7.39897E+11,June,2021,7398.96601,,,,,,,
6/8/21,1623110400,6.52488E+11,June,2021,6524.879485,,,,,,,
6/9/21,1623196800,6.52299E+11,June,2021,6522.985224,,,,,,,
6/10/21,1623283200,6.46431E+11,June,2021,6464.314974,,,,,,,
6/11/21,1623369600,6.44776E+11,June,2021,6447.759767,,,,,,,
6/12/21,1623456000,5.65519E+11,June,2021,5655.186172,,,,,,,
6/13/21,1623542400,5.71372E+11,June,2021,5713.719328,,,,,,,
6/14/21,1623628800,5.97943E+11,June,2021,5979.434805,,,,,,,
6/15/21,1623715200,6.5648E+11,June,2021,6564.80454,,,,,,,
6/16/21,1623801600,6.65473E+11,June,2021,6654.726034,,,,,,,
6/17/21,1623888000,6.6646E+11,June,2021,6664.599326,,,,,,,
6/18/21,1623974400,6.4368E+11,June,2021,6436.795208,,,,,,,
6/19/21,1624060800,5.62597E+11,June,2021,5625.968848,,,,,,,
6/20/21,1624147200,5.21246E+11,June,2021,5212.46169,,,,,,,
6/21/21,1624233600,6.41621E+11,June,2021,6416.213685,,,,,,,
6/22/21,1624320000,6.40055E+11,June,2021,6400.547605,,,,,,,
6/23/21,1624406400,5.92064E+11,June,2021,5920.639739,,,,,,,
6/24/21,1624492800,5.66792E+11,June,2021,5667.922928,,,,,,,
6/25/21,1624579200,5.8665E+11,June,2021,5866.497432,,,,,,,
6/26/21,1624665600,4.8531E+11,June,2021,4853.099473,,,,,,,
6/27/21,1624752000,4.97241E+11,June,2021,4972.412618,,,,,,,
6/28/21,1624838400,5.4733E+11,June,2021,5473.299288,,,,,,,
6/29/21,1624924800,5.44323E+11,June,2021,5443.232109,,,,,,,
6/30/21,1625011200,4.98982E+11,June,2021,4989.816297,,,,,,,
7/1/21,1625097600,5.57375E+11,July,2021,5573.753821,,,,,,,
7/2/21,1625184000,5.07657E+11,July,2021,5076.569616,,,,,,,
7/3/21,1625270400,5.26268E+11,July,2021,5262.677834,,,,,,,
7/4/21,1625356800,5.95623E+11,July,2021,5956.231227,,,,,,,
7/5/21,1625443200,6.22415E+11,July,2021,6224.149947,,,,,,,
7/6/21,1625529600,6.54243E+11,July,2021,6542.429327,,,,,,,
7/7/21,1625616000,6.24234E+11,July,2021,6242.335185,,,,,,,
7/8/21,1625702400,5.69524E+11,July,2021,5695.239185,,,,,,,
7/9/21,1625788800,5.83017E+11,July,2021,5830.166054,,,,,,,
7/10/21,1625875200,5.78347E+11,July,2021,5783.468825,,,,,,,
7/11/21,1625961600,5.4391E+11,July,2021,5439.099978,,,,,,,
7/12/21,1626048000,5.97417E+11,July,2021,5974.167684,,,,,,,
7/13/21,1626134400,5.81812E+11,July,2021,5818.11914,,,,,,,
7/14/21,1626220800,5.94783E+11,July,2021,5947.825465,,,,,,,
7/15/21,1626307200,5.98662E+11,July,2021,5986.618303,,,,,,,
7/16/21,1626393600,5.56154E+11,July,2021,5561.536006,,,,,,,
7/17/21,1626480000,5.74824E+11,July,2021,5748.243431,,,,,,,
7/18/21,1626566400,6.25225E+11,July,2021,6252.247658,,,,,,,
7/19/21,1626652800,7.83257E+11,July,2021,7832.574686,,,,,,,
7/20/21,1626739200,8.27192E+11,July,2021,8271.920587,,,,,,,
7/21/21,1626825600,8.4523E+11,July,2021,8452.298575,,,,,,,
7/22/21,1626912000,1.00087E+12,July,2021,10008.74588,,,,,,,
7/23/21,1626998400,1.23864E+12,July,2021,12386.43191,,,,,,,
7/24/21,1627084800,1.31691E+12,July,2021,13169.05051,,,,,,,
7/25/21,1627171200,1.40843E+12,July,2021,14084.3409,,,,,,,
7/26/21,1627257600,1.69495E+12,July,2021,16949.47421,,,,,,,
7/27/21,1627344000,1.89191E+12,July,2021,18919.08597,,,,,,,
7/28/21,1627430400,2.05208E+12,July,2021,20520.84334,,,,,,,
7/29/21,1627516800,2.06276E+12,July,2021,20627.61617,,,,,,,
7/30/21,1627603200,1.6716E+12,July,2021,16716.01549,,,,,,,
7/31/21,1627689600,1.57024E+12,July,2021,15702.36972,,,,,,,
8/1/21,1627776000,1.63024E+12,August,2021,16302.4427,,,,,,,
8/2/21,1627862400,1.52296E+12,August,2021,15229.57924,,,,,,,
8/3/21,1627948800,1.424E+12,August,2021,14240.0333,,,,,,,
8/4/21,1628035200,1.37658E+12,August,2021,13765.80614,,,,,,,
8/5/21,1628121600,1.31923E+12,August,2021,13192.28023,,,,,,,
8/6/21,1628208000,1.31955E+12,August,2021,13195.4769,,,,,,,
8/7/21,1628294400,1.31567E+12,August,2021,13156.71882,,,,,,,
8/8/21,1628380800,1.30545E+12,August,2021,13054.48235,,,,,,,
8/9/21,1628467200,1.27595E+12,August,2021,12759.50658,,,,,,,
8/10/21,1628553600,1.32865E+12,August,2021,13286.46002,,,,,,,
8/11/21,1628640000,1.49755E+12,August,2021,14975.49859,,,,,,,
8/12/21,1628726400,1.24849E+12,August,2021,12484.90584,,,,,,,
8/13/21,1628812800,1.13591E+12,August,2021,11359.13658,,,,,,,
8/14/21,1628899200,9.55811E+11,August,2021,9558.111304,,,,,,,
8/15/21,1628985600,1.06189E+12,August,2021,10618.93248,,,,,,,
8/16/21,1629072000,1.20529E+12,August,2021,12052.92919,,,,,,,
8/17/21,1629158400,1.12862E+12,August,2021,11286.20946,,,,,,,
8/18/21,1629244800,1.10251E+12,August,2021,11025.13952,,,,,,,
8/19/21,1629331200,1.33156E+12,August,2021,13315.58621,,,,,,,
8/20/21,1629417600,1.26475E+12,August,2021,12647.49322,,,,,,,
8/21/21,1629504000,1.29187E+12,August,2021,12918.73226,,,,,,,
8/22/21,1629590400,1.11521E+12,August,2021,11152.12566,,,,,,,
8/23/21,1629676800,9.46356E+11,August,2021,9463.555371,,,,,,,
8/24/21,1629763200,7.76077E+11,August,2021,7760.771167,,,,,,,
8/25/21,1629849600,7.79563E+11,August,2021,7795.628192,,,,,,,
8/26/21,1629936000,8.67527E+11,August,2021,8675.273851,,,,,,,
8/27/21,1630022400,1.0257E+12,August,2021,10256.98581,,,,,,,
8/28/21,1630108800,1.29601E+12,August,2021,12960.0735,,,,,,,
8/29/21,1630195200,1.1319E+12,August,2021,11319.02823,,,,,,,
8/30/21,1630281600,1.17785E+12,August,2021,11778.46276,,,,,,,
8/31/21,1630368000,1.31242E+12,August,2021,13124.22584,,,,,,,
9/1/21,1630454400,1.2294E+12,September,2021,12294.03441,,,,,,,
9/2/21,1630540800,1.22756E+12,September,2021,12275.59526,,,,,,,
9/3/21,1630627200,1.22926E+12,September,2021,12292.5867,,,,,,,
9/4/21,1630713600,1.17325E+12,September,2021,11732.47705,,,,,,,
9/5/21,1630800000,1.04796E+12,September,2021,10479.60712,,,,,,,
9/6/21,1630886400,1.00133E+12,September,2021,10013.29674,,,,,,,
9/7/21,1630972800,1.02731E+12,September,2021,10273.14968,,,,,,,
9/8/21,1631059200,9.00321E+11,September,2021,9003.212102,,,,,,,
9/9/21,1631145600,9.18453E+11,September,2021,9184.52565,,,,,,,
9/10/21,1631232000,8.04749E+11,September,2021,8047.488147,,,,,,,
9/11/21,1631318400,6.33864E+11,September,2021,6338.643544,,,,,,,
9/12/21,1631404800,6.86978E+11,September,2021,6869.782069,,,,,,,
9/13/21,1631491200,7.13284E+11,September,2021,7132.836808,,,,,,,
9/14/21,1631577600,7.71546E+11,September,2021,7715.457897,,,,,,,
9/15/21,1631664000,7.01623E+11,September,2021,7016.226872,,,,,,,
9/16/21,1631750400,8.10183E+11,September,2021,8101.828712,,,,,,,
9/17/21,1631836800,7.62121E+11,September,2021,7621.208578,,,,,,,
9/18/21,1631923200,8.25385E+11,September,2021,8253.854163,,,,,,,
9/19/21,1632009600,7.62662E+11,September,2021,7626.623056,,,,,,,
9/20/21,1632096000,8.03918E+11,September,2021,8039.182504,,,,,,,
9/21/21,1632182400,8.27678E+11,September,2021,8276.776431,,,,,,,
9/22/21,1632268800,7.70953E+11,September,2021,7709.530376,,,,,,,
9/23/21,1632355200,8.49642E+11,September,2021,8496.417801,,,,,,,
9/24/21,1632441600,7.6338E+11,September,2021,7633.795883,,,,,,,
9/25/21,1632528000,6.47645E+11,September,2021,6476.4519,,,,,,,
9/26/21,1632614400,6.78221E+11,September,2021,6782.211647,,,,,,,
9/27/21,1632700800,7.19211E+11,September,2021,7192.112203,,,,,,,
9/28/21,1632787200,7.20708E+11,September,2021,7207.081116,,,,,,,
9/29/21,1632873600,7.56179E+11,September,2021,7561.786763,,,,,,,
9/30/21,1632960000,8.67699E+11,September,2021,8676.988275,,,,,,,
10/1/21,1633046400,8.05594E+11,October,2021,8055.939093,,,,,,,
10/2/21,1633132800,8.07013E+11,October,2021,8070.130843,,,,,,,
10/3/21,1633219200,8.13482E+11,October,2021,8134.821296,,,,,,,
10/4/21,1633305600,8.28705E+11,October,2021,8287.047989,,,,,,,
10/5/21,1633392000,8.99284E+11,October,2021,8992.841355,,,,,,,
10/6/21,1633478400,9.33886E+11,October,2021,9338.856576,,,,,,,
10/7/21,1633564800,1.05761E+12,October,2021,10576.1097,,,,,,,
10/8/21,1633651200,9.29626E+11,October,2021,9296.263461,,,,,,,
10/9/21,1633737600,9.0986E+11,October,2021,9098.596774,,,,,,,
10/10/21,1633824000,9.63E+11,October,2021,9629.999228,,,,,,,
10/11/21,1633910400,1.01735E+12,October,2021,10173.50197,,,,,,,
10/12/21,1633996800,1.05622E+12,October,2021,10562.20533,,,,,,,
10/13/21,1634083200,1.11991E+12,October,2021,11199.10274,,,,,,,
10/14/21,1634169600,1.06172E+12,October,2021,10617.17404,,,,,,,
10/15/21,1634256000,9.83017E+11,October,2021,9830.165206,,,,,,,
10/16/21,1634342400,9.03413E+11,October,2021,9034.128966,,,,,,,
10/17/21,1634428800,9.71293E+11,October,2021,9712.92948,,,,,,,
10/18/21,1634515200,1.1361E+12,October,2021,11360.95553,,,,,,,
10/19/21,1634601600,1.18271E+12,October,2021,11827.12001,,,,,,,
10/20/21,1634688000,1.1286E+12,October,2021,11286.01188,,,,,,,
10/21/21,1634774400,1.20963E+12,October,2021,12096.26531,,,,,,,
10/22/21,1634860800,1.19493E+12,October,2021,11949.3244,,,,,,,
10/23/21,1634947200,1.12143E+12,October,2021,11214.25658,,,,,,,
10/24/21,1635033600,1.10745E+12,October,2021,11074.49945,,,,,,,
10/25/21,1635120000,1.21745E+12,October,2021,12174.50029,,,,,,,
10/26/21,1635206400,1.38873E+12,October,2021,13887.29379,,,,,,,
10/27/21,1635292800,1.40285E+12,October,2021,14028.52979,,,,,,,
10/28/21,1635379200,1.65634E+12,October,2021,16563.37964,,,,,,,
10/29/21,1635465600,1.82301E+12,October,2021,18230.12603,,,,,,,
10/30/21,1635552000,1.73707E+12,October,2021,17370.66961,,,,,,,
10/31/21,1635638400,1.54204E+12,October,2021,15420.42439,,,,,,,
11/1/21,1635724800,1.68016E+12,November,2021,16801.63735,,,,,,,
11/2/21,1635811200,1.91395E+12,November,2021,19139.4524,,,,,,,
11/3/21,1635897600,1.819E+12,November,2021,18189.99242,,,,,,,
11/4/21,1635984000,1.73333E+12,November,2021,17333.26863,,,,,,,
11/5/21,1636070400,1.63157E+12,November,2021,16315.6723,,,,,,,
11/6/21,1636156800,1.58559E+12,November,2021,15855.90857,,,,,,,
11/7/21,1636243200,1.60196E+12,November,2021,16019.64999,,,,,,,
11/8/21,1636329600,1.56489E+12,November,2021,15648.87592,,,,,,,
11/9/21,1636416000,1.67227E+12,November,2021,16722.69879,,,,,,,
11/10/21,1636502400,1.79125E+12,November,2021,17912.46457,,,,,,,
11/11/21,1636588800,1.76958E+12,November,2021,17695.77936,,,,,,,
11/12/21,1636675200,1.7674E+12,November,2021,17674.04923,,,,,,,
11/13/21,1636761600,1.72334E+12,November,2021,17233.38042,,,,,,,
11/14/21,1636848000,1.74513E+12,November,2021,17451.28705,,,,,,,
11/15/21,1636934400,1.97431E+12,November,2021,19743.10885,,,,,,,
11/16/21,1637020800,2.01856E+12,November,2021,20185.5564,,,,,,,
11/17/21,1637107200,1.96817E+12,November,2021,19681.66101,,,,,,,
11/18/21,1637193600,2.04483E+12,November,2021,20448.33393,,,,,,,
11/19/21,1637280000,2.14319E+12,November,2021,21431.89596,,,,,,,
11/20/21,1637366400,2.11915E+12,November,2021,21191.45492,,,,,,,
11/21/21,1637452800,2.07664E+12,November,2021,20766.41652,,,,,,,
11/22/21,1637539200,2.13124E+12,November,2021,21312.44327,,,,,,,
11/23/21,1637625600,2.20172E+12,November,2021,22017.15015,,,,,,,
11/24/21,1637712000,2.18338E+12,November,2021,21833.80271,,,,,,,
11/25/21,1637798400,2.21049E+12,November,2021,22104.92695,,,,,,,
11/26/21,1637884800,2.12063E+12,November,2021,21206.30972,,,,,,,
11/27/21,1637971200,2.21522E+12,November,2021,22152.19894,,,,,,,
11/28/21,1638057600,2.19569E+12,November,2021,21956.93397,,,,,,,
11/29/21,1638144000,2.13987E+12,November,2021,21398.72192,,,,,,,
11/30/21,1638230400,2.09209E+12,November,2021,20920.86096,,,,,,,
12/1/21,1638316800,1.99237E+12,December,2021,19923.71792,,,,,,,
12/2/21,1638403200,1.81078E+12,December,2021,18107.79816,,,,,,,
12/3/21,1638489600,1.51845E+12,December,2021,15184.49971,,,,,,,
12/4/21,1638576000,1.53997E+12,December,2021,15399.7123,,,,,,,
12/5/21,1638662400,1.8677E+12,December,2021,18676.99264,,,,,,,
12/6/21,1638748800,1.86506E+12,December,2021,18650.56962,,,,,,,
12/7/21,1638835200,1.64712E+12,December,2021,16471.23494,,,,,,,
12/8/21,1638921600,1.45347E+12,December,2021,14534.73403,,,,,,,
12/9/21,1639008000,1.26243E+12,December,2021,12624.26267,,,,,,,
12/10/21,1639094400,1.24586E+12,December,2021,12458.55843,,,,,,,
12/11/21,1639180800,9.5799E+11,December,2021,9579.902993,,,,,,,
12/12/21,1639267200,1.05604E+12,December,2021,10560.38766,,,,,,,
12/13/21,1639353600,1.08471E+12,December,2021,10847.10764,,,,,,,
12/14/21,1639440000,1.17038E+12,December,2021,11703.79826,,,,,,,
12/15/21,1639526400,1.04973E+12,December,2021,10497.30773,,,,,,,
12/16/21,1639612800,1.07594E+12,December,2021,10759.39609,,,,,,,
12/17/21,1639699200,1.09342E+12,December,2021,10934.20876,,,,,,,
12/18/21,1639785600,1.00618E+12,December,2021,10061.82496,,,,,,,
12/19/21,1639872000,8.96418E+11,December,2021,8964.181644,,,,,,,
12/20/21,1639958400,1.03491E+12,December,2021,10349.10373,,,,,,,
12/21/21,1640044800,1.13518E+12,December,2021,11351.78956,,,,,,,
12/22/21,1640131200,1.05951E+12,December,2021,10595.11206,,,,,,,
12/23/21,1640217600,1.04545E+12,December,2021,10454.47001,,,,,,,
12/24/21,1640304000,9.69174E+11,December,2021,9691.744134,,,,,,,
12/25/21,1640390400,8.23939E+11,December,2021,8239.390192,,,,,,,
12/26/21,1640476800,9.25723E+11,December,2021,9257.227952,,,,,,,
12/27/21,1640563200,1.06816E+12,December,2021,10681.62948,,,,,,,
12/28/21,1640649600,9.7382E+11,December,2021,9738.201665,,,,,,,
12/29/21,1640736000,9.92343E+11,December,2021,9923.425205,,,,,,,
12/30/21,1640822400,9.63629E+11,December,2021,9636.291575,,,,,,,
12/31/21,1640908800,9.53769E+11,December,2021,9537.694266,,,,,,,
1/1/22,1640995200,8.62061E+11,January,2022,8620.607116,,,,,,,
1/2/22,1641081600,9.49334E+11,January,2022,9493.339081,,,,,,,
1/3/22,1641168000,1.05331E+12,January,2022,10533.0918,,,,,,,
1/4/22,1641254400,1.03785E+12,January,2022,10378.46592,,,,,,,
1/5/22,1641340800,1.06559E+12,January,2022,10655.88111,,,,,,,
1/6/22,1641427200,9.87858E+11,January,2022,9878.58314,,,,,,,
1/7/22,1641513600,9.50486E+11,January,2022,9504.858849,,,,,,,
1/8/22,1641600000,8.79209E+11,January,2022,8792.089482,,,,,,,
1/9/22,1641686400,7.98978E+11,January,2022,7989.780607,,,,,,,
1/10/22,1641772800,9.44618E+11,January,2022,9446.181628,,,,,,,
1/11/22,1641859200,9.09325E+11,January,2022,9093.250575,,,,,,,
1/12/22,1641945600,9.14832E+11,January,2022,9148.318792,,,,,,,
1/13/22,1642032000,9.14554E+11,January,2022,9145.537918,,,,,,,
1/14/22,1642118400,9.22428E+11,January,2022,9224.280322,,,,,,,
1/15/22,1642204800,8.93618E+11,January,2022,8936.175375,,,,,,,
1/16/22,1642291200,8.88938E+11,January,2022,8889.37895,,,,,,,
1/17/22,1642377600,8.74611E+11,January,2022,8746.113965,,,,,,,
1/18/22,1642464000,9.29323E+11,January,2022,9293.233237,,,,,,,
1/19/22,1642550400,8.41724E+11,January,2022,8417.236358,,,,,,,
1/20/22,1642636800,9.17288E+11,January,2022,9172.880111,,,,,,,
1/21/22,1642723200,9.33733E+11,January,2022,9337.330877,,,,,,,
1/22/22,1642809600,8.8902E+11,January,2022,8890.196492,,,,,,,
1/23/22,1642896000,7.44773E+11,January,2022,7447.733045,,,,,,,
1/24/22,1642982400,7.79413E+11,January,2022,7794.134962,,,,,,,
1/25/22,1643068800,8.10006E+11,January,2022,8100.064985,,,,,,,
1/26/22,1643155200,8.08297E+11,January,2022,8082.968135,,,,,,,
1/27/22,1643241600,7.6711E+11,January,2022,7671.09893,,,,,,,
1/28/22,1643328000,7.44893E+11,January,2022,7448.933533,,,,,,,
1/29/22,1643414400,6.869E+11,January,2022,6868.998805,,,,,,,
1/30/22,1643500800,6.6142E+11,January,2022,6614.198485,,,,,,,
1/31/22,1643587200,7.03902E+11,January,2022,7039.017874,,,,,,,
2/1/22,1643673600,7.24723E+11,February,2022,7247.231113,,,,,,,
2/2/22,1643760000,7.06593E+11,February,2022,7065.931255,,,,,,,
2/3/22,1643846400,8.05057E+11,February,2022,8050.565543,,,,,,,
2/4/22,1643932800,8.04855E+11,February,2022,8048.545207,,,,,,,
2/5/22,1644019200,8.65878E+11,February,2022,8658.775307,,,,,,,
2/6/22,1644105600,8.15317E+11,February,2022,8153.173451,,,,,,,
2/7/22,1644192000,9.26244E+11,February,2022,9262.438794,,,,,,,
2/8/22,1644278400,8.73989E+11,February,2022,8739.894357,,,,,,,
2/9/22,1644364800,8.14449E+11,February,2022,8144.492037,,,,,,,
2/10/22,1644451200,8.66016E+11,February,2022,8660.164102,,,,,,,
2/11/22,1644537600,8.77816E+11,February,2022,8778.164999,,,,,,,
2/12/22,1644624000,7.24948E+11,February,2022,7249.476771,,,,,,,
2/13/22,1644710400,7.68301E+11,February,2022,7683.009294,,,,,,,
2/14/22,1644796800,7.86821E+11,February,2022,7868.207053,,,,,,,
2/15/22,1644883200,1.09939E+12,February,2022,10993.91119,,,,,,,
2/16/22,1644969600,1.21424E+12,February,2022,12142.35565,,,,,,,
2/17/22,1645056000,9.19402E+11,February,2022,9194.017645,,,,,,,
2/18/22,1645142400,8.50383E+11,February,2022,8503.834259,,,,,,,
2/19/22,1645228800,7.3235E+11,February,2022,7323.499602,,,,,,,
2/20/22,1645315200,7.66113E+11,February,2022,7661.129171,,,,,,,
2/21/22,1645401600,7.98559E+11,February,2022,7985.588786,,,,,,,
2/22/22,1645488000,8.11218E+11,February,2022,8112.181839,,,,,,,
2/23/22,1645574400,7.7845E+11,February,2022,7784.504576,,,,,,,
2/24/22,1645660800,7.87957E+11,February,2022,7879.571985,,,,,,,
2/25/22,1645747200,7.8483E+11,February,2022,7848.303986,,,,,,,
2/26/22,1645833600,6.40303E+11,February,2022,6403.033828,,,,,,,
2/27/22,1645920000,6.22756E+11,February,2022,6227.557381,,,,,,,
2/28/22,1646006400,7.08721E+11,February,2022,7087.209258,,,,,,,
3/1/22,1646092800,7.26654E+11,March,2022,7266.544752,,,,,,,
3/2/22,1646179200,6.73136E+11,March,2022,6731.364802,,,,,,,
3/3/22,1646265600,6.94201E+11,March,2022,6942.006571,,,,,,,
3/4/22,1646352000,6.85115E+11,March,2022,6851.153145,,,,,,,
3/5/22,1646438400,6.20034E+11,March,2022,6200.344838,,,,,,,
3/6/22,1646524800,6.23363E+11,March,2022,6233.633939,,,,,,,
3/7/22,1646611200,7.10327E+11,March,2022,7103.272245,,,,,,,
3/8/22,1646697600,6.73656E+11,March,2022,6736.561514,,,,,,,
3/9/22,1646784000,6.7522E+11,March,2022,6752.199482,,,,,,,
3/10/22,1646870400,6.6885E+11,March,2022,6688.499188,,,,,,,
3/11/22,1646956800,6.36594E+11,March,2022,6365.942877,,,,,,,
3/12/22,1647043200,6.35409E+11,March,2022,6354.094237,,,,,,,
3/13/22,1647129600,6.15175E+11,March,2022,6151.745651,,,,,,,
3/14/22,1647216000,6.67775E+11,March,2022,6677.74763,,,,,,,
3/15/22,1647302400,6.92585E+11,March,2022,6925.845535,,,,,,,
3/16/22,1647388800,7.04665E+11,March,2022,7046.653613,,,,,,,
3/17/22,1647475200,7.07018E+11,March,2022,7070.178885,,,,,,,
3/18/22,1647561600,6.6366E+11,March,2022,6636.602824,,,,,,,
3/19/22,1647648000,6.84285E+11,March,2022,6842.850786,,,,,,,
3/20/22,1647734400,6.39278E+11,March,2022,6392.783926,,,,,,,
3/21/22,1647820800,7.59234E+11,March,2022,7592.335024,,,,,,,
3/22/22,1647907200,7.59309E+11,March,2022,7593.088022,,,,,,,
3/23/22,1647993600,7.47719E+11,March,2022,7477.192259,,,,,,,
3/24/22,1648080000,7.45998E+11,March,2022,7459.976926,,,,,,,
3/25/22,1648166400,6.83215E+11,March,2022,6832.153525,,,,,,,
3/26/22,1648252800,6.32806E+11,March,2022,6328.055183,,,,,,,
3/27/22,1648339200,6.42073E+11,March,2022,6420.728738,,,,,,,
3/28/22,1648425600,7.37364E+11,March,2022,7373.641004,,,,,,,
3/29/22,1648512000,6.93655E+11,March,2022,6936.553433,,,,,,,
3/30/22,1648598400,7.59849E+11,March,2022,7598.491645,,,,,,,
3/31/22,1648684800,7.87783E+11,March,2022,7877.833727,,,,,,,
4/1/22,1648771200,7.56944E+11,April,2022,7569.443916,,,,,,,
4/2/22,1648857600,7.40754E+11,April,2022,7407.536049,,,,,,,
4/3/22,1648944000,6.8795E+11,April,2022,6879.502505,,,,,,,
4/4/22,1649030400,7.65937E+11,April,2022,7659.368173,,,,,,,
4/5/22,1649116800,7.77694E+11,April,2022,7776.943176,,,,,,,
4/6/22,1649203200,7.53415E+11,April,2022,7534.152924,,,,,,,
4/7/22,1649289600,7.26879E+11,April,2022,7268.789731,,,,,,,
4/8/22,1649376000,6.96536E+11,April,2022,6965.358123,,,,,,,
4/9/22,1649462400,5.93166E+11,April,2022,5931.660676,,,,,,,
4/10/22,1649548800,5.99172E+11,April,2022,5991.721601,,,,,,,
4/11/22,1649635200,6.43209E+11,April,2022,6432.086123,,,,,,,
4/12/22,1649721600,6.42528E+11,April,2022,6425.281326,,,,,,,
4/13/22,1649808000,6.47723E+11,April,2022,6477.230947,,,,,,,
4/14/22,1649894400,6.10974E+11,April,2022,6109.735315,,,,,,,
4/15/22,1649980800,6.1322E+11,April,2022,6132.195447,,,,,,,
4/16/22,1650067200,5.58354E+11,April,2022,5583.537413,,,,,,,
4/17/22,1650153600,5.76303E+11,April,2022,5763.034173,,,,,,,
4/18/22,1650240000,6.30541E+11,April,2022,6305.411228,,,,,,,
4/19/22,1650326400,6.76913E+11,April,2022,6769.132344,,,,,,,
4/20/22,1650412800,7.22402E+11,April,2022,7224.020804,,,,,,,
4/21/22,1650499200,7.18913E+11,April,2022,7189.131732,,,,,,,
4/22/22,1650585600,7.03976E+11,April,2022,7039.761403,,,,,,,
4/23/22,1650672000,7.576E+11,April,2022,7576.004742,,,,,,,
4/24/22,1650758400,6.47748E+11,April,2022,6477.477107,,,,,,,
4/25/22,1650844800,7.24493E+11,April,2022,7244.93136,,,,,,,
4/26/22,1650931200,7.01865E+11,April,2022,7018.653119,,,,,,,
4/27/22,1651017600,6.269E+11,April,2022,6269.003527,,,,,,,
4/28/22,1651104000,6.95122E+11,April,2022,6951.223618,,,,,,,
4/29/22,1651190400,7.48127E+11,April,2022,7481.268573,,,,,,,
4/30/22,1651276800,6.10427E+11,April,2022,6104.266038,,,,,,,
5/1/22,1651363200,6.20748E+11,May,2022,6207.478384,,,,,,,
5/2/22,1651449600,5.68046E+11,May,2022,5680.458003,,,,,,,
5/3/22,1651536000,5.68522E+11,May,2022,5685.219365,,,,,,,
5/4/22,1651622400,6.13904E+11,May,2022,6139.044416,,,,,,,
5/5/22,1651708800,6.37771E+11,May,2022,6377.710452,,,,,,,
5/6/22,1651795200,5.63896E+11,May,2022,5638.960344,,,,,,,
5/7/22,1651881600,5.48152E+11,May,2022,5481.516224,,,,,,,
5/8/22,1651968000,5.47658E+11,May,2022,5476.584013,,,,,,,
5/9/22,1652054400,6.84043E+11,May,2022,6840.433512,,,,,,,
5/10/22,1652140800,6.24172E+11,May,2022,6241.720447,,,,,,,
5/11/22,1652227200,8.73636E+11,May,2022,8736.362914,,,,,,,
5/12/22,1652313600,1.02753E+12,May,2022,10275.29172,,,,,,,
5/13/22,1652400000,8.76888E+11,May,2022,8768.880822,,,,,,,
5/14/22,1652486400,8.3085E+11,May,2022,8308.497423,,,,,,,
5/15/22,1652572800,7.23007E+11,May,2022,7230.069101,,,,,,,
5/16/22,1652659200,6.66149E+11,May,2022,6661.491379,,,,,,,
5/17/22,1652745600,5.5379E+11,May,2022,5537.904292,,,,,,,
5/18/22,1652832000,5.50084E+11,May,2022,5500.835151,,,,,,,
5/19/22,1652918400,5.51808E+11,May,2022,5518.084618,,,,,,,
5/20/22,1653004800,5.36689E+11,May,2022,5366.893028,,,,,,,
5/21/22,1653091200,4.92651E+11,May,2022,4926.509831,,,,,,,
5/22/22,1653177600,5.06251E+11,May,2022,5062.510772,,,,,,,
5/23/22,1653264000,6.12664E+11,May,2022,6126.637754,,,,,,,
5/24/22,1653350400,5.70093E+11,May,2022,5700.931273,,,,,,,
5/25/22,1653436800,5.97058E+11,May,2022,5970.581053,,,,,,,
5/26/22,1653523200,6.09395E+11,May,2022,6093.954154,,,,,,,
5/27/22,1653609600,5.39273E+11,May,2022,5392.731832,,,,,,,
5/28/22,1653696000,4.88622E+11,May,2022,4886.216894,,,,,,,
5/29/22,1653782400,4.96009E+11,May,2022,4960.093795,,,,,,,
5/30/22,1653868800,5.53712E+11,May,2022,5537.12295,,,,,,,
5/31/22,1653955200,5.6541E+11,May,2022,5654.104512,,,,,,,
6/1/22,1654041600,5.46608E+11,June,2022,5466.080503,,,,,,,
6/2/22,1654128000,5.21192E+11,June,2022,5211.922947,,,,,,,
6/3/22,1654214400,4.76221E+11,June,2022,4762.208142,,,,,,,
6/4/22,1654300800,4.62833E+11,June,2022,4628.326954,,,,,,,
6/5/22,1654387200,4.8654E+11,June,2022,4865.401902,,,,,,,
6/6/22,1654473600,5.59214E+11,June,2022,5592.14443,,,,,,,
6/7/22,1654560000,5.58061E+11,June,2022,5580.607839,,,,,,,
6/8/22,1654646400,5.77727E+11,June,2022,5777.271575,,,,,,,
6/9/22,1654732800,5.56601E+11,June,2022,5566.010995,,,,,,,
6/10/22,1654819200,5.38851E+11,June,2022,5388.505488,,,,,,,
6/11/22,1654905600,4.86726E+11,June,2022,4867.263685,,,,,,,
6/12/22,1654992000,4.88851E+11,June,2022,4888.50854,,,,,,,
6/13/22,1655078400,6.09477E+11,June,2022,6094.765888,,,,,,,
6/14/22,1655164800,5.7198E+11,June,2022,5719.800689,,,,,,,
6/15/22,1655251200,5.63526E+11,June,2022,5635.257522,,,,,,,
6/16/22,1655337600,5.09425E+11,June,2022,5094.254945,,,,,,,
6/17/22,1655424000,4.80277E+11,June,2022,4802.76565,,,,,,,
6/18/22,1655510400,4.93731E+11,June,2022,4937.309209,,,,,,,
6/19/22,1655596800,4.32386E+11,June,2022,4323.862943,,,,,,,
6/20/22,1655683200,4.96359E+11,June,2022,4963.593935,,,,,,,
6/21/22,1655769600,5.09132E+11,June,2022,5091.318684,,,,,,,
6/22/22,1655856000,4.78229E+11,June,2022,4782.285815,,,,,,,
6/23/22,1655942400,4.99794E+11,June,2022,4997.94064,,,,,,,
6/24/22,1656028800,5.08781E+11,June,2022,5087.80772,,,,,,,
6/25/22,1656115200,4.76816E+11,June,2022,4768.155221,,,,,,,
6/26/22,1656201600,4.58887E+11,June,2022,4588.866678,,,,,,,
6/27/22,1656288000,4.72917E+11,June,2022,4729.170933,,,,,,,
6/28/22,1656374400,5.05788E+11,June,2022,5057.883338,,,,,,,
6/29/22,1656460800,5.07814E+11,June,2022,5078.141238,,,,,,,
6/30/22,1656547200,5.24031E+11,June,2022,5240.305288,,,,,,,
7/1/22,1656633600,5.36824E+11,July,2022,5368.243681,,,,,,,
7/2/22,1656720000,4.50397E+11,July,2022,4503.969462,,,,,,,
7/3/22,1656806400,4.1793E+11,July,2022,4179.296473,,,,,,,
7/4/22,1656892800,5.1817E+11,July,2022,5181.702466,,,,,,,
7/5/22,1656979200,5.39219E+11,July,2022,5392.187622,,,,,,,
7/6/22,1657065600,4.86199E+11,July,2022,4861.98794,,,,,,,
7/7/22,1657152000,4.97384E+11,July,2022,4973.844328,,,,,,,
7/8/22,1657238400,4.9732E+11,July,2022,4973.197076,,,,,,,
7/9/22,1657324800,4.19353E+11,July,2022,4193.531145,,,,,,,
7/10/22,1657411200,4.12075E+11,July,2022,4120.746495,,,,,,,
7/11/22,1657497600,4.87624E+11,July,2022,4876.238118,,,,,,,
7/12/22,1657584000,5.00933E+11,July,2022,5009.331881,,,,,,,
7/13/22,1657670400,4.82446E+11,July,2022,4824.464776,,,,,,,
7/14/22,1657756800,4.81734E+11,July,2022,4817.344747,,,,,,,
7/15/22,1657843200,4.99663E+11,July,2022,4996.633251,,,,,,,
7/16/22,1657929600,4.80538E+11,July,2022,4805.378753,,,,,,,
7/17/22,1658016000,4.56012E+11,July,2022,4560.124456,,,,,,,
7/18/22,1658102400,5.31667E+11,July,2022,5316.674169,,,,,,,
7/19/22,1658188800,5.10668E+11,July,2022,5106.678903,,,,,,,
7/20/22,1658275200,4.7581E+11,July,2022,4758.097798,,,,,,,
7/21/22,1658361600,4.66447E+11,July,2022,4664.467976,,,,,,,
7/22/22,1658448000,4.77213E+11,July,2022,4772.130491,,,,,,,
7/23/22,1658534400,4.12276E+11,July,2022,4122.763718,,,,,,,
7/24/22,1658620800,3.87535E+11,July,2022,3875.348601,,,,,,,
7/25/22,1658707200,4.44408E+11,July,2022,4444.083267,,,,,,,
7/26/22,1658793600,4.38475E+11,July,2022,4384.753889,,,,,,,
7/27/22,1658880000,4.65304E+11,July,2022,4653.03525,,,,,,,
7/28/22,1658966400,4.59448E+11,July,2022,4594.476541,,,,,,,
7/29/22,1659052800,4.59108E+11,July,2022,4591.077925,,,,,,,
7/30/22,1659139200,4.63747E+11,July,2022,4637.466802,,,,,,,
7/31/22,1659225600,4.6154E+11,July,2022,4615.403951,,,,,,,
8/1/22,1659312000,4.6131E+11,August,2022,4613.104354,,,,,,,
8/2/22,1659398400,4.35457E+11,August,2022,4354.569688,,,,,,,
8/3/22,1659484800,4.36175E+11,August,2022,4361.753547,,,,,,,
8/4/22,1659571200,4.44354E+11,August,2022,4443.544961,,,,,,,
8/5/22,1659657600,4.51157E+11,August,2022,4511.570657,,,,,,,
8/6/22,1659744000,4.23662E+11,August,2022,4236.620507,,,,,,,
8/7/22,1659830400,4.03127E+11,August,2022,4031.267973,,,,,,,
8/8/22,1659916800,4.60639E+11,August,2022,4606.39242,,,,,,,
8/9/22,1660003200,4.78491E+11,August,2022,4784.905415,,,,,,,
8/10/22,1660089600,4.76289E+11,August,2022,4762.89122,,,,,,,
8/11/22,1660176000,4.93284E+11,August,2022,4932.838858,,,,,,,
8/12/22,1660262400,4.6152E+11,August,2022,4615.198335,,,,,,,
8/13/22,1660348800,4.09241E+11,August,2022,4092.413088,,,,,,,
8/14/22,1660435200,3.97156E+11,August,2022,3971.563914,,,,,,,
8/15/22,1660521600,4.60211E+11,August,2022,4602.105954,,,,,,,
8/16/22,1660608000,4.24032E+11,August,2022,4240.32453,,,,,,,
8/17/22,1660694400,4.08894E+11,August,2022,4088.941621,,,,,,,
8/18/22,1660780800,4.07248E+11,August,2022,4072.479697,,,,,,,
8/19/22,1660867200,4.32009E+11,August,2022,4320.088998,,,,,,,
8/20/22,1660953600,3.64118E+11,August,2022,3641.183993,,,,,,,
8/21/22,1661040000,3.33765E+11,August,2022,3337.651263,,,,,,,
8/22/22,1661126400,3.84728E+11,August,2022,3847.276236,,,,,,,
8/23/22,1661212800,3.96594E+11,August,2022,3965.938402,,,,,,,
8/24/22,1661299200,3.75884E+11,August,2022,3758.844886,,,,,,,
8/25/22,1661385600,3.8704E+11,August,2022,3870.397762,,,,,,,
8/26/22,1661472000,3.99125E+11,August,2022,3991.252397,,,,,,,
8/27/22,1661558400,3.3904E+11,August,2022,3390.403798,,,,,,,
8/28/22,1661644800,3.57591E+11,August,2022,3575.907817,,,,,,,
8/29/22,1661731200,4.04358E+11,August,2022,4043.580967,,,,,,,
8/30/22,1661817600,4.2194E+11,August,2022,4219.401258,,,,,,,
8/31/22,1661904000,4.18529E+11,August,2022,4185.286812,,,,,,,
9/1/22,1661990400,4.3648E+11,September,2022,4364.79998,,,,,,,
9/2/22,1662076800,4.25886E+11,September,2022,4258.85982,,,,,,,
9/3/22,1662163200,3.96996E+11,September,2022,3969.962843,,,,,,,
9/4/22,1662249600,3.5792E+11,September,2022,3579.196697,,,,,,,
9/5/22,1662336000,4.10356E+11,September,2022,4103.557147,,,,,,,
9/6/22,1662422400,4.51479E+11,September,2022,4514.788954,,,,,,,
9/7/22,1662508800,4.54421E+11,September,2022,4544.205715,,,,,,,
9/8/22,1662595200,4.6557E+11,September,2022,4655.702406,,,,,,,
9/9/22,1662681600,5.03381E+11,September,2022,5033.813353,,,,,,,
9/10/22,1662768000,3.6546E+11,September,2022,3654.60223,,,,,,,
9/11/22,1662854400,3.51553E+11,September,2022,3515.531121,,,,,,,
9/12/22,1662940800,3.99642E+11,September,2022,3996.421812,,,,,,,
9/13/22,1663027200,4.04857E+11,September,2022,4048.57104,,,,,,,
9/14/22,1663113600,4.03093E+11,September,2022,4030.930892,,,,,,,
9/15/22,1663200000,4.27598E+11,September,2022,4275.975646,,,,,,,
9/16/22,1663286400,4.55503E+11,September,2022,4555.027331,,,,,,,
9/17/22,1663372800,3.6617E+11,September,2022,3661.695471,,,,,,,
9/18/22,1663459200,3.64261E+11,September,2022,3642.606245,,,,,,,
9/19/22,1663545600,4.08229E+11,September,2022,4082.290545,,,,,,,
9/20/22,1663632000,3.87827E+11,September,2022,3878.267887,,,,,,,
9/21/22,1663718400,3.85734E+11,September,2022,3857.343142,,,,,,,