Date(UTC),UnixTimeStamp,Transaction Fee (Gwei),Month,Year,Transaction Fee in MATIC,,,,,
5/31/20,1590883200,0,May,2020,0,,,,,
6/1/20,1590969600,0,June,2020,0,,,,Row Labels,Sum of Transaction Fee in MATIC
6/2/20,1591056000,0,June,2020,0,,,,2020,752.4039642
6/3/20,1591142400,0,June,2020,0,,,,May,0
6/4/20,1591228800,0,June,2020,0,,,,June,0.015817515
6/5/20,1591315200,0,June,2020,0,,,,July,1.392117653
6/6/20,1591401600,0,June,2020,0,,,,August,15.63089655
6/7/20,1591488000,0,June,2020,0,,,,September,81.40531391
6/8/20,1591574400,0,June,2020,0,,,,October,141.7421304
6/9/20,1591660800,0,June,2020,0,,,,November,96.06633362
6/10/20,1591747200,0,June,2020,0,,,,December,416.1513545
6/11/20,1591833600,0,June,2020,0,,,,2021,145593.359
6/12/20,1591920000,164541,June,2020,0.000164541,,,,January,408.1477579
6/13/20,1592006400,0,June,2020,0,,,,February,541.4181263
6/14/20,1592092800,0,June,2020,0,,,,March,1286.419219
6/15/20,1592179200,75792,June,2020,0.000075792,,,,April,2167.779039
6/16/20,1592265600,31027,June,2020,0.000031027,,,,May,11919.96438
6/17/20,1592352000,0,June,2020,0,,,,June,19433.72325
6/18/20,1592438400,353970,June,2020,0.00035397,,,,July,19512.72118
6/19/20,1592524800,341692,June,2020,0.000341692,,,,August,19177.07047
6/20/20,1592611200,1334119,June,2020,0.001334119,,,,September,21028.46722
6/21/20,1592697600,335828,June,2020,0.000335828,,,,October,16314.86521
6/22/20,1592784000,0,June,2020,0,,,,November,17108.09878
6/23/20,1592870400,187308,June,2020,0.000187308,,,,December,16694.68439
6/24/20,1592956800,0,June,2020,0,,,,2022,131478.1107
6/25/20,1593043200,0,June,2020,0,,,,January,15507.92578
6/26/20,1593129600,0,June,2020,0,,,,February,13354.96694
6/27/20,1593216000,21000,June,2020,0.000021,,,,March,13451.1957
6/28/20,1593302400,0,June,2020,0,,,,April,15576.61325
6/29/20,1593388800,31091,June,2020,0.000031091,,,,May,16902.91966
6/30/20,1593475200,12941147,June,2020,0.012941147,,,,June,15927.64379
7/1/20,1593561600,0,July,2020,0,,,,July,15859.39741
7/2/20,1593648000,69027,July,2020,0.000069027,,,,August,15200.58372
7/3/20,1593734400,15056033,July,2020,0.015056033,,,,September,9696.864446
7/4/20,1593820800,67689,July,2020,0.000067689,,,,Grand Total,277823.8737
7/5/20,1593907200,51849,July,2020,0.000051849,,,,,
7/6/20,1593993600,1070812,July,2020,0.001070812,,,,,
7/7/20,1594080000,15598417,July,2020,0.015598417,,,,,
7/8/20,1594166400,1773566,July,2020,0.001773566,,,,,
7/9/20,1594252800,4902112,July,2020,0.004902112,,,,,
7/10/20,1594339200,0,July,2020,0,,,,,
7/11/20,1594425600,3934749,July,2020,0.003934749,,,,,
7/12/20,1594512000,424991,July,2020,0.000424991,,,,,
7/13/20,1594598400,168317,July,2020,0.000168317,,,,,
7/14/20,1594684800,0,July,2020,0,,,,,
7/15/20,1594771200,160320,July,2020,0.00016032,,,,,
7/16/20,1594857600,15836981,July,2020,0.015836981,,,,,
7/17/20,1594944000,11914088,July,2020,0.011914088,,,,,
7/18/20,1595030400,63000,July,2020,0.000063,,,,,
7/19/20,1595116800,160614068,July,2020,0.160614068,,,,,
7/20/20,1595203200,131508483,July,2020,0.131508483,,,,,
7/21/20,1595289600,70024442,July,2020,0.070024442,,,,,
7/22/20,1595376000,50585628,July,2020,0.050585628,,,,,
7/23/20,1595462400,162576691,July,2020,0.162576691,,,,,
7/24/20,1595548800,218014018,July,2020,0.218014018,,,,,
7/25/20,1595635200,42982385,July,2020,0.042982385,,,,,
7/26/20,1595721600,68257913,July,2020,0.068257913,,,,,
7/27/20,1595808000,243382454,July,2020,0.243382454,,,,,
7/28/20,1595894400,46321749,July,2020,0.046321749,,,,,
7/29/20,1595980800,29843012,July,2020,0.029843012,,,,,
7/30/20,1596067200,56875739,July,2020,0.056875739,,,,,
7/31/20,1596153600,40039120,July,2020,0.04003912,,,,,
8/1/20,1596240000,123129720,August,2020,0.12312972,,,,,
8/2/20,1596326400,32272331,August,2020,0.032272331,,,,,
8/3/20,1596412800,253732979,August,2020,0.253732979,,,,,
8/4/20,1596499200,160779546,August,2020,0.160779546,,,,,
8/5/20,1596585600,218766463,August,2020,0.218766463,,,,,
8/6/20,1596672000,153503852,August,2020,0.153503852,,,,,
8/7/20,1596758400,155051514,August,2020,0.155051514,,,,,
8/8/20,1596844800,134246485,August,2020,0.134246485,,,,,
8/9/20,1596931200,124999511,August,2020,0.124999511,,,,,
8/10/20,1597017600,147945000,August,2020,0.147945,,,,,
8/11/20,1597104000,164695174,August,2020,0.164695174,,,,,
8/12/20,1597190400,154951355,August,2020,0.154951355,,,,,
8/13/20,1597276800,7744949312,August,2020,7.744949312,,,,,
8/14/20,1597363200,189845102,August,2020,0.189845102,,,,,
8/15/20,1597449600,214615743,August,2020,0.214615743,,,,,
8/16/20,1597536000,288033100,August,2020,0.2880331,,,,,
8/17/20,1597622400,1127765993,August,2020,1.127765993,,,,,
8/18/20,1597708800,364540239,August,2020,0.364540239,,,,,
8/19/20,1597795200,294458856,August,2020,0.294458856,,,,,
8/20/20,1597881600,530629826,August,2020,0.530629826,,,,,
8/21/20,1597968000,329189148,August,2020,0.329189148,,,,,
8/22/20,1598054400,142334912,August,2020,0.142334912,,,,,
8/23/20,1598140800,230673920,August,2020,0.23067392,,,,,
8/24/20,1598227200,200727401,August,2020,0.200727401,,,,,
8/25/20,1598313600,220092294,August,2020,0.220092294,,,,,
8/26/20,1598400000,287288975,August,2020,0.287288975,,,,,
8/27/20,1598486400,310419020,August,2020,0.31041902,,,,,
8/28/20,1598572800,422534404,August,2020,0.422534404,,,,,
8/29/20,1598659200,234241435,August,2020,0.234241435,,,,,
8/30/20,1598745600,369240391,August,2020,0.369240391,,,,,
8/31/20,1598832000,305242549,August,2020,0.305242549,,,,,
9/1/20,1598918400,336143392,September,2020,0.336143392,,,,,
9/2/20,1599004800,735811202,September,2020,0.735811202,,,,,
9/3/20,1599091200,1481030491,September,2020,1.481030491,,,,,
9/4/20,1599177600,424266753,September,2020,0.424266753,,,,,
9/5/20,1599264000,431792211,September,2020,0.431792211,,,,,
9/6/20,1599350400,307656324,September,2020,0.307656324,,,,,
9/7/20,1599436800,470724205,September,2020,0.470724205,,,,,
9/8/20,1599523200,2595106631,September,2020,2.595106631,,,,,
9/9/20,1599609600,429190511,September,2020,0.429190511,,,,,
9/10/20,1599696000,4384415404,September,2020,4.384415404,,,,,
9/11/20,1599782400,542020054,September,2020,0.542020054,,,,,
9/12/20,1599868800,579125484,September,2020,0.579125484,,,,,
9/13/20,1599955200,804103754,September,2020,0.804103754,,,,,
9/14/20,1600041600,939724331,September,2020,0.939724331,,,,,
9/15/20,1600128000,868494220,September,2020,0.86849422,,,,,
9/16/20,1600214400,678213808,September,2020,0.678213808,,,,,
9/17/20,1600300800,408917491,September,2020,0.408917491,,,,,
9/18/20,1600387200,384787548,September,2020,0.384787548,,,,,
9/19/20,1600473600,2387550222,September,2020,2.387550222,,,,,
9/20/20,1600560000,687786821,September,2020,0.687786821,,,,,
9/21/20,1600646400,657557553,September,2020,0.657557553,,,,,
9/22/20,1600732800,990324629,September,2020,0.990324629,,,,,
9/23/20,1600819200,4077844522,September,2020,4.077844522,,,,,
9/24/20,1600905600,1353913571,September,2020,1.353913571,,,,,
9/25/20,1600992000,15461780580,September,2020,15.46178058,,,,,
9/26/20,1601078400,5693277611,September,2020,5.693277611,,,,,
9/27/20,1601164800,8649282495,September,2020,8.649282495,,,,,
9/28/20,1601251200,9857549827,September,2020,9.857549827,,,,,
9/29/20,1601337600,7357324285,September,2020,7.357324285,,,,,
9/30/20,1601424000,7429597982,September,2020,7.429597982,,,,,
10/1/20,1601510400,6811401541,October,2020,6.811401541,,,,,
10/2/20,1601596800,5657769173,October,2020,5.657769173,,,,,
10/3/20,1601683200,5682880360,October,2020,5.68288036,,,,,
10/4/20,1601769600,10170070868,October,2020,10.17007087,,,,,
10/5/20,1601856000,9154696086,October,2020,9.154696086,,,,,
10/6/20,1601942400,7680408268,October,2020,7.680408268,,,,,
10/7/20,1602028800,8546615301,October,2020,8.546615301,,,,,
10/8/20,1602115200,9447307768,October,2020,9.447307768,,,,,
10/9/20,1602201600,7815866646,October,2020,7.815866646,,,,,
10/10/20,1602288000,9295380958,October,2020,9.295380958,,,,,
10/11/20,1602374400,10052248253,October,2020,10.05224825,,,,,
10/12/20,1602460800,6323044413,October,2020,6.323044413,,,,,
10/13/20,1602547200,6591629165,October,2020,6.591629165,,,,,
10/14/20,1602633600,5256795865,October,2020,5.256795865,,,,,
10/15/20,1602720000,2247410072,October,2020,2.247410072,,,,,
10/16/20,1602806400,2588425869,October,2020,2.588425869,,,,,
10/17/20,1602892800,2347282437,October,2020,2.347282437,,,,,
10/18/20,1602979200,2662411894,October,2020,2.662411894,,,,,
10/19/20,1603065600,1713360096,October,2020,1.713360096,,,,,
10/20/20,1603152000,1415004695,October,2020,1.415004695,,,,,
10/21/20,1603238400,1598340388,October,2020,1.598340388,,,,,
10/22/20,1603324800,1820332142,October,2020,1.820332142,,,,,
10/23/20,1603411200,2400568601,October,2020,2.400568601,,,,,
10/24/20,1603497600,1910711809,October,2020,1.910711809,,,,,
10/25/20,1603584000,1778614693,October,2020,1.778614693,,,,,
10/26/20,1603670400,1464781185,October,2020,1.464781185,,,,,
10/27/20,1603756800,1482840912,October,2020,1.482840912,,,,,
10/28/20,1603843200,1605782266,October,2020,1.605782266,,,,,
10/29/20,1603929600,2006842671,October,2020,2.006842671,,,,,
10/30/20,1604016000,2069694382,October,2020,2.069694382,,,,,
10/31/20,1604102400,2143611638,October,2020,2.143611638,,,,,
11/1/20,1604188800,2077340131,November,2020,2.077340131,,,,,
11/2/20,1604275200,1613552851,November,2020,1.613552851,,,,,
11/3/20,1604361600,2259257773,November,2020,2.259257773,,,,,
11/4/20,1604448000,4486256007,November,2020,4.486256007,,,,,
11/5/20,1604534400,6138608287,November,2020,6.138608287,,,,,
11/6/20,1604620800,7640675574,November,2020,7.640675574,,,,,
11/7/20,1604707200,2555620250,November,2020,2.55562025,,,,,
11/8/20,1604793600,2428871598,November,2020,2.428871598,,,,,
11/9/20,1604880000,2969242232,November,2020,2.969242232,,,,,
11/10/20,1604966400,3388817056,November,2020,3.388817056,,,,,
11/11/20,1605052800,2528226896,November,2020,2.528226896,,,,,
11/12/20,1605139200,2930585809,November,2020,2.930585809,,,,,
11/13/20,1605225600,2967972260,November,2020,2.96797226,,,,,
11/14/20,1605312000,2508784145,November,2020,2.508784145,,,,,
11/15/20,1605398400,2408772078,November,2020,2.408772078,,,,,
11/16/20,1605484800,2527004864,November,2020,2.527004864,,,,,
11/17/20,1605571200,2044304712,November,2020,2.044304712,,,,,
11/18/20,1605657600,2586470545,November,2020,2.586470545,,,,,
11/19/20,1605744000,2445384458,November,2020,2.445384458,,,,,
11/20/20,1605830400,2461232601,November,2020,2.461232601,,,,,
11/21/20,1605916800,2520320951,November,2020,2.520320951,,,,,
11/22/20,1606003200,2939578075,November,2020,2.939578075,,,,,
11/23/20,1606089600,3023931040,November,2020,3.02393104,,,,,
11/24/20,1606176000,3115738730,November,2020,3.11573873,,,,,
11/25/20,1606262400,3502095245,November,2020,3.502095245,,,,,
11/26/20,1606348800,4251497999,November,2020,4.251497999,,,,,
11/27/20,1606435200,3907339073,November,2020,3.907339073,,,,,
11/28/20,1606521600,3437634349,November,2020,3.437634349,,,,,
11/29/20,1606608000,3003003837,November,2020,3.003003837,,,,,
11/30/20,1606694400,5398214194,November,2020,5.398214194,,,,,
12/1/20,1606780800,7305075927,December,2020,7.305075927,,,,,
12/2/20,1606867200,19712947510,December,2020,19.71294751,,,,,
12/3/20,1606953600,19845705220,December,2020,19.84570522,,,,,
12/4/20,1607040000,16954035461,December,2020,16.95403546,,,,,
12/5/20,1607126400,16939976595,December,2020,16.9399766,,,,,
12/6/20,1607212800,16320463976,December,2020,16.32046398,,,,,
12/7/20,1607299200,15060870343,December,2020,15.06087034,,,,,
12/8/20,1607385600,15229517547,December,2020,15.22951755,,,,,
12/9/20,1607472000,29900148801,December,2020,29.9001488,,,,,
12/10/20,1607558400,13886416968,December,2020,13.88641697,,,,,
12/11/20,1607644800,16719660932,December,2020,16.71966093,,,,,
12/12/20,1607731200,16417854076,December,2020,16.41785408,,,,,
12/13/20,1607817600,16137702211,December,2020,16.13770221,,,,,
12/14/20,1607904000,16674110162,December,2020,16.67411016,,,,,
12/15/20,1607990400,18437225754,December,2020,18.43722575,,,,,
12/16/20,1608076800,17778071023,December,2020,17.77807102,,,,,
12/17/20,1608163200,17146379764,December,2020,17.14637976,,,,,
12/18/20,1608249600,14209969308,December,2020,14.20996931,,,,,
12/19/20,1608336000,8714183608,December,2020,8.714183608,,,,,
12/20/20,1608422400,8817098331,December,2020,8.817098331,,,,,
12/21/20,1608508800,8860052599,December,2020,8.860052599,,,,,
12/22/20,1608595200,9241038135,December,2020,9.241038135,,,,,
12/23/20,1608681600,10093512149,December,2020,10.09351215,,,,,
12/24/20,1608768000,9339258014,December,2020,9.339258014,,,,,
12/25/20,1608854400,7854663271,December,2020,7.854663271,,,,,
12/26/20,1608940800,7779811044,December,2020,7.779811044,,,,,
12/27/20,1609027200,9040182151,December,2020,9.040182151,,,,,
12/28/20,1609113600,8271007860,December,2020,8.27100786,,,,,
12/29/20,1609200000,8140789070,December,2020,8.14078907,,,,,
12/30/20,1609286400,8071324963,December,2020,8.071324963,,,,,
12/31/20,1609372800,7252301776,December,2020,7.252301776,,,,,
1/1/21,1609459200,7674109525,January,2021,7.674109525,,,,,
1/2/21,1609545600,8256209677,January,2021,8.256209677,,,,,
1/3/21,1609632000,8418298338,January,2021,8.418298338,,,,,
1/4/21,1609718400,9118576885,January,2021,9.118576885,,,,,
1/5/21,1609804800,8971946697,January,2021,8.971946697,,,,,
1/6/21,1609891200,8921573890,January,2021,8.92157389,,,,,
1/7/21,1609977600,8526114195,January,2021,8.526114195,,,,,
1/8/21,1610064000,9264710429,January,2021,9.264710429,,,,,
1/9/21,1610150400,8256296234,January,2021,8.256296234,,,,,
1/10/21,1610236800,9309511558,January,2021,9.309511558,,,,,
1/11/21,1610323200,10782502670,January,2021,10.78250267,,,,,
1/12/21,1610409600,11070281225,January,2021,11.07028123,,,,,
1/13/21,1610496000,12100504663,January,2021,12.10050466,,,,,
1/14/21,1610582400,12712980652,January,2021,12.71298065,,,,,
1/15/21,1610668800,10971508033,January,2021,10.97150803,,,,,
1/16/21,1610755200,8547931899,January,2021,8.547931899,,,,,
1/17/21,1610841600,8652547758,January,2021,8.652547758,,,,,
1/18/21,1610928000,13731456448,January,2021,13.73145645,,,,,
1/19/21,1611014400,19387684874,January,2021,19.38768487,,,,,
1/20/21,1611100800,18532526556,January,2021,18.53252656,,,,,
1/21/21,1611187200,20328396143,January,2021,20.32839614,,,,,
1/22/21,1611273600,20884324461,January,2021,20.88432446,,,,,
1/23/21,1611360000,8915987001,January,2021,8.915987001,,,,,
1/24/21,1611446400,18152884831,January,2021,18.15288483,,,,,
1/25/21,1611532800,15391311310,January,2021,15.39131131,,,,,
1/26/21,1611619200,17491180986,January,2021,17.49118099,,,,,
1/27/21,1611705600,16656048864,January,2021,16.65604886,,,,,
1/28/21,1611792000,18819159787,January,2021,18.81915979,,,,,
1/29/21,1611878400,21518939378,January,2021,21.51893938,,,,,
1/30/21,1611964800,19315130704,January,2021,19.3151307,,,,,
1/31/21,1612051200,17467122218,January,2021,17.46712222,,,,,
2/1/21,1612137600,15209687825,February,2021,15.20968783,,,,,
2/2/21,1612224000,15486974769,February,2021,15.48697477,,,,,
2/3/21,1612310400,14214840593,February,2021,14.21484059,,,,,
2/4/21,1612396800,14985791049,February,2021,14.98579105,,,,,
2/5/21,1612483200,14697846655,February,2021,14.69784666,,,,,
2/6/21,1612569600,14260099999,February,2021,14.2601,,,,,
2/7/21,1612656000,14235029622,February,2021,14.23502962,,,,,
2/8/21,1612742400,15821188892,February,2021,15.82118889,,,,,
2/9/21,1612828800,15695490411,February,2021,15.69549041,,,,,
2/10/21,1612915200,17799837955,February,2021,17.79983796,,,,,
2/11/21,1613001600,19546777304,February,2021,19.5467773,,,,,
2/12/21,1613088000,19845593704,February,2021,19.8455937,,,,,
2/13/21,1613174400,18105887460,February,2021,18.10588746,,,,,
2/14/21,1613260800,15657115435,February,2021,15.65711544,,,,,
2/15/21,1613347200,20088869080,February,2021,20.08886908,,,,,
2/16/21,1613433600,22471095387,February,2021,22.47109539,,,,,
2/17/21,1613520000,21222060586,February,2021,21.22206059,,,,,
2/18/21,1613606400,21992764690,February,2021,21.99276469,,,,,
2/19/21,1613692800,22840376814,February,2021,22.84037681,,,,,
2/20/21,1613779200,19001336300,February,2021,19.0013363,,,,,
2/21/21,1613865600,23377186439,February,2021,23.37718644,,,,,
2/22/21,1613952000,24754875013,February,2021,24.75487501,,,,,
2/23/21,1614038400,22127628316,February,2021,22.12762832,,,,,
2/24/21,1614124800,22144549849,February,2021,22.14454985,,,,,
2/25/21,1614211200,24229003845,February,2021,24.22900385,,,,,
2/26/21,1614297600,24445611404,February,2021,24.4456114,,,,,
2/27/21,1614384000,22271684250,February,2021,22.27168425,,,,,
2/28/21,1614470400,24888922696,February,2021,24.8889227,,,,,
3/1/21,1614556800,28818029009,March,2021,28.81802901,,,,,
3/2/21,1614643200,41213005051,March,2021,41.21300505,,,,,
3/3/21,1614729600,33978110631,March,2021,33.97811063,,,,,
3/4/21,1614816000,35989291696,March,2021,35.9892917,,,,,
3/5/21,1614902400,37776812626,March,2021,37.77681263,,,,,
3/6/21,1614988800,34203689887,March,2021,34.20368989,,,,,
3/7/21,1615075200,36000625754,March,2021,36.00062575,,,,,
3/8/21,1615161600,36411283830,March,2021,36.41128383,,,,,
3/9/21,1615248000,33105694711,March,2021,33.10569471,,,,,
3/10/21,1615334400,32569874805,March,2021,32.56987481,,,,,
3/11/21,1615420800,36749269314,March,2021,36.74926931,,,,,
3/12/21,1615507200,35355484763,March,2021,35.35548476,,,,,
3/13/21,1615593600,36462812552,March,2021,36.46281255,,,,,
3/14/21,1615680000,40749419524,March,2021,40.74941952,,,,,
3/15/21,1615766400,43981079386,March,2021,43.98107939,,,,,
3/16/21,1615852800,42264606101,March,2021,42.2646061,,,,,
3/17/21,1615939200,52111146795,March,2021,52.1111468,,,,,
3/18/21,1616025600,48709017795,March,2021,48.7090178,,,,,
3/19/21,1616112000,57136323539,March,2021,57.13632354,,,,,
3/20/21,1616198400,50594988140,March,2021,50.59498814,,,,,
3/21/21,1616284800,60332318213,March,2021,60.33231821,,,,,
3/22/21,1616371200,59677207413,March,2021,59.67720741,,,,,
3/23/21,1616457600,40539438808,March,2021,40.53943881,,,,,
3/24/21,1616544000,39288232946,March,2021,39.28823295,,,,,
3/25/21,1616630400,39381650325,March,2021,39.38165033,,,,,
3/26/21,1616716800,39689559727,March,2021,39.68955973,,,,,
3/27/21,1616803200,41747667017,March,2021,41.74766702,,,,,
3/28/21,1616889600,41138740309,March,2021,41.13874031,,,,,
3/29/21,1616976000,45761894491,March,2021,45.76189449,,,,,
3/30/21,1617062400,40315324786,March,2021,40.31532479,,,,,
3/31/21,1617148800,44366619207,March,2021,44.36661921,,,,,
4/1/21,1617235200,47511258683,April,2021,47.51125868,,,,,
4/2/21,1617321600,53640964962,April,2021,53.64096496,,,,,
4/3/21,1617408000,43712108789,April,2021,43.71210879,,,,,
4/4/21,1617494400,39611070585,April,2021,39.61107059,,,,,
4/5/21,1617580800,51483494027,April,2021,51.48349403,,,,,
4/6/21,1617667200,45125127109,April,2021,45.12512711,,,,,
4/7/21,1617753600,53241426786,April,2021,53.24142679,,,,,
4/8/21,1617840000,53182553565,April,2021,53.18255357,,,,,
4/9/21,1617926400,52989848401,April,2021,52.9898484,,,,,
4/10/21,1618012800,44665616087,April,2021,44.66561609,,,,,
4/11/21,1618099200,55104385677,April,2021,55.10438568,,,,,
4/12/21,1618185600,50734658980,April,2021,50.73465898,,,,,
4/13/21,1618272000,54281057863,April,2021,54.28105786,,,,,
4/14/21,1618358400,75709026210,April,2021,75.70902621,,,,,
4/15/21,1618444800,59002808573,April,2021,59.00280857,,,,,
4/16/21,1618531200,55542454413,April,2021,55.54245441,,,,,
4/17/21,1618617600,46575375725,April,2021,46.57537573,,,,,
4/18/21,1618704000,68448368534,April,2021,68.44836853,,,,,
4/19/21,1618790400,63150909345,April,2021,63.15090935,,,,,
4/20/21,1618876800,61628909272,April,2021,61.62890927,,,,,
4/21/21,1618963200,64337335297,April,2021,64.3373353,,,,,
4/22/21,1619049600,72219146320,April,2021,72.21914632,,,,,
4/23/21,1619136000,81174846263,April,2021,81.17484626,,,,,
4/24/21,1619222400,67538816093,April,2021,67.53881609,,,,,
4/25/21,1619308800,99786380944,April,2021,99.78638094,,,,,
4/26/21,1619395200,1.36484E+11,April,2021,136.4842683,,,,,
4/27/21,1619481600,1.33564E+11,April,2021,133.5638998,,,,,
4/28/21,1619568000,1.47642E+11,April,2021,147.6415534,,,,,
4/29/21,1619654400,1.44972E+11,April,2021,144.9722603,,,,,
4/30/21,1619740800,1.44719E+11,April,2021,144.7191088,,,,,
5/1/21,1619827200,1.82132E+11,May,2021,182.1323889,,,,,
5/2/21,1619913600,1.81548E+11,May,2021,181.548279,,,,,
5/3/21,1620000000,1.5308E+11,May,2021,153.0798477,,,,,
5/4/21,1620086400,1.61968E+11,May,2021,161.9684135,,,,,
5/5/21,1620172800,1.59503E+11,May,2021,159.503308,,,,,
5/6/21,1620259200,1.69154E+11,May,2021,169.1543664,,,,,
5/7/21,1620345600,3.73422E+11,May,2021,373.422291,,,,,
5/8/21,1620432000,4.0724E+11,May,2021,407.2400211,,,,,
5/9/21,1620518400,3.71709E+11,May,2021,371.7087268,,,,,
5/10/21,1620604800,3.83669E+11,May,2021,383.6687358,,,,,
5/11/21,1620691200,3.83229E+11,May,2021,383.2290626,,,,,
5/12/21,1620777600,3.71288E+11,May,2021,371.287738,,,,,
5/13/21,1620864000,3.71185E+11,May,2021,371.1847924,,,,,
5/14/21,1620950400,4.53303E+11,May,2021,453.3033436,,,,,
5/15/21,1621036800,4.50082E+11,May,2021,450.0821807,,,,,
5/16/21,1621123200,4.52643E+11,May,2021,452.6426883,,,,,
5/17/21,1621209600,3.3868E+11,May,2021,338.6797536,,,,,
5/18/21,1621296000,4.22204E+11,May,2021,422.2036046,,,,,
5/19/21,1621382400,5.69683E+11,May,2021,569.6834557,,,,,
5/20/21,1621468800,4.57456E+11,May,2021,457.4556689,,,,,
5/21/21,1621555200,4.43063E+11,May,2021,443.06348,,,,,
5/22/21,1621641600,4.00575E+11,May,2021,400.5751518,,,,,
5/23/21,1621728000,4.08983E+11,May,2021,408.983318,,,,,
5/24/21,1621814400,4.36954E+11,May,2021,436.9540419,,,,,
5/25/21,1621900800,4.78415E+11,May,2021,478.4146299,,,,,
5/26/21,1621987200,4.61759E+11,May,2021,461.7594709,,,,,
5/27/21,1622073600,4.64222E+11,May,2021,464.2219696,,,,,
5/28/21,1622160000,5.34908E+11,May,2021,534.9075297,,,,,
5/29/21,1622246400,4.75983E+11,May,2021,475.9827261,,,,,
5/30/21,1622332800,5.21526E+11,May,2021,521.5256786,,,,,
5/31/21,1622419200,4.80398E+11,May,2021,480.3977147,,,,,
6/1/21,1622505600,4.97409E+11,June,2021,497.408862,,,,,
6/2/21,1622592000,5.06096E+11,June,2021,506.095847,,,,,
6/3/21,1622678400,4.46457E+11,June,2021,446.4570458,,,,,
6/4/21,1622764800,4.68862E+11,June,2021,468.8619739,,,,,
6/5/21,1622851200,5.25553E+11,June,2021,525.5533999,,,,,
6/6/21,1622937600,5.08703E+11,June,2021,508.7027003,,,,,
6/7/21,1623024000,5.19958E+11,June,2021,519.9575756,,,,,
6/8/21,1623110400,5.52942E+11,June,2021,552.9419466,,,,,
6/9/21,1623196800,5.26603E+11,June,2021,526.6030864,,,,,
6/10/21,1623283200,6.77679E+11,June,2021,677.6789223,,,,,
6/11/21,1623369600,7.47044E+11,June,2021,747.0444323,,,,,
6/12/21,1623456000,6.4544E+11,June,2021,645.4402505,,,,,
6/13/21,1623542400,6.94542E+11,June,2021,694.5423473,,,,,
6/14/21,1623628800,7.09986E+11,June,2021,709.9861479,,,,,
6/15/21,1623715200,7.36727E+11,June,2021,736.7270983,,,,,
6/16/21,1623801600,7.67179E+11,June,2021,767.1788551,,,,,
6/17/21,1623888000,7.58083E+11,June,2021,758.0827371,,,,,
6/18/21,1623974400,7.27804E+11,June,2021,727.8042294,,,,,
6/19/21,1624060800,7.29303E+11,June,2021,729.3034112,,,,,
6/20/21,1624147200,7.50162E+11,June,2021,750.1615497,,,,,
6/21/21,1624233600,7.52122E+11,June,2021,752.1224678,,,,,
6/22/21,1624320000,7.40443E+11,June,2021,740.4431344,,,,,
6/23/21,1624406400,7.58504E+11,June,2021,758.5038213,,,,,
6/24/21,1624492800,7.42217E+11,June,2021,742.216866,,,,,
6/25/21,1624579200,7.32262E+11,June,2021,732.2623505,,,,,
6/26/21,1624665600,6.42911E+11,June,2021,642.9113009,,,,,
6/27/21,1624752000,5.76834E+11,June,2021,576.8339652,,,,,
6/28/21,1624838400,6.27064E+11,June,2021,627.0644915,,,,,
6/29/21,1624924800,6.7464E+11,June,2021,674.6402138,,,,,
6/30/21,1625011200,6.90192E+11,June,2021,690.1922179,,,,,
7/1/21,1625097600,6.96727E+11,July,2021,696.7266833,,,,,
7/2/21,1625184000,6.18688E+11,July,2021,618.6882235,,,,,
7/3/21,1625270400,6.23467E+11,July,2021,623.466545,,,,,
7/4/21,1625356800,6.42027E+11,July,2021,642.0265184,,,,,
7/5/21,1625443200,6.11516E+11,July,2021,611.5162165,,,,,
7/6/21,1625529600,6.47959E+11,July,2021,647.9588094,,,,,
7/7/21,1625616000,6.14244E+11,July,2021,614.244298,,,,,
7/8/21,1625702400,5.90408E+11,July,2021,590.4084934,,,,,
7/9/21,1625788800,6.24798E+11,July,2021,624.7984863,,,,,
7/10/21,1625875200,6.95161E+11,July,2021,695.1612757,,,,,
7/11/21,1625961600,6.53292E+11,July,2021,653.2915438,,,,,
7/12/21,1626048000,6.98497E+11,July,2021,698.4970832,,,,,
7/13/21,1626134400,6.54367E+11,July,2021,654.3674081,,,,,
7/14/21,1626220800,6.42755E+11,July,2021,642.7545831,,,,,
7/15/21,1626307200,6.21392E+11,July,2021,621.3919897,,,,,
7/16/21,1626393600,6.42548E+11,July,2021,642.5476199,,,,,
7/17/21,1626480000,6.21837E+11,July,2021,621.8366221,,,,,
7/18/21,1626566400,6.07224E+11,July,2021,607.2237141,,,,,
7/19/21,1626652800,6.36355E+11,July,2021,636.3550682,,,,,
7/20/21,1626739200,6.69936E+11,July,2021,669.9358897,,,,,
7/21/21,1626825600,6.55796E+11,July,2021,655.7960356,,,,,
7/22/21,1626912000,5.88326E+11,July,2021,588.3258732,,,,,
7/23/21,1626998400,6.67163E+11,July,2021,667.1628716,,,,,
7/24/21,1627084800,6.44833E+11,July,2021,644.8330567,,,,,
7/25/21,1627171200,6.18312E+11,July,2021,618.3122759,,,,,
7/26/21,1627257600,6.46021E+11,July,2021,646.0211249,,,,,
7/27/21,1627344000,5.70348E+11,July,2021,570.3484122,,,,,
7/28/21,1627430400,5.71531E+11,July,2021,571.5314621,,,,,
7/29/21,1627516800,5.99564E+11,July,2021,599.5638869,,,,,
7/30/21,1627603200,5.99447E+11,July,2021,599.4472456,,,,,
7/31/21,1627689600,5.38182E+11,July,2021,538.1818606,,,,,
8/1/21,1627776000,5.65529E+11,August,2021,565.52881,,,,,
8/2/21,1627862400,5.68064E+11,August,2021,568.0635693,,,,,
8/3/21,1627948800,6.12048E+11,August,2021,612.0484202,,,,,
8/4/21,1628035200,5.53628E+11,August,2021,553.6279339,,,,,
8/5/21,1628121600,5.4107E+11,August,2021,541.0698993,,,,,
8/6/21,1628208000,5.44419E+11,August,2021,544.4187479,,,,,
8/7/21,1628294400,5.6876E+11,August,2021,568.7597806,,,,,
8/8/21,1628380800,6.38643E+11,August,2021,638.6425507,,,,,
8/9/21,1628467200,6.24871E+11,August,2021,624.8710678,,,,,
8/10/21,1628553600,6.33582E+11,August,2021,633.5820197,,,,,
8/11/21,1628640000,6.23584E+11,August,2021,623.5842904,,,,,
8/12/21,1628726400,6.06203E+11,August,2021,606.2026389,,,,,
8/13/21,1628812800,5.94343E+11,August,2021,594.3428857,,,,,
8/14/21,1628899200,6.48422E+11,August,2021,648.4217912,,,,,
8/15/21,1628985600,5.75562E+11,August,2021,575.5623878,,,,,
8/16/21,1629072000,6.13796E+11,August,2021,613.7962698,,,,,
8/17/21,1629158400,6.19599E+11,August,2021,619.5994358,,,,,
8/18/21,1629244800,6.20948E+11,August,2021,620.9482352,,,,,
8/19/21,1629331200,6.02902E+11,August,2021,602.9017875,,,,,
8/20/21,1629417600,6.51955E+11,August,2021,651.9551091,,,,,
8/21/21,1629504000,6.74348E+11,August,2021,674.3484524,,,,,
8/22/21,1629590400,6.66882E+11,August,2021,666.8821015,,,,,
8/23/21,1629676800,6.94269E+11,August,2021,694.268807,,,,,
8/24/21,1629763200,7.06719E+11,August,2021,706.7190864,,,,,
8/25/21,1629849600,6.6526E+11,August,2021,665.2601106,,,,,
8/26/21,1629936000,6.77426E+11,August,2021,677.4260512,,,,,
8/27/21,1630022400,6.09909E+11,August,2021,609.909468,,,,,
8/28/21,1630108800,6.33196E+11,August,2021,633.1955783,,,,,
8/29/21,1630195200,5.94562E+11,August,2021,594.5616219,,,,,
8/30/21,1630281600,6.28073E+11,August,2021,628.073001,,,,,
8/31/21,1630368000,6.18499E+11,August,2021,618.4985656,,,,,
9/1/21,1630454400,6.48396E+11,September,2021,648.3958255,,,,,
9/2/21,1630540800,6.70388E+11,September,2021,670.3877205,,,,,
9/3/21,1630627200,6.35822E+11,September,2021,635.8222756,,,,,
9/4/21,1630713600,6.44115E+11,September,2021,644.1152703,,,,,
9/5/21,1630800000,5.98378E+11,September,2021,598.3778158,,,,,
9/6/21,1630886400,6.73964E+11,September,2021,673.9637893,,,,,
9/7/21,1630972800,6.76332E+11,September,2021,676.3322988,,,,,
9/8/21,1631059200,6.73056E+11,September,2021,673.0562747,,,,,
9/9/21,1631145600,7.33688E+11,September,2021,733.6879658,,,,,
9/10/21,1631232000,7.16492E+11,September,2021,716.4917267,,,,,
9/11/21,1631318400,7.22736E+11,September,2021,722.7356333,,,,,
9/12/21,1631404800,6.93885E+11,September,2021,693.8849717,,,,,
9/13/21,1631491200,7.26429E+11,September,2021,726.4291011,,,,,
9/14/21,1631577600,7.3915E+11,September,2021,739.1502426,,,,,
9/15/21,1631664000,6.92501E+11,September,2021,692.5008233,,,,,
9/16/21,1631750400,6.48276E+11,September,2021,648.276242,,,,,
9/17/21,1631836800,6.81097E+11,September,2021,681.097127,,,,,
9/18/21,1631923200,6.74437E+11,September,2021,674.436578,,,,,
9/19/21,1632009600,6.96004E+11,September,2021,696.0035324,,,,,
9/20/21,1632096000,7.3121E+11,September,2021,731.2097254,,,,,
9/21/21,1632182400,6.97821E+11,September,2021,697.8209001,,,,,
9/22/21,1632268800,7.15012E+11,September,2021,715.0120913,,,,,
9/23/21,1632355200,7.36762E+11,September,2021,736.7619557,,,,,
9/24/21,1632441600,7.60261E+11,September,2021,760.260683,,,,,
9/25/21,1632528000,7.60534E+11,September,2021,760.5339633,,,,,
9/26/21,1632614400,7.49088E+11,September,2021,749.0881664,,,,,
9/27/21,1632700800,7.74468E+11,September,2021,774.467953,,,,,
9/28/21,1632787200,7.47876E+11,September,2021,747.8762196,,,,,
9/29/21,1632873600,6.57294E+11,September,2021,657.2940764,,,,,
9/30/21,1632960000,7.52996E+11,September,2021,752.9962672,,,,,
10/1/21,1633046400,7.4183E+11,October,2021,741.8302442,,,,,
10/2/21,1633132800,7.40699E+11,October,2021,740.6993991,,,,,
10/3/21,1633219200,6.86862E+11,October,2021,686.8623699,,,,,
10/4/21,1633305600,6.64982E+11,October,2021,664.9824077,,,,,
10/5/21,1633392000,6.1011E+11,October,2021,610.11,,,,,
10/6/21,1633478400,4.51893E+11,October,2021,451.8926771,,,,,
10/7/21,1633564800,4.74E+11,October,2021,474.0004659,,,,,
10/8/21,1633651200,4.74855E+11,October,2021,474.8552762,,,,,
10/9/21,1633737600,4.01218E+11,October,2021,401.2182386,,,,,
10/10/21,1633824000,4.58277E+11,October,2021,458.2771757,,,,,
10/11/21,1633910400,5.1463E+11,October,2021,514.6299207,,,,,
10/12/21,1633996800,4.77217E+11,October,2021,477.2173878,,,,,
10/13/21,1634083200,4.51322E+11,October,2021,451.3221679,,,,,
10/14/21,1634169600,4.77426E+11,October,2021,477.4255454,,,,,
10/15/21,1634256000,4.64506E+11,October,2021,464.5060773,,,,,
10/16/21,1634342400,4.14101E+11,October,2021,414.1011864,,,,,
10/17/21,1634428800,4.41786E+11,October,2021,441.785694,,,,,
10/18/21,1634515200,5.84163E+11,October,2021,584.1633477,,,,,
10/19/21,1634601600,5.48301E+11,October,2021,548.3006194,,,,,
10/20/21,1634688000,5.13527E+11,October,2021,513.5265806,,,,,
10/21/21,1634774400,4.72859E+11,October,2021,472.8592964,,,,,
10/22/21,1634860800,4.66122E+11,October,2021,466.1217568,,,,,
10/23/21,1634947200,4.69485E+11,October,2021,469.4845973,,,,,
10/24/21,1635033600,4.62673E+11,October,2021,462.6727688,,,,,
10/25/21,1635120000,5.80105E+11,October,2021,580.1048219,,,,,
10/26/21,1635206400,5.23186E+11,October,2021,523.1857186,,,,,
10/27/21,1635292800,5.32796E+11,October,2021,532.7962647,,,,,
10/28/21,1635379200,5.63343E+11,October,2021,563.3427737,,,,,
10/29/21,1635465600,6.61735E+11,October,2021,661.7354287,,,,,
10/30/21,1635552000,4.9914E+11,October,2021,499.1399574,,,,,
10/31/21,1635638400,4.91715E+11,October,2021,491.7150479,,,,,
11/1/21,1635724800,5.80787E+11,November,2021,580.7865718,,,,,
11/2/21,1635811200,5.28096E+11,November,2021,528.0962974,,,,,
11/3/21,1635897600,5.09851E+11,November,2021,509.8513645,,,,,
11/4/21,1635984000,4.61966E+11,November,2021,461.9660334,,,,,
11/5/21,1636070400,4.5482E+11,November,2021,454.8203183,,,,,
11/6/21,1636156800,4.05964E+11,November,2021,405.9635724,,,,,
11/7/21,1636243200,4.22417E+11,November,2021,422.4174869,,,,,
11/8/21,1636329600,6.26463E+11,November,2021,626.4633589,,,,,
11/9/21,1636416000,5.07819E+11,November,2021,507.819359,,,,,
11/10/21,1636502400,5.35042E+11,November,2021,535.0419268,,,,,
11/11/21,1636588800,6.24692E+11,November,2021,624.6923292,,,,,
11/12/21,1636675200,6.48395E+11,November,2021,648.3950032,,,,,
11/13/21,1636761600,5.58062E+11,November,2021,558.0616285,,,,,
11/14/21,1636848000,6.08952E+11,November,2021,608.951948,,,,,
11/15/21,1636934400,6.73542E+11,November,2021,673.54217,,,,,
11/16/21,1637020800,6.12837E+11,November,2021,612.8369085,,,,,
11/17/21,1637107200,5.60464E+11,November,2021,560.4643104,,,,,
11/18/21,1637193600,5.49801E+11,November,2021,549.8010539,,,,,
11/19/21,1637280000,5.28339E+11,November,2021,528.3386538,,,,,
11/20/21,1637366400,4.75824E+11,November,2021,475.8239775,,,,,
11/21/21,1637452800,4.94762E+11,November,2021,494.7624443,,,,,
11/22/21,1637539200,6.36617E+11,November,2021,636.616729,,,,,
11/23/21,1637625600,6.31144E+11,November,2021,631.14373,,,,,
11/24/21,1637712000,6.36077E+11,November,2021,636.0772896,,,,,
11/25/21,1637798400,6.34368E+11,November,2021,634.3682189,,,,,
11/26/21,1637884800,6.47677E+11,November,2021,647.6766266,,,,,
11/27/21,1637971200,6.06103E+11,November,2021,606.1028213,,,,,
11/28/21,1638057600,6.67718E+11,November,2021,667.7184622,,,,,
11/29/21,1638144000,6.73494E+11,November,2021,673.4939877,,,,,
11/30/21,1638230400,6.06004E+11,November,2021,606.0042025,,,,,
12/1/21,1638316800,6.08299E+11,December,2021,608.2991393,,,,,
12/2/21,1638403200,5.9643E+11,December,2021,596.4303585,,,,,
12/3/21,1638489600,5.50578E+11,December,2021,550.5775738,,,,,
12/4/21,1638576000,5.72939E+11,December,2021,572.9393311,,,,,
12/5/21,1638662400,4.69491E+11,December,2021,469.4908744,,,,,
12/6/21,1638748800,6.29002E+11,December,2021,629.0015156,,,,,
12/7/21,1638835200,5.25034E+11,December,2021,525.0336081,,,,,
12/8/21,1638921600,5.01354E+11,December,2021,501.3536599,,,,,
12/9/21,1639008000,5.63218E+11,December,2021,563.2180016,,,,,
12/10/21,1639094400,5.51327E+11,December,2021,551.3271528,,,,,
12/11/21,1639180800,4.83671E+11,December,2021,483.6714673,,,,,
12/12/21,1639267200,4.9812E+11,December,2021,498.1195478,,,,,
12/13/21,1639353600,6.23931E+11,December,2021,623.9308485,,,,,
12/14/21,1639440000,5.52175E+11,December,2021,552.1750954,,,,,
12/15/21,1639526400,5.63393E+11,December,2021,563.3930777,,,,,
12/16/21,1639612800,5.02876E+11,December,2021,502.8757808,,,,,
12/17/21,1639699200,5.10377E+11,December,2021,510.3773427,,,,,
12/18/21,1639785600,4.73284E+11,December,2021,473.2843117,,,,,
12/19/21,1639872000,4.95781E+11,December,2021,495.781034,,,,,
12/20/21,1639958400,5.54609E+11,December,2021,554.6091314,,,,,
12/21/21,1640044800,4.87642E+11,December,2021,487.6421096,,,,,
12/22/21,1640131200,5.74716E+11,December,2021,574.7158193,,,,,
12/23/21,1640217600,5.15447E+11,December,2021,515.4473465,,,,,
12/24/21,1640304000,5.12226E+11,December,2021,512.2261441,,,,,
12/25/21,1640390400,4.17783E+11,December,2021,417.7826608,,,,,
12/26/21,1640476800,4.57408E+11,December,2021,457.4082767,,,,,
12/27/21,1640563200,5.26695E+11,December,2021,526.6949859,,,,,
12/28/21,1640649600,5.44554E+11,December,2021,544.5541942,,,,,
12/29/21,1640736000,5.2413E+11,December,2021,524.1296853,,,,,
12/30/21,1640822400,5.50391E+11,December,2021,550.3914826,,,,,
12/31/21,1640908800,7.57803E+11,December,2021,757.8028366,,,,,
1/1/22,1640995200,7.63244E+11,January,2022,763.2439305,,,,,
1/2/22,1641081600,6.94874E+11,January,2022,694.8735413,,,,,
1/3/22,1641168000,7.43684E+11,January,2022,743.68418,,,,,
1/4/22,1641254400,6.38016E+11,January,2022,638.0157666,,,,,
1/5/22,1641340800,5.53505E+11,January,2022,553.5047877,,,,,
1/6/22,1641427200,5.609E+11,January,2022,560.9002551,,,,,
1/7/22,1641513600,5.56735E+11,January,2022,556.7352267,,,,,
1/8/22,1641600000,4.3127E+11,January,2022,431.2699782,,,,,
1/9/22,1641686400,4.14797E+11,January,2022,414.7966094,,,,,
1/10/22,1641772800,4.78225E+11,January,2022,478.2249617,,,,,
1/11/22,1641859200,4.61305E+11,January,2022,461.304972,,,,,
1/12/22,1641945600,5.0792E+11,January,2022,507.9199387,,,,,
1/13/22,1642032000,4.82906E+11,January,2022,482.9058293,,,,,
1/14/22,1642118400,4.68192E+11,January,2022,468.1922201,,,,,
1/15/22,1642204800,4.72455E+11,January,2022,472.4553958,,,,,
1/16/22,1642291200,4.58024E+11,January,2022,458.0237303,,,,,
1/17/22,1642377600,5.0432E+11,January,2022,504.3201097,,,,,
1/18/22,1642464000,3.79942E+11,January,2022,379.9421029,,,,,
1/19/22,1642550400,3.52366E+11,January,2022,352.3661016,,,,,
1/20/22,1642636800,4.0932E+11,January,2022,409.3203837,,,,,
1/21/22,1642723200,3.9716E+11,January,2022,397.1599028,,,,,
1/22/22,1642809600,4.06955E+11,January,2022,406.9546895,,,,,
1/23/22,1642896000,4.05553E+11,January,2022,405.5532887,,,,,
1/24/22,1642982400,4.22014E+11,January,2022,422.0138369,,,,,
1/25/22,1643068800,4.25143E+11,January,2022,425.1433322,,,,,
1/26/22,1643155200,4.80648E+11,January,2022,480.6477007,,,,,
1/27/22,1643241600,5.37382E+11,January,2022,537.3824194,,,,,
1/28/22,1643328000,5.10666E+11,January,2022,510.6663456,,,,,
1/29/22,1643414400,5.17863E+11,January,2022,517.8632105,,,,,
1/30/22,1643500800,5.36938E+11,January,2022,536.9376521,,,,,
1/31/22,1643587200,5.35603E+11,January,2022,535.6033851,,,,,
2/1/22,1643673600,5.21717E+11,February,2022,521.7172897,,,,,
2/2/22,1643760000,5.09867E+11,February,2022,509.867339,,,,,
2/3/22,1643846400,5.4868E+11,February,2022,548.6795707,,,,,
2/4/22,1643932800,5.33564E+11,February,2022,533.5639415,,,,,
2/5/22,1644019200,5.1085E+11,February,2022,510.8497615,,,,,
2/6/22,1644105600,4.84515E+11,February,2022,484.514636,,,,,
2/7/22,1644192000,5.2914E+11,February,2022,529.1402148,,,,,
2/8/22,1644278400,5.69728E+11,February,2022,569.728153,,,,,
2/9/22,1644364800,5.35579E+11,February,2022,535.5790734,,,,,
2/10/22,1644451200,5.44124E+11,February,2022,544.1244476,,,,,
2/11/22,1644537600,5.38179E+11,February,2022,538.1789912,,,,,
2/12/22,1644624000,5.58899E+11,February,2022,558.8990529,,,,,
2/13/22,1644710400,5.50369E+11,February,2022,550.368539,,,,,
2/14/22,1644796800,5.82549E+11,February,2022,582.5488372,,,,,
2/15/22,1644883200,5.50005E+11,February,2022,550.0048566,,,,,
2/16/22,1644969600,5.50656E+11,February,2022,550.6556503,,,,,
2/17/22,1645056000,4.05206E+11,February,2022,405.2064575,,,,,
2/18/22,1645142400,3.64858E+11,February,2022,364.8582788,,,,,
2/19/22,1645228800,4.24377E+11,February,2022,424.3767432,,,,,
2/20/22,1645315200,3.72394E+11,February,2022,372.3936102,,,,,
2/21/22,1645401600,3.86828E+11,February,2022,386.8283873,,,,,
2/22/22,1645488000,4.1026E+11,February,2022,410.2600098,,,,,
2/23/22,1645574400,3.83543E+11,February,2022,383.5433938,,,,,
2/24/22,1645660800,3.85707E+11,February,2022,385.7066807,,,,,
2/25/22,1645747200,3.87291E+11,February,2022,387.2913413,,,,,
2/26/22,1645833600,3.31046E+11,February,2022,331.0464192,,,,,
2/27/22,1645920000,4.1083E+11,February,2022,410.8303231,,,,,
2/28/22,1646006400,4.74205E+11,February,2022,474.2049429,,,,,
3/1/22,1646092800,4.7401E+11,March,2022,474.0103372,,,,,
3/2/22,1646179200,4.6826E+11,March,2022,468.2597564,,,,,
3/3/22,1646265600,4.03589E+11,March,2022,403.5886593,,,,,
3/4/22,1646352000,4.44315E+11,March,2022,444.3150206,,,,,
3/5/22,1646438400,3.61857E+11,March,2022,361.8572622,,,,,
3/6/22,1646524800,4.10516E+11,March,2022,410.5162988,,,,,
3/7/22,1646611200,4.01273E+11,March,2022,401.2732454,,,,,
3/8/22,1646697600,4.341E+11,March,2022,434.1000745,,,,,
3/9/22,1646784000,4.48564E+11,March,2022,448.5638992,,,,,
3/10/22,1646870400,3.25056E+11,March,2022,325.0558439,,,,,
3/11/22,1646956800,3.73868E+11,March,2022,373.8675294,,,,,
3/12/22,1647043200,4.06764E+11,March,2022,406.7636655,,,,,
3/13/22,1647129600,3.71387E+11,March,2022,371.3868203,,,,,
3/14/22,1647216000,4.09479E+11,March,2022,409.4788744,,,,,
3/15/22,1647302400,4.47316E+11,March,2022,447.3161268,,,,,
3/16/22,1647388800,4.80876E+11,March,2022,480.8759755,,,,,
3/17/22,1647475200,4.47205E+11,March,2022,447.2050152,,,,,
3/18/22,1647561600,4.46816E+11,March,2022,446.8163802,,,,,
3/19/22,1647648000,4.31339E+11,March,2022,431.3387695,,,,,
3/20/22,1647734400,4.49092E+11,March,2022,449.0916597,,,,,
3/21/22,1647820800,4.54317E+11,March,2022,454.3173999,,,,,
3/22/22,1647907200,4.83892E+11,March,2022,483.8923737,,,,,
3/23/22,1647993600,4.94329E+11,March,2022,494.3291227,,,,,
3/24/22,1648080000,4.7688E+11,March,2022,476.8803349,,,,,
3/25/22,1648166400,4.52644E+11,March,2022,452.6443032,,,,,
3/26/22,1648252800,4.39491E+11,March,2022,439.4906911,,,,,
3/27/22,1648339200,4.11818E+11,March,2022,411.8177731,,,,,
3/28/22,1648425600,4.47908E+11,March,2022,447.908266,,,,,
3/29/22,1648512000,4.53059E+11,March,2022,453.0591203,,,,,
3/30/22,1648598400,4.39368E+11,March,2022,439.3682387,,,,,
3/31/22,1648684800,4.61807E+11,March,2022,461.8068624,,,,,
4/1/22,1648771200,4.65599E+11,April,2022,465.5986816,,,,,
4/2/22,1648857600,4.49937E+11,April,2022,449.9371043,,,,,
4/3/22,1648944000,4.39187E+11,April,2022,439.186963,,,,,
4/4/22,1649030400,4.87318E+11,April,2022,487.3176507,,,,,
4/5/22,1649116800,4.67349E+11,April,2022,467.3492018,,,,,
4/6/22,1649203200,4.98535E+11,April,2022,498.5345885,,,,,
4/7/22,1649289600,5.14726E+11,April,2022,514.7264867,,,,,
4/8/22,1649376000,5.09051E+11,April,2022,509.050602,,,,,
4/9/22,1649462400,4.48764E+11,April,2022,448.7636882,,,,,
4/10/22,1649548800,4.52202E+11,April,2022,452.2015419,,,,,
4/11/22,1649635200,5.06135E+11,April,2022,506.1346302,,,,,
4/12/22,1649721600,5.14362E+11,April,2022,514.3620614,,,,,
4/13/22,1649808000,5.00682E+11,April,2022,500.6821198,,,,,
4/14/22,1649894400,5.27577E+11,April,2022,527.5770262,,,,,
4/15/22,1649980800,5.58373E+11,April,2022,558.3727057,,,,,
4/16/22,1650067200,5.33731E+11,April,2022,533.7309629,,,,,
4/17/22,1650153600,5.22043E+11,April,2022,522.0434099,,,,,
4/18/22,1650240000,5.83834E+11,April,2022,583.8339202,,,,,
4/19/22,1650326400,5.7388E+11,April,2022,573.880292,,,,,
4/20/22,1650412800,5.56032E+11,April,2022,556.0322876,,,,,
4/21/22,1650499200,5.93411E+11,April,2022,593.4106516,,,,,
4/22/22,1650585600,5.45432E+11,April,2022,545.4320475,,,,,
4/23/22,1650672000,4.78597E+11,April,2022,478.5974674,,,,,
4/24/22,1650758400,5.1189E+11,April,2022,511.889525,,,,,
4/25/22,1650844800,5.68119E+11,April,2022,568.1187558,,,,,
4/26/22,1650931200,5.64074E+11,April,2022,564.0738287,,,,,
4/27/22,1651017600,5.54126E+11,April,2022,554.1257251,,,,,
4/28/22,1651104000,5.5196E+11,April,2022,551.9602492,,,,,
4/29/22,1651190400,5.70855E+11,April,2022,570.8547062,,,,,
4/30/22,1651276800,5.28834E+11,April,2022,528.8343735,,,,,
5/1/22,1651363200,5.33162E+11,May,2022,533.1620093,,,,,
5/2/22,1651449600,5.19754E+11,May,2022,519.7538266,,,,,
5/3/22,1651536000,5.83165E+11,May,2022,583.165464,,,,,
5/4/22,1651622400,5.38292E+11,May,2022,538.2917605,,,,,
5/5/22,1651708800,5.52979E+11,May,2022,552.9791955,,,,,
5/6/22,1651795200,5.83006E+11,May,2022,583.0063978,,,,,
5/7/22,1651881600,5.92006E+11,May,2022,592.0060314,,,,,
5/8/22,1651968000,5.45506E+11,May,2022,545.5062837,,,,,
5/9/22,1652054400,5.93388E+11,May,2022,593.388228,,,,,
5/10/22,1652140800,6.05843E+11,May,2022,605.8434717,,,,,
5/11/22,1652227200,5.69093E+11,May,2022,569.092682,,,,,
5/12/22,1652313600,5.72907E+11,May,2022,572.9065359,,,,,
5/13/22,1652400000,5.99686E+11,May,2022,599.6859356,,,,,
5/14/22,1652486400,5.44037E+11,May,2022,544.0372813,,,,,
5/15/22,1652572800,4.90531E+11,May,2022,490.5305158,,,,,
5/16/22,1652659200,5.85521E+11,May,2022,585.5209199,,,,,
5/17/22,1652745600,5.1034E+11,May,2022,510.3402182,,,,,
5/18/22,1652832000,5.20857E+11,May,2022,520.8565132,,,,,
5/19/22,1652918400,5.70034E+11,May,2022,570.0335975,,,,,
5/20/22,1653004800,5.32483E+11,May,2022,532.4829376,,,,,
5/21/22,1653091200,5.18917E+11,May,2022,518.9171465,,,,,
5/22/22,1653177600,5.03203E+11,May,2022,503.2029999,,,,,
5/23/22,1653264000,5.61821E+11,May,2022,561.8207731,,,,,
5/24/22,1653350400,5.49421E+11,May,2022,549.4208061,,,,,
5/25/22,1653436800,5.67968E+11,May,2022,567.9681,,,,,
5/26/22,1653523200,5.51957E+11,May,2022,551.9573345,,,,,
5/27/22,1653609600,6.10965E+11,May,2022,610.9647805,,,,,
5/28/22,1653696000,4.80523E+11,May,2022,480.5229431,,,,,
5/29/22,1653782400,4.18846E+11,May,2022,418.8459716,,,,,
5/30/22,1653868800,4.93602E+11,May,2022,493.6016597,,,,,
5/31/22,1653955200,5.03107E+11,May,2022,503.1073364,,,,,
6/1/22,1654041600,5.08856E+11,June,2022,508.8561379,,,,,
6/2/22,1654128000,4.9086E+11,June,2022,490.8601605,,,,,
6/3/22,1654214400,5.58092E+11,June,2022,558.0916584,,,,,
6/4/22,1654300800,4.71635E+11,June,2022,471.6351376,,,,,
6/5/22,1654387200,4.70088E+11,June,2022,470.0882837,,,,,
6/6/22,1654473600,5.11025E+11,June,2022,511.0247537,,,,,
6/7/22,1654560000,5.19006E+11,June,2022,519.0064879,,,,,
6/8/22,1654646400,5.11625E+11,June,2022,511.6250622,,,,,
6/9/22,1654732800,4.83694E+11,June,2022,483.6937187,,,,,
6/10/22,1654819200,5.43428E+11,June,2022,543.4281935,,,,,
6/11/22,1654905600,5.21346E+11,June,2022,521.3464588,,,,,
6/12/22,1654992000,5.28469E+11,June,2022,528.4688151,,,,,
6/13/22,1655078400,6.0167E+11,June,2022,601.6703909,,,,,
6/14/22,1655164800,6.04822E+11,June,2022,604.8224543,,,,,
6/15/22,1655251200,5.94341E+11,June,2022,594.3406645,,,,,
6/16/22,1655337600,5.49025E+11,June,2022,549.0247886,,,,,
6/17/22,1655424000,4.97918E+11,June,2022,497.9180767,,,,,
6/18/22,1655510400,5.35442E+11,June,2022,535.4418246,,,,,
6/19/22,1655596800,5.07892E+11,June,2022,507.8919378,,,,,
6/20/22,1655683200,5.30257E+11,June,2022,530.2574762,,,,,
6/21/22,1655769600,5.19919E+11,June,2022,519.9191688,,,,,
6/22/22,1655856000,5.32574E+11,June,2022,532.5736439,,,,,
6/23/22,1655942400,5.55413E+11,June,2022,555.412945,,,,,
6/24/22,1656028800,5.54608E+11,June,2022,554.6079261,,,,,
6/25/22,1656115200,4.93793E+11,June,2022,493.7927174,,,,,
6/26/22,1656201600,5.15011E+11,June,2022,515.0113438,,,,,
6/27/22,1656288000,5.51494E+11,June,2022,551.4935779,,,,,
6/28/22,1656374400,5.11413E+11,June,2022,511.4126397,,,,,
6/29/22,1656460800,5.66782E+11,June,2022,566.7822547,,,,,
6/30/22,1656547200,5.87145E+11,June,2022,587.1450883,,,,,
7/1/22,1656633600,5.08406E+11,July,2022,508.4064028,,,,,
7/2/22,1656720000,5.19645E+11,July,2022,519.6445833,,,,,
7/3/22,1656806400,5.6242E+11,July,2022,562.4200008,,,,,
7/4/22,1656892800,5.73281E+11,July,2022,573.2814409,,,,,
7/5/22,1656979200,5.44101E+11,July,2022,544.1012904,,,,,
7/6/22,1657065600,5.21623E+11,July,2022,521.6233553,,,,,
7/7/22,1657152000,4.96659E+11,July,2022,496.6589125,,,,,
7/8/22,1657238400,5.16511E+11,July,2022,516.5111867,,,,,
7/9/22,1657324800,4.44015E+11,July,2022,444.0151773,,,,,
7/10/22,1657411200,3.95666E+11,July,2022,395.6656182,,,,,
7/11/22,1657497600,4.656E+11,July,2022,465.6000933,,,,,
7/12/22,1657584000,4.85738E+11,July,2022,485.7376227,,,,,
7/13/22,1657670400,5.00857E+11,July,2022,500.8566729,,,,,
7/14/22,1657756800,5.08165E+11,July,2022,508.1652084,,,,,
7/15/22,1657843200,5.21592E+11,July,2022,521.5920286,,,,,
7/16/22,1657929600,4.50795E+11,July,2022,450.7954949,,,,,
7/17/22,1658016000,4.92335E+11,July,2022,492.3346842,,,,,
7/18/22,1658102400,5.45907E+11,July,2022,545.9065601,,,,,
7/19/22,1658188800,5.33717E+11,July,2022,533.7170291,,,,,
7/20/22,1658275200,5.53766E+11,July,2022,553.7663651,,,,,
7/21/22,1658361600,5.36706E+11,July,2022,536.7058084,,,,,
7/22/22,1658448000,5.10222E+11,July,2022,510.2220642,,,,,
7/23/22,1658534400,5.01149E+11,July,2022,501.148711,,,,,
7/24/22,1658620800,5.02221E+11,July,2022,502.2214984,,,,,
7/25/22,1658707200,5.19958E+11,July,2022,519.9578448,,,,,
7/26/22,1658793600,5.40327E+11,July,2022,540.3267095,,,,,
7/27/22,1658880000,5.33239E+11,July,2022,533.2387941,,,,,
7/28/22,1658966400,5.29252E+11,July,2022,529.2518788,,,,,
7/29/22,1659052800,5.58767E+11,July,2022,558.7674546,,,,,
7/30/22,1659139200,5.09017E+11,July,2022,509.0174112,,,,,
7/31/22,1659225600,4.7774E+11,July,2022,477.7395027,,,,,
8/1/22,1659312000,4.99331E+11,August,2022,499.3311777,,,,,
8/2/22,1659398400,5.7648E+11,August,2022,576.4799325,,,,,
8/3/22,1659484800,5.42963E+11,August,2022,542.9634874,,,,,
8/4/22,1659571200,4.78173E+11,August,2022,478.173318,,,,,
8/5/22,1659657600,5.06734E+11,August,2022,506.7339646,,,,,
8/6/22,1659744000,4.55953E+11,August,2022,455.95285,,,,,
8/7/22,1659830400,4.35135E+11,August,2022,435.1347187,,,,,
8/8/22,1659916800,5.21071E+11,August,2022,521.0713612,,,,,
8/9/22,1660003200,4.88358E+11,August,2022,488.358001,,,,,
8/10/22,1660089600,4.8877E+11,August,2022,488.7697895,,,,,
8/11/22,1660176000,5.23296E+11,August,2022,523.2962348,,,,,
8/12/22,1660262400,4.97689E+11,August,2022,497.6885059,,,,,
8/13/22,1660348800,4.8332E+11,August,2022,483.3200199,,,,,
8/14/22,1660435200,4.57682E+11,August,2022,457.6822971,,,,,
8/15/22,1660521600,5.21062E+11,August,2022,521.0618625,,,,,
8/16/22,1660608000,4.95407E+11,August,2022,495.4069819,,,,,
8/17/22,1660694400,5.08064E+11,August,2022,508.0642191,,,,,
8/18/22,1660780800,4.82293E+11,August,2022,482.2928027,,,,,
8/19/22,1660867200,5.42987E+11,August,2022,542.9872083,,,,,
8/20/22,1660953600,5.04683E+11,August,2022,504.6828265,,,,,
8/21/22,1661040000,4.71238E+11,August,2022,471.2377193,,,,,
8/22/22,1661126400,5.04701E+11,August,2022,504.7012308,,,,,
8/23/22,1661212800,4.95126E+11,August,2022,495.1257843,,,,,
8/24/22,1661299200,4.82946E+11,August,2022,482.9460931,,,,,
8/25/22,1661385600,4.74979E+11,August,2022,474.9789091,,,,,
8/26/22,1661472000,4.85788E+11,August,2022,485.78791,,,,,
8/27/22,1661558400,4.35665E+11,August,2022,435.6649617,,,,,
8/28/22,1661644800,4.17833E+11,August,2022,417.8327073,,,,,
8/29/22,1661731200,4.45289E+11,August,2022,445.2892481,,,,,
8/30/22,1661817600,4.97589E+11,August,2022,497.588682,,,,,
8/31/22,1661904000,4.79979E+11,August,2022,479.9789124,,,,,
9/1/22,1661990400,4.81361E+11,September,2022,481.3609773,,,,,
9/2/22,1662076800,4.36289E+11,September,2022,436.2890842,,,,,
9/3/22,1662163200,3.91228E+11,September,2022,391.2276301,,,,,
9/4/22,1662249600,3.90307E+11,September,2022,390.3073437,,,,,
9/5/22,1662336000,4.31783E+11,September,2022,431.7833626,,,,,
9/6/22,1662422400,4.6042E+11,September,2022,460.4201582,,,,,
9/7/22,1662508800,4.86903E+11,September,2022,486.9028589,,,,,
9/8/22,1662595200,4.60678E+11,September,2022,460.6783125,,,,,
9/9/22,1662681600,4.96068E+11,September,2022,496.067699,,,,,
9/10/22,1662768000,5.08405E+11,September,2022,508.405414,,,,,
9/11/22,1662854400,4.73742E+11,September,2022,473.7418231,,,,,
9/12/22,1662940800,4.54752E+11,September,2022,454.7518223,,,,,
9/13/22,1663027200,4.88632E+11,September,2022,488.6323861,,,,,
9/14/22,1663113600,4.58216E+11,September,2022,458.2157202,,,,,
9/15/22,1663200000,5.30554E+11,September,2022,530.5535811,,,,,
9/16/22,1663286400,4.94867E+11,September,2022,494.8666173,,,,,
9/17/22,1663372800,3.92109E+11,September,2022,392.1087201,,,,,
9/18/22,1663459200,4.34362E+11,September,2022,434.3620544,,,,,
9/19/22,1663545600,4.72152E+11,September,2022,472.1523823,,,,,
9/20/22,1663632000,4.51937E+11,September,2022,451.9367237,,,,,
9/21/22,1663718400,5.021E+11,September,2022,502.0997749,,,,,