Date(UTC),UnixTimeStamp,Fee (FTM*10^18),Fee In FTM,FTM Price,Fee in USD,Month,Year,,,,,,,,,
8/28/20,1598572800,1.49046E+18,1.490461818,0.03, $0.04 ,August,2020,,,,,,,Row Labels,Sum of Fee In FTM,Sum of Fee in USD
8/29/20,1598659200,8.31448E+17,0.831447977,0.03, $0.02 ,August,2020,,,,,,,1900,,0
8/30/20,1598745600,1.52251E+18,1.522510646,0.04, $0.06 ,August,2020,,,,,,,January,,0
8/31/20,1598832000,2.15178E+18,2.151780235,0.04, $0.09 ,August,2020,,,,,,,2020,1871.534963, $39.84 
9/1/20,1598918400,1.07538E+18,1.075379512,0.04, $0.04 ,September,2020,,,,,,,August,5.996200675, $0.22 
9/2/20,1599004800,2.3411E+19,23.41097407,0.06, $1.40 ,September,2020,,,,,,,September,80.56095989, $3.53 
9/3/20,1599091200,1.20732E+18,1.207315981,0.04, $0.05 ,September,2020,,,,,,,October,59.52933302, $1.62 
9/4/20,1599177600,8.44214E+17,0.844214433,0.05, $0.04 ,September,2020,,,,,,,November,213.7139833, $4.25 
9/5/20,1599264000,7.57842E+17,0.757841514,0.03, $0.02 ,September,2020,,,,,,,December,1511.734486, $30.23 
9/6/20,1599350400,8.16887E+17,0.816887243,0.03, $0.02 ,September,2020,,,,,,,2021,5254781.66," $8,918,555.31 "
9/7/20,1599436800,8.10838E+17,0.810837503,0.03, $0.02 ,September,2020,,,,,,,January,2255.930872, $131.47 
9/8/20,1599523200,7.60694E+17,0.760694299,0.03, $0.02 ,September,2020,,,,,,,February,2944.954204, $924.71 
9/9/20,1599609600,7.56163E+17,0.756163489,0.03, $0.02 ,September,2020,,,,,,,March,2892.15936," $1,240.51 "
9/10/20,1599696000,5.49422E+17,0.549422429,0.03, $0.02 ,September,2020,,,,,,,April,7938.667645," $3,019.00 "
9/11/20,1599782400,1.90454E+18,1.904542519,0.03, $0.06 ,September,2020,,,,,,,May,185553.0457," $73,785.71 "
9/12/20,1599868800,1.78067E+18,1.780666784,0.03, $0.05 ,September,2020,,,,,,,June,147040.5833," $41,532.25 "
9/13/20,1599955200,1.39509E+18,1.395093303,0.03, $0.04 ,September,2020,,,,,,,July,176541.7883," $38,101.28 "
9/14/20,1600041600,1.58195E+18,1.581953645,0.03, $0.05 ,September,2020,,,,,,,August,267257.5207," $142,487.20 "
9/15/20,1600128000,1.07471E+18,1.074714977,0.03, $0.03 ,September,2020,,,,,,,September,995921.0986," $1,281,219.76 "
9/16/20,1600214400,1.04739E+18,1.047387579,0.03, $0.03 ,September,2020,,,,,,,October,1302223.206," $2,957,406.34 "
9/17/20,1600300800,9.9547E+17,0.995470404,0.03, $0.03 ,September,2020,,,,,,,November,1002647.78," $2,419,151.92 "
9/18/20,1600387200,4.03183E+18,4.031830003,0.04, $0.16 ,September,2020,,,,,,,December,1161564.926," $1,959,555.16 "
9/19/20,1600473600,4.59113E+18,4.591133749,0.04, $0.18 ,September,2020,,,,,,,2022,21402872.12," $22,537,226.51 "
9/20/20,1600560000,3.14276E+18,3.142762909,0.03, $0.09 ,September,2020,,,,,,,January,2732543.024," $6,819,916.54 "
9/21/20,1600646400,3.10891E+18,3.108905226,0.04, $0.12 ,September,2020,,,,,,,February,2962017.335," $5,275,297.92 "
9/22/20,1600732800,3.35156E+18,3.35156467,0.04, $0.13 ,September,2020,,,,,,,March,3245217.909," $4,709,603.22 "
9/23/20,1600819200,3.34002E+18,3.340022188,0.04, $0.13 ,September,2020,,,,,,,April,2029561.756," $2,181,022.81 "
9/24/20,1600905600,2.73398E+18,2.73397737,0.04, $0.11 ,September,2020,,,,,,,May,6630549.645," $2,569,152.53 "
9/25/20,1600992000,2.70256E+18,2.702556759,0.04, $0.11 ,September,2020,,,,,,,June,2620960.744," $651,837.67 "
9/26/20,1601078400,2.53149E+18,2.531494177,0.04, $0.10 ,September,2020,,,,,,,July,458899.31," $133,424.52 "
9/27/20,1601164800,2.62018E+18,2.620175972,0.04, $0.10 ,September,2020,,,,,,,August,325786.8159," $102,817.71 "
9/28/20,1601251200,2.99713E+18,2.997130395,0.04, $0.12 ,September,2020,,,,,,,September,397335.5832," $94,153.58 "
9/29/20,1601337600,2.27064E+18,2.270644551,0.04, $0.09 ,September,2020,,,,,,,Grand Total,26659525.32," $31,455,821.67 "
9/30/20,1601424000,2.3692E+18,2.369202231,0.04, $0.09 ,September,2020,,,,,,,,,
10/1/20,1601510400,2.1188E+18,2.118801457,0.04, $0.08 ,October,2020,,,,,,,,,
10/2/20,1601596800,2.15188E+18,2.151878422,0.03, $0.06 ,October,2020,,,,,,,,,
10/3/20,1601683200,2.0801E+18,2.080095202,0.03, $0.06 ,October,2020,,,,,,,,,
10/4/20,1601769600,1.99608E+18,1.996082958,0.03, $0.06 ,October,2020,,,,,,,,,
10/5/20,1601856000,2.45699E+18,2.456985249,0.03, $0.07 ,October,2020,,,,,,,,,
10/6/20,1601942400,1.8018E+18,1.801797169,0.03, $0.05 ,October,2020,,,,,,,,,
10/7/20,1602028800,2.17169E+18,2.171693436,0.03, $0.07 ,October,2020,,,,,,,,,
10/8/20,1602115200,1.81267E+18,1.812673779,0.03, $0.05 ,October,2020,,,,,,,,,
10/9/20,1602201600,2.40412E+18,2.4041205,0.03, $0.07 ,October,2020,,,,,,,,,
10/10/20,1602288000,1.99995E+18,1.9999489,0.03, $0.06 ,October,2020,,,,,,,,,
10/11/20,1602374400,1.96051E+18,1.960505996,0.03, $0.06 ,October,2020,,,,,,,,,
10/12/20,1602460800,2.03881E+18,2.038809861,0.03, $0.06 ,October,2020,,,,,,,,,
10/13/20,1602547200,1.83303E+18,1.833027801,0.03, $0.05 ,October,2020,,,,,,,,,
10/14/20,1602633600,1.7787E+18,1.778700086,0.03, $0.05 ,October,2020,,,,,,,,,
10/15/20,1602720000,2.67036E+18,2.670359822,0.03, $0.08 ,October,2020,,,,,,,,,
10/16/20,1602806400,2.51917E+18,2.519168146,0.03, $0.08 ,October,2020,,,,,,,,,
10/17/20,1602892800,1.88848E+18,1.888476452,0.03, $0.06 ,October,2020,,,,,,,,,
10/18/20,1602979200,1.91972E+18,1.919718786,0.03, $0.06 ,October,2020,,,,,,,,,
10/19/20,1603065600,1.94316E+18,1.943158964,0.02, $0.04 ,October,2020,,,,,,,,,
10/20/20,1603152000,1.91393E+18,1.91393266,0.02, $0.04 ,October,2020,,,,,,,,,
10/21/20,1603238400,1.76228E+18,1.762279093,0.02, $0.04 ,October,2020,,,,,,,,,
10/22/20,1603324800,1.7117E+18,1.711703974,0.03, $0.05 ,October,2020,,,,,,,,,
10/23/20,1603411200,1.46532E+18,1.465317526,0.02, $0.03 ,October,2020,,,,,,,,,
10/24/20,1603497600,1.51765E+18,1.517654888,0.03, $0.05 ,October,2020,,,,,,,,,
10/25/20,1603584000,1.64504E+18,1.645038184,0.02, $0.03 ,October,2020,,,,,,,,,
10/26/20,1603670400,2.28063E+18,2.280630477,0.02, $0.05 ,October,2020,,,,,,,,,
10/27/20,1603756800,1.72281E+18,1.722812369,0.02, $0.03 ,October,2020,,,,,,,,,
10/28/20,1603843200,1.59202E+18,1.592018806,0.02, $0.03 ,October,2020,,,,,,,,,
10/29/20,1603929600,1.64592E+18,1.645921527,0.02, $0.03 ,October,2020,,,,,,,,,
10/30/20,1604016000,1.35395E+18,1.35394582,0.02, $0.03 ,October,2020,,,,,,,,,
10/31/20,1604102400,1.37207E+18,1.372074716,0.02, $0.03 ,October,2020,,,,,,,,,
11/1/20,1604188800,1.36E+18,1.359996239,0.02, $0.03 ,November,2020,,,,,,,,,
11/2/20,1604275200,1.61518E+18,1.61517707,0.02, $0.03 ,November,2020,,,,,,,,,
11/3/20,1604361600,1.53755E+18,1.537545635,0.02, $0.03 ,November,2020,,,,,,,,,
11/4/20,1604448000,1.41098E+18,1.41098049,0.01, $0.01 ,November,2020,,,,,,,,,
11/5/20,1604534400,1.44175E+18,1.441749343,0.01, $0.01 ,November,2020,,,,,,,,,
11/6/20,1604620800,1.72125E+18,1.721246454,0.02, $0.03 ,November,2020,,,,,,,,,
11/7/20,1604707200,1.96674E+18,1.966741512,0.02, $0.04 ,November,2020,,,,,,,,,
11/8/20,1604793600,1.82029E+18,1.820293244,0.02, $0.04 ,November,2020,,,,,,,,,
11/9/20,1604880000,1.6578E+18,1.657801348,0.02, $0.03 ,November,2020,,,,,,,,,
11/10/20,1604966400,1.60125E+18,1.601250613,0.02, $0.03 ,November,2020,,,,,,,,,
11/11/20,1605052800,1.96424E+18,1.964242124,0.02, $0.04 ,November,2020,,,,,,,,,
11/12/20,1605139200,1.97512E+18,1.97511592,0.02, $0.04 ,November,2020,,,,,,,,,
11/13/20,1605225600,1.65783E+18,1.657834179,0.02, $0.03 ,November,2020,,,,,,,,,
11/14/20,1605312000,1.58563E+18,1.585633764,0.02, $0.03 ,November,2020,,,,,,,,,
11/15/20,1605398400,1.5346E+18,1.534604492,0.02, $0.03 ,November,2020,,,,,,,,,
11/16/20,1605484800,1.74968E+18,1.749684167,0.02, $0.03 ,November,2020,,,,,,,,,
11/17/20,1605571200,1.84226E+18,1.842256134,0.02, $0.04 ,November,2020,,,,,,,,,
11/18/20,1605657600,1.88801E+18,1.888014049,0.02, $0.04 ,November,2020,,,,,,,,,
11/19/20,1605744000,1.7025E+18,1.702497459,0.02, $0.03 ,November,2020,,,,,,,,,
11/20/20,1605830400,1.7326E+18,1.732598018,0.02, $0.03 ,November,2020,,,,,,,,,
11/21/20,1605916800,1.9263E+18,1.926295983,0.02, $0.04 ,November,2020,,,,,,,,,
11/22/20,1606003200,1.53598E+18,1.535983719,0.02, $0.03 ,November,2020,,,,,,,,,
11/23/20,1606089600,2.38236E+18,2.382355041,0.02, $0.05 ,November,2020,,,,,,,,,
11/24/20,1606176000,2.88915E+19,28.8914594,0.02, $0.58 ,November,2020,,,,,,,,,
11/25/20,1606262400,6.80258E+18,6.802582087,0.02, $0.14 ,November,2020,,,,,,,,,
11/26/20,1606348800,2.42351E+19,24.23510794,0.02, $0.48 ,November,2020,,,,,,,,,
11/27/20,1606435200,2.29369E+19,22.93692226,0.02, $0.46 ,November,2020,,,,,,,,,
11/28/20,1606521600,2.88386E+19,28.8385916,0.02, $0.58 ,November,2020,,,,,,,,,
11/29/20,1606608000,2.9113E+19,29.11302548,0.02, $0.58 ,November,2020,,,,,,,,,
11/30/20,1606694400,3.32864E+19,33.28639753,0.02, $0.67 ,November,2020,,,,,,,,,
12/1/20,1606780800,3.80281E+19,38.02805783,0.02, $0.76 ,December,2020,,,,,,,,,
12/2/20,1606867200,3.39844E+19,33.98438927,0.02, $0.68 ,December,2020,,,,,,,,,
12/3/20,1606953600,3.55559E+19,35.55593852,0.02, $0.71 ,December,2020,,,,,,,,,
12/4/20,1607040000,3.13447E+19,31.34468402,0.02, $0.63 ,December,2020,,,,,,,,,
12/5/20,1607126400,2.97594E+19,29.75938475,0.02, $0.60 ,December,2020,,,,,,,,,
12/6/20,1607212800,2.45896E+19,24.58960757,0.02, $0.49 ,December,2020,,,,,,,,,
12/7/20,1607299200,3.13657E+19,31.3656506,0.02, $0.63 ,December,2020,,,,,,,,,
12/8/20,1607385600,3.54189E+19,35.41891438,0.02, $0.71 ,December,2020,,,,,,,,,
12/9/20,1607472000,3.10965E+19,31.09654068,0.02, $0.62 ,December,2020,,,,,,,,,
12/10/20,1607558400,6.76028E+19,67.60283246,0.02, $1.35 ,December,2020,,,,,,,,,
12/11/20,1607644800,5.54994E+19,55.49941031,0.02, $1.11 ,December,2020,,,,,,,,,
12/12/20,1607731200,5.71328E+19,57.13275945,0.02, $1.14 ,December,2020,,,,,,,,,
12/13/20,1607817600,7.16921E+19,71.6921422,0.02, $1.43 ,December,2020,,,,,,,,,
12/14/20,1607904000,6.65048E+19,66.5048324,0.02, $1.33 ,December,2020,,,,,,,,,
12/15/20,1607990400,7.36231E+19,73.62305419,0.02, $1.47 ,December,2020,,,,,,,,,
12/16/20,1608076800,6.79272E+19,67.9272494,0.02, $1.36 ,December,2020,,,,,,,,,
12/17/20,1608163200,6.74329E+19,67.43290753,0.02, $1.35 ,December,2020,,,,,,,,,
12/18/20,1608249600,4.78883E+19,47.88832218,0.02, $0.96 ,December,2020,,,,,,,,,
12/19/20,1608336000,5.55489E+19,55.54886517,0.02, $1.11 ,December,2020,,,,,,,,,
12/20/20,1608422400,5.57688E+19,55.76876458,0.02, $1.12 ,December,2020,,,,,,,,,
12/21/20,1608508800,6.00087E+19,60.00867109,0.02, $1.20 ,December,2020,,,,,,,,,
12/22/20,1608595200,5.53964E+19,55.3964286,0.02, $1.11 ,December,2020,,,,,,,,,
12/23/20,1608681600,5.41198E+19,54.11980114,0.02, $1.08 ,December,2020,,,,,,,,,
12/24/20,1608768000,4.3968E+19,43.96799635,0.02, $0.88 ,December,2020,,,,,,,,,
12/25/20,1608854400,3.65958E+19,36.59580002,0.02, $0.73 ,December,2020,,,,,,,,,
12/26/20,1608940800,4.40209E+19,44.0208816,0.02, $0.88 ,December,2020,,,,,,,,,
12/27/20,1609027200,5.20961E+19,52.09606674,0.02, $1.04 ,December,2020,,,,,,,,,
12/28/20,1609113600,5.29243E+19,52.92428194,0.02, $1.06 ,December,2020,,,,,,,,,
12/29/20,1609200000,4.43877E+19,44.38771831,0.02, $0.89 ,December,2020,,,,,,,,,
12/30/20,1609286400,4.91757E+19,49.17567802,0.02, $0.98 ,December,2020,,,,,,,,,
12/31/20,1609372800,4.12769E+19,41.27685481,0.02, $0.83 ,December,2020,,,,,,,,,
1/1/21,1609459200,4.34178E+19,43.41776113,0.02, $0.87 ,January,2021,,,,,,,,,
1/2/21,1609545600,4.1031E+19,41.03098532,0.02, $0.82 ,January,2021,,,,,,,,,
1/3/21,1609632000,6.15015E+19,61.50149498,0.02, $1.23 ,January,2021,,,,,,,,,
1/4/21,1609718400,6.25491E+19,62.54906632,0.02, $1.25 ,January,2021,,,,,,,,,
1/5/21,1609804800,5.81468E+19,58.14679549,0.02, $1.16 ,January,2021,,,,,,,,,
1/6/21,1609891200,6.13064E+19,61.30640582,0.02, $1.23 ,January,2021,,,,,,,,,
1/7/21,1609977600,7.86577E+19,78.65769364,0.02, $1.57 ,January,2021,,,,,,,,,
1/8/21,1610064000,5.77842E+19,57.78422408,0.03, $1.73 ,January,2021,,,,,,,,,
1/9/21,1610150400,7.09039E+19,70.90392822,0.03, $2.13 ,January,2021,,,,,,,,,
1/10/21,1610236800,7.08747E+19,70.87469718,0.03, $2.13 ,January,2021,,,,,,,,,
1/11/21,1610323200,4.83362E+19,48.33619099,0.02, $0.97 ,January,2021,,,,,,,,,
1/12/21,1610409600,4.2992E+19,42.99202928,0.02, $0.86 ,January,2021,,,,,,,,,
1/13/21,1610496000,4.39745E+19,43.97451282,0.02, $0.88 ,January,2021,,,,,,,,,
1/14/21,1610582400,4.34145E+19,43.41451761,0.02, $0.87 ,January,2021,,,,,,,,,
1/15/21,1610668800,3.96073E+19,39.60732372,0, $-   ,January,2021,,,,,,,,,
1/16/21,1610755200,6.04756E+19,60.47556157,0.03, $1.81 ,January,2021,,,,,,,,,
1/17/21,1610841600,4.60065E+19,46.0065208,0.03, $1.38 ,January,2021,,,,,,,,,
1/18/21,1610928000,4.39639E+19,43.96386404,0.03, $1.32 ,January,2021,,,,,,,,,
1/19/21,1611014400,4.96966E+19,49.69657018,0.03, $1.49 ,January,2021,,,,,,,,,
1/20/21,1611100800,3.95641E+19,39.56413703,0.03, $1.19 ,January,2021,,,,,,,,,
1/21/21,1611187200,4.18285E+19,41.82850644,0.03, $1.25 ,January,2021,,,,,,,,,
1/22/21,1611273600,4.14645E+19,41.46445395,0.03, $1.24 ,January,2021,,,,,,,,,
1/23/21,1611360000,8.7862E+19,87.86203426,0.04, $3.51 ,January,2021,,,,,,,,,
1/24/21,1611446400,1.55433E+20,155.4330897,0.06, $9.33 ,January,2021,,,,,,,,,
1/25/21,1611532800,9.62129E+19,96.2129125,0.05, $4.81 ,January,2021,,,,,,,,,
1/26/21,1611619200,9.08958E+19,90.8957685,0.07, $6.36 ,January,2021,,,,,,,,,
1/27/21,1611705600,1.24579E+20,124.5786495,0.08, $9.97 ,January,2021,,,,,,,,,
1/28/21,1611792000,1.84592E+20,184.5921958,0.12, $22.15 ,January,2021,,,,,,,,,
1/29/21,1611878400,1.98187E+20,198.1874665,0.13, $25.76 ,January,2021,,,,,,,,,
1/30/21,1611964800,9.04725E+19,90.47250085,0.13, $11.76 ,January,2021,,,,,,,,,
1/31/21,1612051200,8.0199E+19,80.19901334,0.13, $10.43 ,January,2021,,,,,,,,,
2/1/21,1612137600,9.11567E+19,91.1566658,0.11, $10.03 ,February,2021,,,,,,,,,
2/2/21,1612224000,7.54494E+19,75.44935412,0.13, $9.81 ,February,2021,,,,,,,,,
2/3/21,1612310400,8.66434E+19,86.64339119,0.13, $11.26 ,February,2021,,,,,,,,,
2/4/21,1612396800,8.66118E+19,86.61180315,0.13, $11.26 ,February,2021,,,,,,,,,
2/5/21,1612483200,9.02194E+19,90.21938511,0.16, $14.44 ,February,2021,,,,,,,,,
2/6/21,1612569600,7.59422E+19,75.94221928,0.14, $10.63 ,February,2021,,,,,,,,,
2/7/21,1612656000,8.40538E+19,84.05381781,0.13, $10.93 ,February,2021,,,,,,,,,
2/8/21,1612742400,6.76523E+19,67.65229863,0.14, $9.47 ,February,2021,,,,,,,,,
2/9/21,1612828800,7.10071E+19,71.00708458,0.15, $10.65 ,February,2021,,,,,,,,,
2/10/21,1612915200,7.30963E+19,73.09632969,0.14, $10.23 ,February,2021,,,,,,,,,
2/11/21,1613001600,7.1345E+19,71.34504534,0.18, $12.84 ,February,2021,,,,,,,,,
2/12/21,1613088000,8.65394E+19,86.53942617,0.18, $15.58 ,February,2021,,,,,,,,,
2/13/21,1613174400,6.31542E+19,63.15419935,0.18, $11.37 ,February,2021,,,,,,,,,
2/14/21,1613260800,6.79005E+19,67.90052455,0.17, $11.54 ,February,2021,,,,,,,,,
2/15/21,1613347200,7.0089E+19,70.08902452,0.17, $11.92 ,February,2021,,,,,,,,,
2/16/21,1613433600,6.22513E+19,62.25125933,0.17, $10.58 ,February,2021,,,,,,,,,
2/17/21,1613520000,6.2195E+19,62.19501504,0.17, $10.57 ,February,2021,,,,,,,,,
2/18/21,1613606400,9.20817E+19,92.08169717,0.21, $19.34 ,February,2021,,,,,,,,,
2/19/21,1613692800,1.74564E+20,174.5642153,0.24, $41.90 ,February,2021,,,,,,,,,
2/20/21,1613779200,1.11E+20,110.9995567,0.23, $25.53 ,February,2021,,,,,,,,,
2/21/21,1613865600,1.61645E+20,161.6453301,0.34, $54.96 ,February,2021,,,,,,,,,
2/22/21,1613952000,1.59424E+20,159.4244588,0.45, $71.74 ,February,2021,,,,,,,,,
2/23/21,1614038400,1.57096E+20,157.0964671,0.44, $69.12 ,February,2021,,,,,,,,,
2/24/21,1614124800,2.01663E+20,201.6628549,0.65, $131.08 ,February,2021,,,,,,,,,
2/25/21,1614211200,2.69731E+20,269.7314936,0.59, $159.14 ,February,2021,,,,,,,,,
2/26/21,1614297600,1.44278E+20,144.2783367,0.52, $75.02 ,February,2021,,,,,,,,,
2/27/21,1614384000,9.4787E+19,94.78697535,0.47, $44.55 ,February,2021,,,,,,,,,
2/28/21,1614470400,9.3376E+19,93.37597507,0.42, $39.22 ,February,2021,,,,,,,,,
3/1/21,1614556800,1.35079E+20,135.0786782,0.58, $78.35 ,March,2021,,,,,,,,,
3/2/21,1614643200,1.12833E+20,112.8328149,0.51, $57.54 ,March,2021,,,,,,,,,
3/3/21,1614729600,9.88817E+19,98.88170285,0.52, $51.42 ,March,2021,,,,,,,,,
3/4/21,1614816000,1.06955E+20,106.9551314,0.46, $49.20 ,March,2021,,,,,,,,,
3/5/21,1614902400,7.50323E+19,75.03225623,0.46, $34.51 ,March,2021,,,,,,,,,
3/6/21,1614988800,7.02338E+19,70.23383598,0.44, $30.90 ,March,2021,,,,,,,,,
3/7/21,1615075200,7.92351E+19,79.2350954,0.45, $35.66 ,March,2021,,,,,,,,,
3/8/21,1615161600,1.09078E+20,109.0776096,0.45, $49.08 ,March,2021,,,,,,,,,
3/9/21,1615248000,1.08342E+20,108.3417109,0.53, $57.42 ,March,2021,,,,,,,,,
3/10/21,1615334400,1.00309E+20,100.3085709,0.46, $46.14 ,March,2021,,,,,,,,,
3/11/21,1615420800,8.5266E+19,85.26601809,0.44, $37.52 ,March,2021,,,,,,,,,
3/12/21,1615507200,9.12963E+19,91.29634711,0.39, $35.61 ,March,2021,,,,,,,,,
3/13/21,1615593600,7.90924E+19,79.09243844,0.4, $31.64 ,March,2021,,,,,,,,,
3/14/21,1615680000,7.66515E+19,76.65147109,0.39, $29.89 ,March,2021,,,,,,,,,
3/15/21,1615766400,6.65657E+19,66.56572852,0.37, $24.63 ,March,2021,,,,,,,,,
3/16/21,1615852800,6.47351E+19,64.73508378,0.38, $24.60 ,March,2021,,,,,,,,,
3/17/21,1615939200,6.39537E+19,63.95371135,0.43, $27.50 ,March,2021,,,,,,,,,
3/18/21,1616025600,6.82107E+19,68.21069978,0.4, $27.28 ,March,2021,,,,,,,,,
3/19/21,1616112000,5.94751E+19,59.47513014,0.41, $24.38 ,March,2021,,,,,,,,,
3/20/21,1616198400,6.52427E+19,65.24265966,0.43, $28.05 ,March,2021,,,,,,,,,
3/21/21,1616284800,7.28161E+19,72.81607954,0.42, $30.58 ,March,2021,,,,,,,,,
3/22/21,1616371200,7.33015E+19,73.30145301,0.39, $28.59 ,March,2021,,,,,,,,,
3/23/21,1616457600,7.19685E+19,71.96854079,0.38, $27.35 ,March,2021,,,,,,,,,
3/24/21,1616544000,1.35216E+20,135.2157152,0.34, $45.97 ,March,2021,,,,,,,,,
3/25/21,1616630400,9.04105E+19,90.41051782,0.32, $28.93 ,March,2021,,,,,,,,,
3/26/21,1616716800,1.08752E+20,108.7523582,0.37, $40.24 ,March,2021,,,,,,,,,
3/27/21,1616803200,8.72896E+19,87.2895527,0.36, $31.42 ,March,2021,,,,,,,,,
3/28/21,1616889600,8.24528E+19,82.452759,0.39, $32.16 ,March,2021,,,,,,,,,
3/29/21,1616976000,1.33775E+20,133.7747412,0.43, $57.52 ,March,2021,,,,,,,,,
3/30/21,1617062400,2.13115E+20,213.1146634,0.43, $91.64 ,March,2021,,,,,,,,,
3/31/21,1617148800,1.06596E+20,106.5962848,0.42, $44.77 ,March,2021,,,,,,,,,
4/1/21,1617235200,1.12189E+20,112.1886987,0.44, $49.36 ,April,2021,,,,,,,,,
4/2/21,1617321600,1.20031E+20,120.0308603,0.42, $50.41 ,April,2021,,,,,,,,,
4/3/21,1617408000,8.75044E+19,87.50437249,0.39, $34.13 ,April,2021,,,,,,,,,
4/4/21,1617494400,8.21791E+19,82.17909652,0.41, $33.69 ,April,2021,,,,,,,,,
4/5/21,1617580800,1.14937E+20,114.9370737,0.48, $55.17 ,April,2021,,,,,,,,,
4/6/21,1617667200,1.2317E+20,123.1698968,0.46, $56.66 ,April,2021,,,,,,,,,
4/7/21,1617753600,8.88671E+19,88.86705678,0.41, $36.44 ,April,2021,,,,,,,,,
4/8/21,1617840000,9.66156E+19,96.61559478,0.44, $42.51 ,April,2021,,,,,,,,,
4/9/21,1617926400,7.65111E+19,76.51111423,0.45, $34.43 ,April,2021,,,,,,,,,
4/10/21,1618012800,4.03456E+19,40.34561414,0.44, $17.75 ,April,2021,,,,,,,,,
4/11/21,1618099200,9.51941E+19,95.19406714,0.46, $43.79 ,April,2021,,,,,,,,,
4/12/21,1618185600,1.05759E+20,105.7592581,0.43, $45.48 ,April,2021,,,,,,,,,
4/13/21,1618272000,8.30692E+19,83.06923377,0.42, $34.89 ,April,2021,,,,,,,,,
4/14/21,1618358400,8.49591E+19,84.9591159,0.42, $35.68 ,April,2021,,,,,,,,,
4/15/21,1618444800,9.05448E+19,90.544848,0.45, $40.75 ,April,2021,,,,,,,,,
4/16/21,1618531200,8.94113E+19,89.41128276,0.45, $40.24 ,April,2021,,,,,,,,,
4/17/21,1618617600,1.10723E+20,110.7230988,0.5, $55.36 ,April,2021,,,,,,,,,
4/18/21,1618704000,3.79094E+19,37.90937861,0.42, $15.92 ,April,2021,,,,,,,,,
4/19/21,1618790400,6.07575E+19,60.75746374,0.4, $24.30 ,April,2021,,,,,,,,,
4/20/21,1618876800,4.56086E+19,45.6085992,0.4, $18.24 ,April,2021,,,,,,,,,
4/21/21,1618963200,5.3398E+19,53.39795422,0.37, $19.76 ,April,2021,,,,,,,,,
4/22/21,1619049600,5.45018E+19,54.50179772,0.33, $17.99 ,April,2021,,,,,,,,,
4/23/21,1619136000,3.12013E+21,3120.133176,0.32, $998.44 ,April,2021,,,,,,,,,
4/24/21,1619222400,1.38499E+21,1384.994157,0.28, $387.80 ,April,2021,,,,,,,,,
4/25/21,1619308800,2.58E+20,258.0004637,0.31, $79.98 ,April,2021,,,,,,,,,
4/26/21,1619395200,3.1038E+20,310.379594,0.38, $117.94 ,April,2021,,,,,,,,,
4/27/21,1619481600,2.48735E+20,248.7349106,0.53, $131.83 ,April,2021,,,,,,,,,
4/28/21,1619568000,4.05049E+20,405.0489595,0.59, $238.98 ,April,2021,,,,,,,,,
4/29/21,1619654400,2.02486E+19,20.24857708,0.58, $11.74 ,April,2021,,,,,,,,,
4/30/21,1619740800,3.36942E+20,336.9423303,0.74, $249.34 ,April,2021,,,,,,,,,
5/1/21,1619827200,3.30101E+20,330.1014131,0.81, $267.38 ,May,2021,,,,,,,,,
5/2/21,1619913600,1.8395E+20,183.9496893,0.76, $139.80 ,May,2021,,,,,,,,,
5/3/21,1620000000,3.36987E+20,336.9873038,0.71, $239.26 ,May,2021,,,,,,,,,
5/4/21,1620086400,6.58195E+20,658.1945547,0.65, $427.83 ,May,2021,,,,,,,,,
5/5/21,1620172800,1.00636E+21,1006.355465,0.78, $784.96 ,May,2021,,,,,,,,,
5/6/21,1620259200,1.80616E+21,1806.160884,0.73," $1,318.50 ",May,2021,,,,,,,,,
5/7/21,1620345600,1.18987E+21,1189.867031,0.78, $928.10 ,May,2021,,,,,,,,,
5/8/21,1620432000,1.32929E+21,1329.292783,0.82," $1,090.02 ",May,2021,,,,,,,,,
5/9/21,1620518400,1.41886E+21,1418.8587,0.91," $1,291.16 ",May,2021,,,,,,,,,
5/10/21,1620604800,1.87746E+21,1877.457123,0.77," $1,445.64 ",May,2021,,,,,,,,,
5/11/21,1620691200,1.04913E+21,1049.133735,0.79, $828.82 ,May,2021,,,,,,,,,
5/12/21,1620777600,1.82552E+21,1825.522492,0.6," $1,095.31 ",May,2021,,,,,,,,,
5/13/21,1620864000,2.32454E+21,2324.542209,0.62," $1,441.22 ",May,2021,,,,,,,,,
5/14/21,1620950400,1.91456E+21,1914.562402,0.69," $1,321.05 ",May,2021,,,,,,,,,
5/15/21,1621036800,3.15882E+21,3158.82002,0.62," $1,958.47 ",May,2021,,,,,,,,,
5/16/21,1621123200,5.33017E+21,5330.171853,0.63," $3,358.01 ",May,2021,,,,,,,,,
5/17/21,1621209600,7.05362E+21,7053.615443,0.58," $4,091.10 ",May,2021,,,,,,,,,
5/18/21,1621296000,3.37457E+21,3374.573534,0.68," $2,294.71 ",May,2021,,,,,,,,,
5/19/21,1621382400,1.07602E+22,10760.16908,0.4," $4,304.07 ",May,2021,,,,,,,,,
5/20/21,1621468800,1.01115E+22,10111.54833,0.45," $4,550.20 ",May,2021,,,,,,,,,
5/21/21,1621555200,1.22163E+22,12216.28847,0.35," $4,275.70 ",May,2021,,,,,,,,,
5/22/21,1621641600,1.4008E+22,14008.02148,0.29," $4,062.33 ",May,2021,,,,,,,,,
5/23/21,1621728000,1.65821E+22,16582.14075,0.25," $4,145.54 ",May,2021,,,,,,,,,
5/24/21,1621814400,1.57061E+22,15706.13999,0.34," $5,340.09 ",May,2021,,,,,,,,,
5/25/21,1621900800,1.3918E+22,13918.03239,0.33," $4,592.95 ",May,2021,,,,,,,,,
5/26/21,1621987200,1.25585E+22,12558.49619,0.38," $4,772.23 ",May,2021,,,,,,,,,
5/27/21,1622073600,9.12431E+21,9124.306915,0.35," $3,193.51 ",May,2021,,,,,,,,,
5/28/21,1622160000,1.00173E+22,10017.30036,0.3," $3,005.19 ",May,2021,,,,,,,,,
5/29/21,1622246400,8.83679E+21,8836.786251,0.28," $2,474.30 ",May,2021,,,,,,,,,
5/30/21,1622332800,7.54357E+21,7543.572229,0.29," $2,187.64 ",May,2021,,,,,,,,,
5/31/21,1622419200,8.00208E+21,8002.076615,0.32," $2,560.66 ",May,2021,,,,,,,,,
6/1/21,1622505600,6.64535E+21,6645.348663,0.31," $2,060.06 ",June,2021,,,,,,,,,
6/2/21,1622592000,6.25254E+21,6252.540148,0.35," $2,188.39 ",June,2021,,,,,,,,,
6/3/21,1622678400,8.08173E+21,8081.729476,0.38," $3,071.06 ",June,2021,,,,,,,,,
6/4/21,1622764800,4.72584E+21,4725.839319,0.34," $1,606.79 ",June,2021,,,,,,,,,
6/5/21,1622851200,3.70534E+21,3705.341752,0.31," $1,148.66 ",June,2021,,,,,,,,,
6/6/21,1622937600,3.33811E+21,3338.112044,0.34," $1,134.96 ",June,2021,,,,,,,,,
6/7/21,1623024000,3.64136E+21,3641.35969,0.3," $1,092.41 ",June,2021,,,,,,,,,
6/8/21,1623110400,3.8724E+21,3872.402903,0.29," $1,123.00 ",June,2021,,,,,,,,,
6/9/21,1623196800,3.76871E+21,3768.708657,0.31," $1,168.30 ",June,2021,,,,,,,,,
6/10/21,1623283200,4.01119E+21,4011.188923,0.28," $1,123.13 ",June,2021,,,,,,,,,
6/11/21,1623369600,4.61986E+21,4619.861976,0.25," $1,154.97 ",June,2021,,,,,,,,,
6/12/21,1623456000,4.66285E+21,4662.854627,0.24," $1,119.09 ",June,2021,,,,,,,,,
6/13/21,1623542400,5.92753E+21,5927.530817,0.28," $1,659.71 ",June,2021,,,,,,,,,
6/14/21,1623628800,5.15943E+21,5159.426632,0.3," $1,547.83 ",June,2021,,,,,,,,,
6/15/21,1623715200,4.78932E+21,4789.318901,0.29," $1,388.90 ",June,2021,,,,,,,,,
6/16/21,1623801600,4.98923E+21,4989.232741,0.28," $1,396.99 ",June,2021,,,,,,,,,
6/17/21,1623888000,6.3446E+21,6344.598353,0.32," $2,030.27 ",June,2021,,,,,,,,,
6/18/21,1623974400,6.3969E+21,6396.896673,0.3," $1,919.07 ",June,2021,,,,,,,,,
6/19/21,1624060800,4.99146E+21,4991.461396,0.31," $1,547.35 ",June,2021,,,,,,,,,
6/20/21,1624147200,4.53064E+21,4530.640552,0.31," $1,404.50 ",June,2021,,,,,,,,,
6/21/21,1624233600,6.06568E+21,6065.681551,0.24," $1,455.76 ",June,2021,,,,,,,,,
6/22/21,1624320000,8.56745E+21,8567.447392,0.22," $1,884.84 ",June,2021,,,,,,,,,
6/23/21,1624406400,4.85733E+21,4857.334596,0.25," $1,214.33 ",June,2021,,,,,,,,,
6/24/21,1624492800,3.8943E+21,3894.303842,0.24, $934.63 ,June,2021,,,,,,,,,
6/25/21,1624579200,4.70818E+21,4708.179976,0.21, $988.72 ,June,2021,,,,,,,,,
6/26/21,1624665600,4.39191E+21,4391.912733,0.21, $922.30 ,June,2021,,,,,,,,,
6/27/21,1624752000,3.29869E+21,3298.691171,0.22, $725.71 ,June,2021,,,,,,,,,
6/28/21,1624838400,3.49492E+21,3494.918075,0.23, $803.83 ,June,2021,,,,,,,,,
6/29/21,1624924800,3.71443E+21,3714.426141,0.23, $854.32 ,June,2021,,,,,,,,,
6/30/21,1625011200,3.59329E+21,3593.293625,0.24, $862.39 ,June,2021,,,,,,,,,
7/1/21,1625097600,5.58248E+21,5582.483539,0.22," $1,228.15 ",July,2021,,,,,,,,,
7/2/21,1625184000,4.14459E+21,4144.592941,0.23, $953.26 ,July,2021,,,,,,,,,
7/3/21,1625270400,3.79701E+21,3797.014243,0.23, $873.31 ,July,2021,,,,,,,,,
7/4/21,1625356800,4.05261E+21,4052.60784,0.24, $972.63 ,July,2021,,,,,,,,,
7/5/21,1625443200,3.33658E+21,3336.584159,0.23, $767.41 ,July,2021,,,,,,,,,
7/6/21,1625529600,4.6351E+21,4635.096016,0.25," $1,158.77 ",July,2021,,,,,,,,,
7/7/21,1625616000,4.8196E+21,4819.595961,0.26," $1,253.09 ",July,2021,,,,,,,,,
7/8/21,1625702400,4.29895E+21,4298.951948,0.24," $1,031.75 ",July,2021,,,,,,,,,
7/9/21,1625788800,6.23485E+21,6234.845763,0.23," $1,434.01 ",July,2021,,,,,,,,,
7/10/21,1625875200,3.81547E+21,3815.471742,0.23, $877.56 ,July,2021,,,,,,,,,
7/11/21,1625961600,3.77804E+21,3778.035345,0.23, $868.95 ,July,2021,,,,,,,,,
7/12/21,1626048000,4.53454E+21,4534.539245,0.22, $997.60 ,July,2021,,,,,,,,,
7/13/21,1626134400,4.43387E+21,4433.86903,0.22, $975.45 ,July,2021,,,,,,,,,
7/14/21,1626220800,4.56137E+21,4561.369012,0.22," $1,003.50 ",July,2021,,,,,,,,,
7/15/21,1626307200,5.01956E+21,5019.560589,0.21," $1,054.11 ",July,2021,,,,,,,,,
7/16/21,1626393600,5.10824E+21,5108.242035,0.19, $970.57 ,July,2021,,,,,,,,,
7/17/21,1626480000,4.48204E+21,4482.040284,0.2, $896.41 ,July,2021,,,,,,,,,
7/18/21,1626566400,4.47966E+21,4479.663894,0.19, $851.14 ,July,2021,,,,,,,,,
7/19/21,1626652800,6.0265E+21,6026.499751,0.17," $1,024.50 ",July,2021,,,,,,,,,
7/20/21,1626739200,7.59205E+21,7592.046394,0.16," $1,214.73 ",July,2021,,,,,,,,,
7/21/21,1626825600,9.35631E+21,9356.309966,0.18," $1,684.14 ",July,2021,,,,,,,,,
7/22/21,1626912000,5.08998E+21,5089.984355,0.19, $967.10 ,July,2021,,,,,,,,,
7/23/21,1626998400,5.05774E+21,5057.743602,0.19, $960.97 ,July,2021,,,,,,,,,
7/24/21,1627084800,4.68525E+21,4685.250872,0.19, $890.20 ,July,2021,,,,,,,,,
7/25/21,1627171200,5.53827E+21,5538.266237,0.2," $1,107.65 ",July,2021,,,,,,,,,
7/26/21,1627257600,1.00348E+22,10034.82085,0.21," $2,107.31 ",July,2021,,,,,,,,,
7/27/21,1627344000,1.29746E+22,12974.61447,0.22," $2,854.42 ",July,2021,,,,,,,,,
7/28/21,1627430400,9.36156E+21,9361.55794,0.23," $2,153.16 ",July,2021,,,,,,,,,
7/29/21,1627516800,9.92045E+21,9920.449778,0.25," $2,480.11 ",July,2021,,,,,,,,,
7/30/21,1627603200,5.59815E+21,5598.151724,0.25," $1,399.54 ",July,2021,,,,,,,,,
7/31/21,1627689600,4.19153E+21,4191.528809,0.26," $1,089.80 ",July,2021,,,,,,,,,
8/1/21,1627776000,4.28301E+21,4283.005214,0.25," $1,070.75 ",August,2021,,,,,,,,,
8/2/21,1627862400,4.6824E+21,4682.400417,0.25," $1,170.60 ",August,2021,,,,,,,,,
8/3/21,1627948800,5.60776E+21,5607.755219,0.24," $1,345.86 ",August,2021,,,,,,,,,
8/4/21,1628035200,8.05038E+21,8050.377097,0.25," $2,012.59 ",August,2021,,,,,,,,,
8/5/21,1628121600,5.96332E+21,5963.315306,0.26," $1,550.46 ",August,2021,,,,,,,,,
8/6/21,1628208000,4.79901E+21,4799.014853,0.28," $1,343.72 ",August,2021,,,,,,,,,
8/7/21,1628294400,4.25E+21,4249.996162,0.29," $1,232.50 ",August,2021,,,,,,,,,
8/8/21,1628380800,4.02036E+21,4020.357897,0.27," $1,085.50 ",August,2021,,,,,,,,,
8/9/21,1628467200,4.12631E+21,4126.314099,0.28," $1,155.37 ",August,2021,,,,,,,,,
8/10/21,1628553600,3.81461E+21,3814.614187,0.3," $1,144.38 ",August,2021,,,,,,,,,
8/11/21,1628640000,4.54911E+21,4549.111462,0.32," $1,455.72 ",August,2021,,,,,,,,,
8/12/21,1628726400,4.40463E+21,4404.625241,0.31," $1,365.43 ",August,2021,,,,,,,,,
8/13/21,1628812800,5.4408E+21,5440.795497,0.35," $1,904.28 ",August,2021,,,,,,,,,
8/14/21,1628899200,4.43046E+21,4430.459825,0.34," $1,506.36 ",August,2021,,,,,,,,,
8/15/21,1628985600,3.4089E+21,3408.904186,0.35," $1,193.12 ",August,2021,,,,,,,,,
8/16/21,1629072000,8.20033E+21,8200.332095,0.4," $3,280.13 ",August,2021,,,,,,,,,
8/17/21,1629158400,1.01445E+22,10144.46708,0.39," $3,956.34 ",August,2021,,,,,,,,,
8/18/21,1629244800,8.07159E+21,8071.58586,0.41," $3,309.35 ",August,2021,,,,,,,,,
8/19/21,1629331200,8.77337E+21,8773.366739,0.5," $4,386.68 ",August,2021,,,,,,,,,
8/20/21,1629417600,5.57381E+21,5573.810774,0.49," $2,731.17 ",August,2021,,,,,,,,,
8/21/21,1629504000,8.09475E+21,8094.751726,0.57," $4,614.01 ",August,2021,,,,,,,,,
8/22/21,1629590400,6.55183E+21,6551.831377,0.56," $3,669.03 ",August,2021,,,,,,,,,
8/23/21,1629676800,7.30839E+21,7308.392632,0.55," $4,019.62 ",August,2021,,,,,,,,,
8/24/21,1629763200,6.93305E+21,6933.049475,0.48," $3,327.86 ",August,2021,,,,,,,,,
8/25/21,1629849600,7.76779E+21,7767.78962,0.5," $3,883.89 ",August,2021,,,,,,,,,
8/26/21,1629936000,6.08147E+21,6081.466074,0.43," $2,615.03 ",August,2021,,,,,,,,,
8/27/21,1630022400,5.39813E+21,5398.128414,0.49," $2,645.08 ",August,2021,,,,,,,,,
8/28/21,1630108800,5.58085E+21,5580.847488,0.52," $2,902.04 ",August,2021,,,,,,,,,
8/29/21,1630195200,6.17266E+21,6172.658864,0.59," $3,641.87 ",August,2021,,,,,,,,,
8/30/21,1630281600,6.75881E+22,67588.13961,0.79," $53,394.63 ",August,2021,,,,,,,,,
8/31/21,1630368000,2.71859E+22,27185.8562,0.72," $19,573.82 ",August,2021,,,,,,,,,
9/1/21,1630454400,2.40596E+22,24059.59297,0.87," $20,931.85 ",September,2021,,,,,,,,,
9/2/21,1630540800,1.34818E+22,13481.83612,0.85," $11,459.56 ",September,2021,,,,,,,,,
9/3/21,1630627200,1.63972E+22,16397.15288,0.98," $16,069.21 ",September,2021,,,,,,,,,
9/4/21,1630713600,2.28305E+22,22830.52849,1.07," $24,428.67 ",September,2021,,,,,,,,,
9/5/21,1630800000,1.61932E+22,16193.15528,1.21," $19,593.72 ",September,2021,,,,,,,,,
9/6/21,1630886400,2.50167E+22,25016.66612,1.39," $34,773.17 ",September,2021,,,,,,,,,
9/7/21,1630972800,6.98773E+22,69877.34342,1.41," $98,527.05 ",September,2021,,,,,,,,,
9/8/21,1631059200,5.0316E+22,50315.95838,1.58," $79,499.21 ",September,2021,,,,,,,,,
9/9/21,1631145600,3.73136E+22,37313.63989,1.66," $61,940.64 ",September,2021,,,,,,,,,
9/10/21,1631232000,2.49857E+22,24985.74462,1.49," $37,228.76 ",September,2021,,,,,,,,,
9/11/21,1631318400,2.35112E+22,23511.23765,1.55," $36,442.42 ",September,2021,,,,,,,,,
9/12/21,1631404800,2.7258E+22,27257.95367,1.44," $39,251.45 ",September,2021,,,,,,,,,
9/13/21,1631491200,3.15542E+22,31554.22914,1.31," $41,336.04 ",September,2021,,,,,,,,,
9/14/21,1631577600,3.09359E+22,30935.90529,1.21," $37,432.45 ",September,2021,,,,,,,,,
9/15/21,1631664000,4.04388E+22,40438.84549,1.44," $58,231.94 ",September,2021,,,,,,,,,
9/16/21,1631750400,3.20178E+22,32017.81788,1.31," $41,943.34 ",September,2021,,,,,,,,,
9/17/21,1631836800,2.93684E+22,29368.40924,1.25," $36,710.51 ",September,2021,,,,,,,,,
9/18/21,1631923200,2.80672E+22,28067.15585,1.33," $37,329.32 ",September,2021,,,,,,,,,
9/19/21,1632009600,3.46686E+22,34668.64103,1.46," $50,616.22 ",September,2021,,,,,,,,,
9/20/21,1632096000,4.29164E+22,42916.37472,1.15," $49,353.83 ",September,2021,,,,,,,,,
9/21/21,1632182400,4.07553E+22,40755.3146,0.98," $39,940.21 ",September,2021,,,,,,,,,
9/22/21,1632268800,4.79577E+22,47957.70297,1.25," $59,947.13 ",September,2021,,,,,,,,,
9/23/21,1632355200,3.58312E+22,35831.17565,1.26," $45,147.28 ",September,2021,,,,,,,,,
9/24/21,1632441600,4.73393E+22,47339.34945,1.2," $56,807.22 ",September,2021,,,,,,,,,
9/25/21,1632528000,3.3836E+22,33836.04548,1.24," $41,956.70 ",September,2021,,,,,,,,,
9/26/21,1632614400,3.23178E+22,32317.7523,1.18," $38,134.95 ",September,2021,,,,,,,,,
9/27/21,1632700800,4.08131E+22,40813.12174,1.28," $52,240.80 ",September,2021,,,,,,,,,
9/28/21,1632787200,4.41622E+22,44162.156,1.17," $51,669.72 ",September,2021,,,,,,,,,
9/29/21,1632873600,2.8094E+22,28094.03236,1.2," $33,712.84 ",September,2021,,,,,,,,,
9/30/21,1632960000,2.36063E+22,23606.25986,1.21," $28,563.57 ",September,2021,,,,,,,,,
10/1/21,1633046400,2.53707E+22,25370.67008,1.42," $36,026.35 ",October,2021,,,,,,,,,
10/2/21,1633132800,2.22597E+22,22259.66319,1.46," $32,499.11 ",October,2021,,,,,,,,,
10/3/21,1633219200,2.38889E+22,23888.89597,1.47," $35,116.68 ",October,2021,,,,,,,,,
10/4/21,1633305600,3.72325E+22,37232.49022,1.4," $52,125.49 ",October,2021,,,,,,,,,
10/5/21,1633392000,3.24082E+22,32408.20229,1.41," $45,695.57 ",October,2021,,,,,,,,,
10/6/21,1633478400,9.38592E+22,93859.20748,1.61," $151,113.32 ",October,2021,,,,,,,,,
10/7/21,1633564800,1.54279E+23,154279.3469,2.02," $311,644.28 ",October,2021,,,,,,,,,
10/8/21,1633651200,7.96357E+22,79635.73267,2.3," $183,162.19 ",October,2021,,,,,,,,,
10/9/21,1633737600,4.20355E+22,42035.53029,2.16," $90,796.75 ",October,2021,,,,,,,,,
10/10/21,1633824000,4.82781E+22,48278.05241,2.03," $98,004.45 ",October,2021,,,,,,,,,
10/11/21,1633910400,5.28847E+22,52884.67618,2.34," $123,750.14 ",October,2021,,,,,,,,,
10/12/21,1633996800,4.19687E+22,41968.67234,2.09," $87,714.53 ",October,2021,,,,,,,,,
10/13/21,1634083200,2.82216E+22,28221.60997,2.01," $56,725.44 ",October,2021,,,,,,,,,
10/14/21,1634169600,2.67225E+22,26722.47055,2.03," $54,246.62 ",October,2021,,,,,,,,,
10/15/21,1634256000,3.02679E+22,30267.86802,1.93," $58,416.99 ",October,2021,,,,,,,,,
10/16/21,1634342400,1.91939E+22,19193.93443,2.14," $41,075.02 ",October,2021,,,,,,,,,
10/17/21,1634428800,2.89291E+22,28929.12192,2.3," $66,536.98 ",October,2021,,,,,,,,,
10/18/21,1634515200,2.09061E+22,20906.06845,2.22," $46,411.47 ",October,2021,,,,,,,,,
10/19/21,1634601600,3.61036E+22,36103.58312,2.35," $84,843.42 ",October,2021,,,,,,,,,
10/20/21,1634688000,2.53207E+22,25320.71017,2.43," $61,529.33 ",October,2021,,,,,,,,,
10/21/21,1634774400,2.75807E+22,27580.73729,2.22," $61,229.24 ",October,2021,,,,,,,,,
10/22/21,1634860800,4.02194E+22,40219.44885,2.62," $105,374.96 ",October,2021,,,,,,,,,
10/23/21,1634947200,2.75181E+22,27518.13506,2.55," $70,171.24 ",October,2021,,,,,,,,,
10/24/21,1635033600,3.10812E+22,31081.18757,2.7," $83,919.21 ",October,2021,,,,,,,,,
10/25/21,1635120000,2.78571E+22,27857.13196,3.04," $84,685.68 ",October,2021,,,,,,,,,
10/26/21,1635206400,8.56129E+22,85612.90105,3.14," $268,824.51 ",October,2021,,,,,,,,,
10/27/21,1635292800,7.28209E+22,72820.8593,3.1," $225,744.66 ",October,2021,,,,,,,,,
10/28/21,1635379200,4.65546E+22,46554.61466,2.92," $135,939.47 ",October,2021,,,,,,,,,
10/29/21,1635465600,2.08539E+22,20853.86462,2.88," $60,059.13 ",October,2021,,,,,,,,,
10/30/21,1635552000,3.1214E+22,31213.95869,2.67," $83,341.27 ",October,2021,,,,,,,,,
10/31/21,1635638400,2.11439E+22,21143.86039,2.87," $60,682.88 ",October,2021,,,,,,,,,
11/1/21,1635724800,2.92148E+22,29214.79504,2.7," $78,879.95 ",November,2021,,,,,,,,,
11/2/21,1635811200,4.34207E+22,43420.69178,2.73," $118,538.49 ",November,2021,,,,,,,,,
11/3/21,1635897600,3.38677E+22,33867.67882,2.68," $90,765.38 ",November,2021,,,,,,,,,
11/4/21,1635984000,3.28073E+22,32807.31124,2.77," $90,876.25 ",November,2021,,,,,,,,,
11/5/21,1636070400,3.38166E+22,33816.64613,2.66," $89,952.28 ",November,2021,,,,,,,,,
11/6/21,1636156800,2.1428E+22,21427.99156,2.77," $59,355.54 ",November,2021,,,,,,,,,
11/7/21,1636243200,2.48595E+22,24859.51064,2.87," $71,346.80 ",November,2021,,,,,,,,,
11/8/21,1636329600,2.9496E+22,29496.03528,3.16," $93,207.47 ",November,2021,,,,,,,,,
11/9/21,1636416000,2.30989E+22,23098.85848,2.87," $66,293.72 ",November,2021,,,,,,,,,
11/10/21,1636502400,4.24122E+22,42412.1782,2.64," $111,968.15 ",November,2021,,,,,,,,,
11/11/21,1636588800,3.09672E+22,30967.24689,2.6," $80,514.84 ",November,2021,,,,,,,,,
11/12/21,1636675200,2.39062E+22,23906.21114,2.63," $62,873.34 ",November,2021,,,,,,,,,
11/13/21,1636761600,2.04595E+22,20459.53106,2.62," $53,603.97 ",November,2021,,,,,,,,,
11/14/21,1636848000,1.58862E+22,15886.17257,2.59," $41,145.19 ",November,2021,,,,,,,,,
11/15/21,1636934400,2.54306E+22,25430.58928,2.47," $62,813.56 ",November,2021,,,,,,,,,
11/16/21,1637020800,4.87993E+22,48799.30222,2.2," $107,358.46 ",November,2021,,,,,,,,,
11/17/21,1637107200,3.07775E+22,30777.46275,2.15," $66,171.54 ",November,2021,,,,,,,,,
11/18/21,1637193600,7.01946E+22,70194.5642,1.85," $129,859.94 ",November,2021,,,,,,,,,
11/19/21,1637280000,3.36273E+22,33627.3428,2.26," $75,997.79 ",November,2021,,,,,,,,,
11/20/21,1637366400,2.72016E+22,27201.57182,2.18," $59,299.43 ",November,2021,,,,,,,,,
11/21/21,1637452800,2.38907E+22,23890.73756,2.08," $49,692.73 ",November,2021,,,,,,,,,
11/22/21,1637539200,3.11075E+22,31107.53375,1.95," $60,659.69 ",November,2021,,,,,,,,,
11/23/21,1637625600,5.69912E+22,56991.16114,2.32," $132,219.49 ",November,2021,,,,,,,,,
11/24/21,1637712000,5.25528E+22,52552.83732,2.59," $136,111.85 ",November,2021,,,,,,,,,
11/25/21,1637798400,3.60916E+22,36091.58424,2.47," $89,146.21 ",November,2021,,,,,,,,,
11/26/21,1637884800,4.63804E+22,46380.44933,2.12," $98,326.55 ",November,2021,,,,,,,,,
11/27/21,1637971200,2.60359E+22,26035.86876,2.08," $54,154.61 ",November,2021,,,,,,,,,
11/28/21,1638057600,3.27531E+22,32753.14731,2.12," $69,436.67 ",November,2021,,,,,,,,,
11/29/21,1638144000,2.56146E+22,25614.56543,2.16," $55,327.46 ",November,2021,,,,,,,,,
11/30/21,1638230400,2.95582E+22,29558.20283,2.14," $63,254.55 ",November,2021,,,,,,,,,
12/1/21,1638316800,3.90362E+22,39036.23211,2.14," $83,537.54 ",December,2021,,,,,,,,,
12/2/21,1638403200,2.58163E+22,25816.31024,2.07," $53,439.76 ",December,2021,,,,,,,,,
12/3/21,1638489600,3.36143E+22,33614.33957,1.99," $66,892.54 ",December,2021,,,,,,,,,
12/4/21,1638576000,1.14272E+23,114272.2385,1.72," $196,548.25 ",December,2021,,,,,,,,,
12/5/21,1638662400,4.53172E+22,45317.21065,1.53," $69,335.33 ",December,2021,,,,,,,,,
12/6/21,1638748800,7.77186E+22,77718.59528,1.6," $124,349.75 ",December,2021,,,,,,,,,
12/7/21,1638835200,2.90349E+22,29034.87181,1.59," $46,165.45 ",December,2021,,,,,,,,,
12/8/21,1638921600,2.89555E+22,28955.51085,1.64," $47,487.04 ",December,2021,,,,,,,,,
12/9/21,1639008000,2.66153E+22,26615.29222,1.42," $37,793.71 ",December,2021,,,,,,,,,
12/10/21,1639094400,5.9909E+22,59908.95514,1.42," $85,070.72 ",December,2021,,,,,,,,,
12/11/21,1639180800,3.3631E+22,33631.01925,1.49," $50,110.22 ",December,2021,,,,,,,,,
12/12/21,1639267200,3.72628E+22,37262.78004,1.49," $55,521.54 ",December,2021,,,,,,,,,
12/13/21,1639353600,6.65658E+22,66565.80018,1.28," $85,204.22 ",December,2021,,,,,,,,,
12/14/21,1639440000,2.23745E+22,22374.54981,1.32," $29,534.41 ",December,2021,,,,,,,,,
12/15/21,1639526400,2.94277E+22,29427.7251,1.48," $43,553.03 ",December,2021,,,,,,,,,
12/16/21,1639612800,2.62425E+22,26242.54709,1.43," $37,526.84 ",December,2021,,,,,,,,,
12/17/21,1639699200,1.85849E+22,18584.91006,1.4," $26,018.87 ",December,2021,,,,,,,,,
12/18/21,1639785600,8.74168E+22,87416.78702,1.42," $124,131.84 ",December,2021,,,,,,,,,
12/19/21,1639872000,3.10569E+22,31056.90654,1.43," $44,411.38 ",December,2021,,,,,,,,,
12/20/21,1639958400,2.69459E+22,26945.85589,1.36," $36,646.36 ",December,2021,,,,,,,,,
12/21/21,1640044800,2.50621E+22,25062.09701,1.48," $37,091.90 ",December,2021,,,,,,,,,
12/22/21,1640131200,2.41759E+22,24175.86205,1.6," $38,681.38 ",December,2021,,,,,,,,,
12/23/21,1640217600,3.21879E+22,32187.9006,1.86," $59,869.50 ",December,2021,,,,,,,,,
12/24/21,1640304000,2.86343E+22,28634.32821,2.08," $59,559.40 ",December,2021,,,,,,,,,
12/25/21,1640390400,2.08608E+22,20860.82881,2.12," $44,224.96 ",December,2021,,,,,,,,,
12/26/21,1640476800,2.11085E+22,21108.53157,2.34," $49,393.96 ",December,2021,,,,,,,,,
12/27/21,1640563200,2.71031E+22,27103.13619,2.2," $59,626.90 ",December,2021,,,,,,,,,
12/28/21,1640649600,3.65745E+22,36574.51802,2.23," $81,561.18 ",December,2021,,,,,,,,,
12/29/21,1640736000,3.45294E+22,34529.44511,2.13," $73,547.72 ",December,2021,,,,,,,,,
12/30/21,1640822400,2.14845E+22,21484.51587,2.1," $45,117.48 ",December,2021,,,,,,,,,
12/31/21,1640908800,3.00453E+22,30045.32514,2.25," $67,601.98 ",December,2021,,,,,,,,,
1/1/22,1640995200,2.23132E+22,22313.19924,2.59," $57,791.19 ",January,2022,,,,,,,,,
1/2/22,1641081600,2.70388E+22,27038.77367,2.49," $67,326.55 ",January,2022,,,,,,,,,
1/3/22,1641168000,6.55151E+22,65515.08883,2.87," $188,028.30 ",January,2022,,,,,,,,,
1/4/22,1641254400,7.00063E+22,70006.32965,2.88," $201,618.23 ",January,2022,,,,,,,,,
1/5/22,1641340800,1.26968E+23,126967.7258,2.93," $372,015.44 ",January,2022,,,,,,,,,
1/6/22,1641427200,8.0646E+22,80645.96207,2.89," $233,066.83 ",January,2022,,,,,,,,,
1/7/22,1641513600,6.26543E+22,62654.30645,2.6," $162,901.20 ",January,2022,,,,,,,,,
1/8/22,1641600000,6.87057E+22,68705.73602,2.28," $156,649.08 ",January,2022,,,,,,,,,
1/9/22,1641686400,3.52626E+22,35262.58316,2.39," $84,277.57 ",January,2022,,,,,,,,,
1/10/22,1641772800,4.8791E+22,48791.02054,2.23," $108,803.98 ",January,2022,,,,,,,,,
1/11/22,1641859200,7.33383E+22,73338.26607,2.59," $189,946.11 ",January,2022,,,,,,,,,
1/12/22,1641945600,9.33744E+22,93374.36543,2.94," $274,520.63 ",January,2022,,,,,,,,,
1/13/22,1642032000,7.65928E+22,76592.76848,3.01," $230,544.23 ",January,2022,,,,,,,,,
1/14/22,1642118400,5.91743E+22,59174.3331,2.96," $175,156.03 ",January,2022,,,,,,,,,
1/15/22,1642204800,4.9387E+22,49386.95282,3," $148,160.86 ",January,2022,,,,,,,,,
1/16/22,1642291200,7.94665E+22,79466.54301,3.31," $263,034.26 ",January,2022,,,,,,,,,
1/17/22,1642377600,9.49457E+22,94945.7393,2.93," $278,191.02 ",January,2022,,,,,,,,,
1/18/22,1642464000,1.05704E+23,105703.7381,2.96," $312,883.06 ",January,2022,,,,,,,,,
1/19/22,1642550400,8.57608E+22,85760.80039,2.77," $237,557.42 ",January,2022,,,,,,,,,
1/20/22,1642636800,7.06081E+22,70608.104,2.69," $189,935.80 ",January,2022,,,,,,,,,
1/21/22,1642723200,2.03779E+23,203779.3415,2.28," $464,616.90 ",January,2022,,,,,,,,,
1/22/22,1642809600,3.01023E+23,301023.3812,1.97," $593,016.06 ",January,2022,,,,,,,,,
1/23/22,1642896000,1.13327E+23,113326.6715,2.28," $258,384.81 ",January,2022,,,,,,,,,
1/24/22,1642982400,1.25579E+23,125578.8623,2.26," $283,808.23 ",January,2022,,,,,,,,,
1/25/22,1643068800,1.09904E+23,109903.6946,2.38," $261,570.79 ",January,2022,,,,,,,,,
1/26/22,1643155200,1.21989E+23,121989.3745,2.24," $273,256.20 ",January,2022,,,,,,,,,
1/27/22,1643241600,1.35917E+23,135917.0493,2.08," $282,707.46 ",January,2022,,,,,,,,,
1/28/22,1643328000,1.00342E+23,100341.5018,2.13," $213,727.40 ",January,2022,,,,,,,,,
1/29/22,1643414400,4.93813E+22,49381.32484,2.1," $103,700.78 ",January,2022,,,,,,,,,
1/30/22,1643500800,3.80819E+22,38081.93112,2.03," $77,306.32 ",January,2022,,,,,,,,,
1/31/22,1643587200,3.69676E+22,36967.55524,2.04," $75,413.81 ",January,2022,,,,,,,,,
2/1/22,1643673600,3.87604E+22,38760.37481,2.07," $80,233.98 ",February,2022,,,,,,,,,
2/2/22,1643760000,5.95655E+22,59565.47445,1.92," $114,365.71 ",February,2022,,,,,,,,,
2/3/22,1643846400,4.02284E+22,40228.43574,1.96," $78,847.73 ",February,2022,,,,,,,,,
2/4/22,1643932800,5.77035E+22,57703.5443,2.13," $122,908.55 ",February,2022,,,,,,,,,
2/5/22,1644019200,6.41768E+22,64176.81453,2.09," $134,129.54 ",February,2022,,,,,,,,,
2/6/22,1644105600,6.31362E+22,63136.23744,2.16," $136,374.27 ",February,2022,,,,,,,,,
2/7/22,1644192000,5.75762E+22,57576.1983,2.32," $133,576.78 ",February,2022,,,,,,,,,
2/8/22,1644278400,8.7796E+22,87795.98009,2.21," $194,029.12 ",February,2022,,,,,,,,,
2/9/22,1644364800,7.03735E+22,70373.46125,2.26," $159,044.02 ",February,2022,,,,,,,,,
2/10/22,1644451200,6.1312E+22,61311.97416,2.1," $128,755.15 ",February,2022,,,,,,,,,
2/11/22,1644537600,5.89843E+22,58984.25644,1.94," $114,429.46 ",February,2022,,,,,,,,,
2/12/22,1644624000,3.82907E+22,38290.6833,1.95," $74,666.83 ",February,2022,,,,,,,,,
2/13/22,1644710400,4.49579E+22,44957.86804,1.89," $84,970.37 ",February,2022,,,,,,,,,
2/14/22,1644796800,4.88717E+22,48871.70388,1.93," $94,322.39 ",February,2022,,,,,,,,,
2/15/22,1644883200,5.13893E+22,51389.3159,2.09," $107,403.67 ",February,2022,,,,,,,,,
2/16/22,1644969600,4.78755E+22,47875.48314,2.07," $99,102.25 ",February,2022,,,,,,,,,
2/17/22,1645056000,5.23803E+22,52380.26909,1.9," $99,522.51 ",February,2022,,,,,,,,,
2/18/22,1645142400,5.98462E+22,59846.20956,1.87," $111,912.41 ",February,2022,,,,,,,,,
2/19/22,1645228800,3.71088E+22,37108.81031,1.88," $69,764.56 ",February,2022,,,,,,,,,
2/20/22,1645315200,4.88598E+22,48859.82778,1.73," $84,527.50 ",February,2022,,,,,,,,,
2/21/22,1645401600,1.04259E+23,104258.5176,1.54," $160,558.12 ",February,2022,,,,,,,,,
2/22/22,1645488000,7.25797E+22,72579.74786,1.61," $116,853.39 ",February,2022,,,,,,,,,
2/23/22,1645574400,1.63127E+23,163127.2642,1.57," $256,109.80 ",February,2022,,,,,,,,,
2/24/22,1645660800,4.93882E+23,493882.2862,1.49," $735,884.61 ",February,2022,,,,,,,,,
2/25/22,1645747200,4.03267E+23,403266.9572,1.72," $693,619.17 ",February,2022,,,,,,,,,
2/26/22,1645833600,2.34524E+23,234524.1552,1.77," $415,107.75 ",February,2022,,,,,,,,,
2/27/22,1645920000,2.09642E+23,209641.5355,1.59," $333,330.04 ",February,2022,,,,,,,,,
2/28/22,1646006400,1.91544E+23,191543.9492,1.78," $340,948.23 ",February,2022,,,,,,,,,
3/1/22,1646092800,1.75824E+23,175824.1776,1.83," $321,758.25 ",March,2022,,,,,,,,,
3/2/22,1646179200,2.58617E+23,258616.9828,2.02," $522,406.31 ",March,2022,,,,,,,,,
3/3/22,1646265600,2.76099E+23,276098.9265,1.87," $516,304.99 ",March,2022,,,,,,,,,
3/4/22,1646352000,8.62331E+22,86233.13749,1.66," $143,147.01 ",March,2022,,,,,,,,,
3/5/22,1646438400,6.62213E+22,66221.25238,1.69," $111,913.92 ",March,2022,,,,,,,,,
3/6/22,1646524800,4.05038E+23,405037.621,1.41," $571,103.05 ",March,2022,,,,,,,,,
3/7/22,1646611200,1.61283E+23,161283.1145,1.32," $212,893.71 ",March,2022,,,,,,,,,
3/8/22,1646697600,1.44495E+23,144495.4233,1.32," $190,733.96 ",March,2022,,,,,,,,,
3/9/22,1646784000,1.05837E+23,105837.0568,1.37," $144,996.77 ",March,2022,,,,,,,,,
3/10/22,1646870400,1.51814E+23,151814.3319,1.24," $188,249.77 ",March,2022,,,,,,,,,
3/11/22,1646956800,1.55704E+23,155704.0045,1.2," $186,844.81 ",March,2022,,,,,,,,,
3/12/22,1647043200,7.8123E+22,78123.0102,1.19," $92,966.38 ",March,2022,,,,,,,,,
3/13/22,1647129600,8.40506E+22,84050.60953,1.12," $94,136.68 ",March,2022,,,,,,,,,
3/14/22,1647216000,1.22721E+23,122721.3105,1.08," $132,539.02 ",March,2022,,,,,,,,,
3/15/22,1647302400,9.42324E+22,94232.4272,1.2," $113,078.91 ",March,2022,,,,,,,,,
3/16/22,1647388800,9.32026E+22,93202.64048,1.27," $118,367.35 ",March,2022,,,,,,,,,
3/17/22,1647475200,6.90941E+22,69094.10439,1.2," $82,912.93 ",March,2022,,,,,,,,,
3/18/22,1647561600,4.10669E+22,41066.94366,1.25," $51,333.68 ",March,2022,,,,,,,,,
3/19/22,1647648000,4.63977E+22,46397.66761,1.32," $61,244.92 ",March,2022,,,,,,,,,
3/20/22,1647734400,2.79513E+22,27951.3472,1.25," $34,939.18 ",March,2022,,,,,,,,,
3/21/22,1647820800,4.37228E+22,43722.80334,1.26," $55,090.73 ",March,2022,,,,,,,,,
3/22/22,1647907200,7.01713E+22,70171.26402,1.27," $89,117.51 ",March,2022,,,,,,,,,
3/23/22,1647993600,4.40005E+22,44000.54949,1.31," $57,640.72 ",March,2022,,,,,,,,,
3/24/22,1648080000,8.42037E+22,84203.68534,1.32," $111,148.86 ",March,2022,,,,,,,,,
3/25/22,1648166400,6.40497E+22,64049.65654,1.35," $86,467.04 ",March,2022,,,,,,,,,
3/26/22,1648252800,3.96887E+22,39688.68327,1.4," $55,564.16 ",March,2022,,,,,,,,,
3/27/22,1648339200,3.50549E+22,35054.94315,1.44," $50,479.12 ",March,2022,,,,,,,,,
3/28/22,1648425600,5.033E+22,50329.96022,1.4," $70,461.94 ",March,2022,,,,,,,,,
3/29/22,1648512000,4.46319E+22,44631.94623,1.42," $63,377.36 ",March,2022,,,,,,,,,
3/30/22,1648598400,4.39106E+22,43910.61793,1.41," $61,913.97 ",March,2022,,,,,,,,,
3/31/22,1648684800,8.14477E+22,81447.70969,1.43," $116,470.22 ",March,2022,,,,,,,,,
4/1/22,1648771200,6.59035E+22,65903.49328,1.59," $104,786.55 ",April,2022,,,,,,,,,
4/2/22,1648857600,4.165E+22,41650.02529,1.54," $64,141.04 ",April,2022,,,,,,,,,
4/3/22,1648944000,4.60036E+22,46003.58792,1.63," $74,985.85 ",April,2022,,,,,,,,,
4/4/22,1649030400,3.95647E+22,39564.68428,1.55," $61,325.26 ",April,2022,,,,,,,,,
4/5/22,1649116800,4.15551E+22,41555.11788,1.45," $60,254.92 ",April,2022,,,,,,,,,
4/6/22,1649203200,1.21576E+23,121575.7368,1.31," $159,264.22 ",April,2022,,,,,,,,,
4/7/22,1649289600,5.46347E+22,54634.7192,1.35," $73,756.87 ",April,2022,,,,,,,,,
4/8/22,1649376000,4.93583E+22,49358.33176,1.25," $61,697.91 ",April,2022,,,,,,,,,
4/9/22,1649462400,3.51847E+22,35184.67112,1.3," $45,740.07 ",April,2022,,,,,,,,,
4/10/22,1649548800,3.38718E+22,33871.76699,1.26," $42,678.43 ",April,2022,,,,,,,,,
4/11/22,1649635200,6.31957E+22,63195.73802,1.12," $70,779.23 ",April,2022,,,,,,,,,
4/12/22,1649721600,4.36721E+22,43672.14336,1.16," $50,659.69 ",April,2022,,,,,,,,,
4/13/22,1649808000,5.81126E+22,58112.64719,1.19," $69,154.05 ",April,2022,,,,,,,,,
4/14/22,1649894400,4.22414E+22,42241.40958,1.15," $48,577.62 ",April,2022,,,,,,,,,
4/15/22,1649980800,3.87448E+22,38744.75847,1.18," $45,718.81 ",April,2022,,,,,,,,,
4/16/22,1650067200,2.36374E+22,23637.38983,1.16," $27,419.37 ",April,2022,,,,,,,,,
4/17/22,1650153600,2.84213E+22,28421.30496,1.11," $31,547.65 ",April,2022,,,,,,,,,
4/18/22,1650240000,8.64242E+22,86424.2203,1.14," $98,523.61 ",April,2022,,,,,,,,,
4/19/22,1650326400,5.30558E+22,53055.83216,1.19," $63,136.44 ",April,2022,,,,,,,,,
4/20/22,1650412800,3.73316E+22,37331.64136,1.18," $44,051.34 ",April,2022,,,,,,,,,
4/21/22,1650499200,5.25491E+22,52549.09038,1.12," $58,854.98 ",April,2022,,,,,,,,,
4/22/22,1650585600,4.20533E+22,42053.30146,1.11," $46,679.16 ",April,2022,,,,,,,,,
4/23/22,1650672000,2.85145E+22,28514.50001,1.09," $31,080.81 ",April,2022,,,,,,,,,
4/24/22,1650758400,4.32616E+22,43261.60004,1.07," $46,289.91 ",April,2022,,,,,,,,,
4/25/22,1650844800,7.43707E+22,74370.65409,1.07," $79,576.60 ",April,2022,,,,,,,,,
4/26/22,1650931200,5.97863E+22,59786.3057,0.97," $57,992.72 ",April,2022,,,,,,,,,
4/27/22,1651017600,4.15454E+22,41545.36927,0.99," $41,129.92 ",April,2022,,,,,,,,,
4/28/22,1651104000,9.18904E+22,91890.42185,0.97," $89,133.71 ",April,2022,,,,,,,,,
4/29/22,1651190400,1.99328E+23,199328.0006,0.83," $165,442.24 ",April,2022,,,,,,,,,
4/30/22,1651276800,3.92123E+23,392123.2925,0.68," $266,643.84 ",April,2022,,,,,,,,,
5/1/22,1651363200,1.43902E+23,143901.862,0.79," $113,682.47 ",May,2022,,,,,,,,,
5/2/22,1651449600,9.2777E+22,92777.0017,0.77," $71,438.29 ",May,2022,,,,,,,,,
5/3/22,1651536000,5.19938E+22,51993.79981,0.75," $38,995.35 ",May,2022,,,,,,,,,
5/4/22,1651622400,4.98688E+22,49868.78005,0.86," $42,887.15 ",May,2022,,,,,,,,,
5/5/22,1651708800,7.35412E+22,73541.17246,0.74," $54,420.47 ",May,2022,,,,,,,,,
5/6/22,1651795200,5.87621E+22,58762.05812,0.72," $42,308.68 ",May,2022,,,,,,,,,
5/7/22,1651881600,8.08679E+22,80867.85501,0.68," $54,990.14 ",May,2022,,,,,,,,,
5/8/22,1651968000,6.92714E+22,69271.40332,0.68," $47,104.55 ",May,2022,,,,,,,,,
5/9/22,1652054400,2.96697E+23,296696.9066,0.54," $160,216.33 ",May,2022,,,,,,,,,
5/10/22,1652140800,2.14749E+23,214749.0917,0.53," $113,817.02 ",May,2022,,,,,,,,,
5/11/22,1652227200,1.53072E+24,1530716.556,0.31," $474,522.13 ",May,2022,,,,,,,,,
5/12/22,1652313600,1.30912E+24,1309120.487,0.3," $392,736.15 ",May,2022,,,,,,,,,
5/13/22,1652400000,7.56014E+23,756014.3341,0.33," $249,484.73 ",May,2022,,,,,,,,,
5/14/22,1652486400,2.50139E+23,250138.67,0.38," $95,052.69 ",May,2022,,,,,,,,,
5/15/22,1652572800,2.19977E+23,219976.7013,0.39," $85,790.91 ",May,2022,,,,,,,,,
5/16/22,1652659200,3.38865E+23,338864.7754,0.34," $115,214.02 ",May,2022,,,,,,,,,
5/17/22,1652745600,1.13578E+23,113577.6575,0.36," $40,887.96 ",May,2022,,,,,,,,,
5/18/22,1652832000,1.0991E+23,109910.4102,0.32," $35,171.33 ",May,2022,,,,,,,,,
5/19/22,1652918400,1.06563E+23,106562.8986,0.35," $37,297.01 ",May,2022,,,,,,,,,
5/20/22,1653004800,7.97241E+22,79724.10133,0.35," $27,903.44 ",May,2022,,,,,,,,,
5/21/22,1653091200,1.34084E+23,134083.8497,0.41," $54,974.38 ",May,2022,,,,,,,,,
5/22/22,1653177600,5.78645E+22,57864.46189,0.44," $25,460.36 ",May,2022,,,,,,,,,
5/23/22,1653264000,9.61923E+22,96192.28602,0.43," $41,362.68 ",May,2022,,,,,,,,,
5/24/22,1653350400,7.2863E+22,72863.0023,0.42," $30,602.46 ",May,2022,,,,,,,,,
5/25/22,1653436800,3.82525E+22,38252.50359,0.4," $15,301.00 ",May,2022,,,,,,,,,
5/26/22,1653523200,9.20996E+22,92099.55866,0.38," $34,997.83 ",May,2022,,,,,,,,,
5/27/22,1653609600,7.42645E+22,74264.50758,0.34," $25,249.93 ",May,2022,,,,,,,,,
5/28/22,1653696000,1.80349E+22,18034.8691,0.37," $6,672.90 ",May,2022,,,,,,,,,
5/29/22,1653782400,1.22862E+22,12286.17912,0.37," $4,545.89 ",May,2022,,,,,,,,,
5/30/22,1653868800,5.17746E+22,51774.6067,0.42," $21,745.33 ",May,2022,,,,,,,,,
5/31/22,1653955200,3.57973E+22,35797.29851,0.4," $14,318.92 ",May,2022,,,,,,,,,
6/1/22,1654041600,2.93114E+22,29311.40885,0.37," $10,845.22 ",June,2022,,,,,,,,,
6/2/22,1654128000,2.20622E+22,22062.18732,0.38," $8,383.63 ",June,2022,,,,,,,,,
6/3/22,1654214400,1.38671E+22,13867.06388,0.36," $4,992.14 ",June,2022,,,,,,,,,
6/4/22,1654300800,1.50851E+22,15085.06583,0.35," $5,279.77 ",June,2022,,,,,,,,,
6/5/22,1654387200,1.15088E+22,11508.80159,0.35," $4,028.08 ",June,2022,,,,,,,,,
6/6/22,1654473600,5.83714E+22,58371.41475,0.36," $21,013.71 ",June,2022,,,,,,,,,
6/7/22,1654560000,2.04855E+22,20485.45553,0.35," $7,169.91 ",June,2022,,,,,,,,,
6/8/22,1654646400,2.13286E+22,21328.62136,0.34," $7,251.73 ",June,2022,,,,,,,,,
6/9/22,1654732800,1.75943E+22,17594.31655,0.34," $5,982.07 ",June,2022,,,,,,,,,
6/10/22,1654819200,4.60516E+22,46051.58028,0.31," $14,275.99 ",June,2022,,,,,,,,,
6/11/22,1654905600,5.69193E+22,56919.25822,0.28," $15,937.39 ",June,2022,,,,,,,,,
6/12/22,1654992000,4.0279E+23,402789.7036,0.22," $88,613.73 ",June,2022,,,,,,,,,
6/13/22,1655078400,6.72347E+23,672346.8834,0.24," $161,363.25 ",June,2022,,,,,,,,,
6/14/22,1655164800,2.56174E+23,256173.795,0.23," $58,919.97 ",June,2022,,,,,,,,,
6/15/22,1655251200,2.00401E+23,200401.3039,0.26," $52,104.34 ",June,2022,,,,,,,,,
6/16/22,1655337600,7.92222E+22,79222.22825,0.22," $17,428.89 ",June,2022,,,,,,,,,
6/17/22,1655424000,5.89679E+22,58967.88648,0.24," $14,152.29 ",June,2022,,,,,,,,,
6/18/22,1655510400,3.34773E+23,334773.4287,0.22," $73,650.15 ",June,2022,,,,,,,,,
6/19/22,1655596800,4.85591E+22,48559.11402,0.24," $11,654.19 ",June,2022,,,,,,,,,
6/20/22,1655683200,3.96704E+22,39670.42376,0.25," $9,917.61 ",June,2022,,,,,,,,,
6/21/22,1655769600,4.22087E+22,42208.70132,0.27," $11,396.35 ",June,2022,,,,,,,,,
6/22/22,1655856000,2.21311E+22,22131.13849,0.25," $5,532.78 ",June,2022,,,,,,,,,
6/23/22,1655942400,1.99928E+22,19992.76506,0.27," $5,398.05 ",June,2022,,,,,,,,,
6/24/22,1656028800,2.26816E+22,22681.57525,0.3," $6,804.47 ",June,2022,,,,,,,,,
6/25/22,1656115200,1.77578E+22,17757.77022,0.31," $5,504.91 ",June,2022,,,,,,,,,
6/26/22,1656201600,1.89225E+22,18922.53604,0.28," $5,298.31 ",June,2022,,,,,,,,,
6/27/22,1656288000,1.84746E+22,18474.62654,0.28," $5,172.90 ",June,2022,,,,,,,,,
6/28/22,1656374400,1.16685E+22,11668.51995,0.27," $3,150.50 ",June,2022,,,,,,,,,
6/29/22,1656460800,2.07034E+22,20703.37984,0.26," $5,382.88 ",June,2022,,,,,,,,,
6/30/22,1656547200,2.09298E+22,20929.78998,0.25," $5,232.45 ",June,2022,,,,,,,,,
7/1/22,1656633600,2.29516E+22,22951.5576,0.25," $5,737.89 ",July,2022,,,,,,,,,
7/2/22,1656720000,5.94614E+21,5946.136206,0.25," $1,486.53 ",July,2022,,,,,,,,,
7/3/22,1656806400,2.80419E+22,28041.86146,0.26," $7,290.88 ",July,2022,,,,,,,,,
7/4/22,1656892800,1.12402E+22,11240.1643,0.26," $2,922.44 ",July,2022,,,,,,,,,
7/5/22,1656979200,1.24306E+22,12430.64188,0.26," $3,231.97 ",July,2022,,,,,,,,,
7/6/22,1657065600,5.52387E+21,5523.869947,0.26," $1,436.21 ",July,2022,,,,,,,,,
7/7/22,1657152000,2.18164E+22,21816.42763,0.28," $6,108.60 ",July,2022,,,,,,,,,
7/8/22,1657238400,9.48246E+21,9482.457526,0.27," $2,560.26 ",July,2022,,,,,,,,,
7/9/22,1657324800,5.4014E+21,5401.397476,0.28," $1,512.39 ",July,2022,,,,,,,,,
7/10/22,1657411200,6.42552E+21,6425.519922,0.27," $1,734.89 ",July,2022,,,,,,,,,
7/11/22,1657497600,1.59069E+22,15906.87041,0.24," $3,817.65 ",July,2022,,,,,,,,,
7/12/22,1657584000,6.29681E+21,6296.806645,0.23," $1,448.27 ",July,2022,,,,,,,,,
7/13/22,1657670400,2.70854E+22,27085.37961,0.25," $6,771.34 ",July,2022,,,,,,,,,
7/14/22,1657756800,1.50197E+22,15019.6902,0.25," $3,754.92 ",July,2022,,,,,,,,,
7/15/22,1657843200,1.35279E+22,13527.87786,0.26," $3,517.25 ",July,2022,,,,,,,,,
7/16/22,1657929600,2.09508E+22,20950.77968,0.26," $5,447.20 ",July,2022,,,,,,,,,
7/17/22,1658016000,1.12039E+22,11203.94089,0.26," $2,913.02 ",July,2022,,,,,,,,,
7/18/22,1658102400,1.58141E+22,15814.07779,0.3," $4,744.22 ",July,2022,,,,,,,,,
7/19/22,1658188800,4.00929E+22,40092.8972,0.34," $13,631.59 ",July,2022,,,,,,,,,
7/20/22,1658275200,2.70329E+22,27032.87436,0.31," $8,380.19 ",July,2022,,,,,,,,,
7/21/22,1658361600,2.15503E+22,21550.25312,0.33," $7,111.58 ",July,2022,,,,,,,,,
7/22/22,1658448000,8.23414E+21,8234.140389,0.32," $2,634.92 ",July,2022,,,,,,,,,
7/23/22,1658534400,1.01128E+22,10112.81138,0.34," $3,438.36 ",July,2022,,,,,,,,,
7/24/22,1658620800,9.7443E+21,9744.303103,0.36," $3,507.95 ",July,2022,,,,,,,,,
7/25/22,1658707200,1.02998E+22,10299.76715,0.3," $3,089.93 ",July,2022,,,,,,,,,
7/26/22,1658793600,1.03927E+22,10392.65109,0.3," $3,117.80 ",July,2022,,,,,,,,,
7/27/22,1658880000,1.44813E+22,14481.33088,0.33," $4,778.84 ",July,2022,,,,,,,,,
7/28/22,1658966400,1.72784E+22,17278.38159,0.34," $5,874.65 ",July,2022,,,,,,,,,
7/29/22,1659052800,1.33403E+22,13340.30899,0.33," $4,402.30 ",July,2022,,,,,,,,,
7/30/22,1659139200,1.16555E+22,11655.52526,0.33," $3,846.32 ",July,2022,,,,,,,,,
7/31/22,1659225600,9.61861E+21,9618.608458,0.33," $3,174.14 ",July,2022,,,,,,,,,
8/1/22,1659312000,8.87123E+21,8871.232092,0.34," $3,016.22 ",August,2022,,,,,,,,,
8/2/22,1659398400,8.1492E+21,8149.203138,0.33," $2,689.24 ",August,2022,,,,,,,,,
8/3/22,1659484800,5.54294E+21,5542.940278,0.34," $1,884.60 ",August,2022,,,,,,,,,
8/4/22,1659571200,1.34829E+22,13482.94045,0.37," $4,988.69 ",August,2022,,,,,,,,,
8/5/22,1659657600,1.0594E+22,10593.96425,0.38," $4,025.71 ",August,2022,,,,,,,,,
8/6/22,1659744000,4.49525E+21,4495.254405,0.37," $1,663.24 ",August,2022,,,,,,,,,
8/7/22,1659830400,5.89226E+21,5892.261745,0.37," $2,180.14 ",August,2022,,,,,,,,,
8/8/22,1659916800,1.01917E+22,10191.69942,0.38," $3,872.85 ",August,2022,,,,,,,,,
8/9/22,1660003200,7.78358E+21,7783.583599,0.37," $2,879.93 ",August,2022,,,,,,,,,
8/10/22,1660089600,1.51348E+22,15134.81404,0.41," $6,205.27 ",August,2022,,,,,,,,,
8/11/22,1660176000,5.59505E+21,5595.052003,0.39," $2,182.07 ",August,2022,,,,,,,,,
8/12/22,1660262400,3.31564E+21,3315.642542,0.4," $1,326.26 ",August,2022,,,,,,,,,
8/13/22,1660348800,3.3327E+21,3332.696844,0.4," $1,333.08 ",August,2022,,,,,,,,,
8/14/22,1660435200,3.28698E+21,3286.981901,0.39," $1,281.92 ",August,2022,,,,,,,,,
8/15/22,1660521600,6.24809E+21,6248.094285,0.37," $2,311.79 ",August,2022,,,,,,,,,
8/16/22,1660608000,4.91605E+21,4916.050581,0.37," $1,818.94 ",August,2022,,,,,,,,,
8/17/22,1660694400,7.54195E+21,7541.952121,0.35," $2,639.68 ",August,2022,,,,,,,,,
8/18/22,1660780800,1.07504E+22,10750.36431,0.33," $3,547.62 ",August,2022,,,,,,,,,
8/19/22,1660867200,2.60147E+22,26014.73192,0.3," $7,804.42 ",August,2022,,,,,,,,,
8/20/22,1660953600,5.68326E+21,5683.256091,0.3," $1,704.98 ",August,2022,,,,,,,,,
8/21/22,1661040000,2.54931E+21,2549.314218,0.31, $790.29 ,August,2022,,,,,,,,,
8/22/22,1661126400,4.69678E+21,4696.782162,0.3," $1,409.03 ",August,2022,,,,,,,,,
8/23/22,1661212800,4.23193E+21,4231.929366,0.31," $1,311.90 ",August,2022,,,,,,,,,
8/24/22,1661299200,6.36265E+21,6362.649101,0.3," $1,908.79 ",August,2022,,,,,,,,,
8/25/22,1661385600,5.14226E+21,5142.263254,0.31," $1,594.10 ",August,2022,,,,,,,,,
8/26/22,1661472000,1.58947E+22,15894.66356,0.27," $4,291.56 ",August,2022,,,,,,,,,
8/27/22,1661558400,4.09148E+22,40914.76548,0.27," $11,046.99 ",August,2022,,,,,,,,,
8/28/22,1661644800,4.37574E+22,43757.36793,0.26," $11,376.92 ",August,2022,,,,,,,,,
8/29/22,1661731200,1.69611E+22,16961.13542,0.28," $4,749.12 ",August,2022,,,,,,,,,
8/30/22,1661817600,9.70371E+21,9703.705409,0.27," $2,620.00 ",August,2022,,,,,,,,,
8/31/22,1661904000,8.74952E+21,8749.523953,0.27," $2,362.37 ",August,2022,,,,,,,,,
9/1/22,1661990400,5.53193E+21,5531.929304,0.27," $1,493.62 ",September,2022,,,,,,,,,
9/2/22,1662076800,5.11891E+21,5118.911617,0.27," $1,382.11 ",September,2022,,,,,,,,,
9/3/22,1662163200,5.99352E+21,5993.523584,0.27," $1,618.25 ",September,2022,,,,,,,,,
9/4/22,1662249600,3.32246E+21,3322.464913,0.27, $897.07 ,September,2022,,,,,,,,,
9/5/22,1662336000,5.77849E+21,5778.489941,0.26," $1,502.41 ",September,2022,,,,,,,,,
9/6/22,1662422400,1.71681E+22,17168.07274,0.24," $4,120.34 ",September,2022,,,,,,,,,
9/7/22,1662508800,1.55235E+22,15523.47626,0.25," $3,880.87 ",September,2022,,,,,,,,,
9/8/22,1662595200,6.44596E+21,6445.961564,0.25," $1,611.49 ",September,2022,,,,,,,,,
9/9/22,1662681600,1.92739E+22,19273.87718,0.27," $5,203.95 ",September,2022,,,,,,,,,
9/10/22,1662768000,6.92E+21,6920.004346,0.27," $1,868.40 ",September,2022,,,,,,,,,
9/11/22,1662854400,5.39089E+21,5390.886093,0.27," $1,455.54 ",September,2022,,,,,,,,,
9/12/22,1662940800,1.17065E+22,11706.46015,0.27," $3,160.74 ",September,2022,,,,,,,,,
9/13/22,1663027200,2.50788E+22,25078.75986,0.25," $6,269.69 ",September,2022,,,,,,,,,
9/14/22,1663113600,6.94528E+21,6945.281194,0.25," $1,736.32 ",September,2022,,,,,,,,,
9/15/22,1663200000,9.94471E+21,9944.708303,0.24," $2,386.73 ",September,2022,,,,,,,,,
9/16/22,1663286400,1.26278E+22,12627.75583,0.25," $3,156.94 ",September,2022,,,,,,,,,
9/17/22,1663372800,2.54677E+21,2546.773001,0.25, $636.69 ,September,2022,,,,,,,,,
9/18/22,1663459200,7.1467E+22,71467.01058,0.22," $15,722.74 ",September,2022,,,,,,,,,
9/19/22,1663545600,6.8059E+22,68059.01905,0.23," $15,653.57 ",September,2022,,,,,,,,,
9/20/22,1663632000,4.78274E+21,4782.736632,0.23," $1,100.03 ",September,2022,,,,,,,,,
9/21/22,1663718400,8.77095E+22,87709.48108,0.22," $19,296.09 ",September,2022,,,,,,,,,
,,,,0.23, $-   ,January,1900,,,,,,,,,
,,,,0.23, $-   ,January,1900,,,,,,,,,
,,,,0.23, $-   ,January,1900,,,,,,,,,
,,,,0.22, $-   ,January,1900,,,,,,,,,