9/24/20,UnixTimeStamp,Gas Used nAvax,Month,Year,Transactions,Gas Used Avax,Price AVAX,Gas used in USD,BurntFees(Avax),Burn Fees in USD,Priority Fees,,,,,
9/25/20,1600905600,21000,September,2020,1,0.000021,4.59,0.00009639,0.00987,0.0453033,0.009849,,,,,
9/26/20,1600992000,3511500,September,2020,6,0.0035115,4.72,0.01657428,1.650405,7.7899116,1.6468935,,,,,
9/27/20,1601078400,0,September,2020,0,0,4.52,0,0,0,0,,,Row Labels,Sum of BurntFees(Avax),Sum of Burn Fees in USD
9/28/20,1601164800,1795974,September,2020,1,0.001795974,4.65,0.008351279,0.84410778,3.925101177,0.842311806,,,2020,429.8585321," $1,480.84 "
9/29/20,1601251200,276676,September,2020,1,0.000276676,4.21,0.001164806,0.13003772,0.547458801,0.129761044,,,January,39.4704308, $129.07 
9/30/20,1601337600,1626227,September,2020,14,0.001626227,4.14,0.00673258,0.76432669,3.164312497,0.762700463,,,September,3.39874719, $15.47 
10/1/20,1601424000,28139201,October,2020,31,0.028139201,4.33,0.12184274,13.22542447,57.26608796,13.19728527,,,October,117.1573834, $489.42 
10/2/20,1601510400,172652124,October,2020,113,0.172652124,4.16,0.718232836,84.48474268,351.4565295,84.31209056,,,November,24.77218987, $88.07 
10/3/20,1601596800,2377205,October,2020,7,0.002377205,3.91,0.009294872,1.11728635,4.368589629,1.114909145,,,December,245.0597809, $758.82 
10/4/20,1601683200,21000,October,2020,1,0.000021,4.02,0.00008442,0.00987,0.0396774,0.009849,,,2021,592378.0881," $40,908,987.18 "
10/5/20,1601769600,692910,October,2020,8,0.00069291,3.97,0.002750853,0.3256677,1.292900769,0.32497479,,,January,3852.013272," $299,076.00 "
10/6/20,1601856000,0,October,2020,0,0,3.99,0,0,0,0,,,February,15810.79736," $552,023.06 "
10/7/20,1601942400,638170,October,2020,4,0.00063817,3.54,0.002259122,0.2999399,1.061787246,0.29930173,,,March,29070.07356," $856,943.49 "
10/8/20,1602028800,2245236,October,2020,25,0.002245236,3.45,0.007746064,1.05526092,3.640650174,1.053015684,,,April,18479.18337," $534,409.10 "
10/9/20,1602115200,5346021,October,2020,24,0.005346021,3.92,0.020956402,2.58758263,10.14332391,2.582236609,,,May,37994.84537," $1,183,876.47 "
10/10/20,1602201600,0,October,2020,0,0,4.25,0,0,0,0,,,June,19714.37017," $278,259.02 "
10/11/20,1602288000,0,October,2020,0,0,4.03,0,0,0,0,,,July,16843.90859," $198,723.69 "
10/12/20,1602374400,1403975,October,2020,2,0.001403975,4.1,0.005756298,0.65986825,2.705459825,0.658464275,,,August,65712.10933," $2,472,664.99 "
10/13/20,1602460800,235129,October,2020,3,0.000235129,4.42,0.00103927,0.11051063,0.488456985,0.110275501,,,September,81731.85306," $4,574,359.25 "
10/14/20,1602547200,13649677,October,2020,20,0.013649677,4.48,0.061150553,6.41660819,28.74640469,6.402958513,,,October,49321.97791," $3,079,546.05 "
10/15/20,1602633600,623410,October,2020,10,0.00062341,4.16,0.002593386,0.2930027,1.218891232,0.29237929,,,November,127561.7539," $13,877,289.60 "
10/16/20,1602720000,1760553,October,2020,10,0.001760553,4.13,0.007271084,0.82745991,3.417409428,0.825699357,,,December,126285.2022," $13,001,816.46 "
10/17/20,1602806400,203459,October,2020,3,0.000203459,4.05,0.000824009,0.09562573,0.387284207,0.095422271,,,2022,1366246.972," $92,558,283.49 "
10/18/20,1602892800,3749511,October,2020,31,0.003749511,4.21,0.015785441,1.76227017,7.419157416,1.758520659,,,January,133997.3345," $10,810,997.44 "
10/19/20,1602979200,517608,October,2020,2,0.000517608,4.13,0.002137721,0.24327576,1.004728889,0.242758152,,,February,205751.2043," $16,549,136.16 "
10/20/20,1603065600,756364,October,2020,6,0.000756364,4.06,0.003070838,0.35549108,1.443293785,0.354734716,,,March,293524.1611," $23,838,122.00 "
10/21/20,1603152000,657894,October,2020,9,0.000657894,3.81,0.002506576,0.30921018,1.178090786,0.308552286,,,April,346247.0199," $27,746,475.38 "
10/22/20,1603238400,267885,October,2020,5,0.000267885,3.96,0.001060825,0.12590595,0.498587562,0.125638065,,,May,232909.4568," $10,423,489.68 "
10/23/20,1603324800,94022,October,2020,2,0.000094022,4.34,0.000408055,0.04419034,0.191786076,0.044096318,,,June,55126.62556," $1,057,924.35 "
10/24/20,1603411200,2600852,October,2020,14,0.002600852,4.24,0.011027612,1.22240044,5.182977866,1.219799588,,,July,39683.45864," $817,359.97 "
10/25/20,1603497600,0,October,2020,0,0,4.19,0,0,0,0,,,August,35712.16115," $872,520.03 "
10/26/20,1603584000,0,October,2020,0,0,4.15,0,0,0,0,,,September,23295.54979," $442,258.48 "
10/27/20,1603670400,0,October,2020,0,0,4.15,0,0,0,0,,,(blank),1549.493365," $25,628.62 "
10/28/20,1603756800,550160,October,2020,8,0.00055016,4.12,0.002266659,0.2585752,1.065329824,0.25802504,,,(blank),1549.493365," $25,628.62 "
10/29/20,1603843200,1447082,October,2020,12,0.001447082,4.06,0.005875153,0.68012854,2.761321872,0.678681458,,,Grand Total,1960604.412," $133,494,380.13 "
10/30/20,1603929600,1024480,October,2020,14,0.00102448,3.78,0.003872534,0.5930366,2.241678348,0.59201212,,,,,
10/31/20,1604016000,112898,October,2020,3,0.000112898,3.73,0.00042111,0.05404906,0.201602994,0.053936162,,,,,
11/1/20,1604102400,0,November,2020,0,0,3.64,0,0,0,0,,,,,
11/2/20,1604188800,290855,November,2020,3,0.000290855,3.68,0.001070346,0.13670185,0.503062808,0.136410995,,,,,
11/3/20,1604275200,1750992,November,2020,25,0.001750992,3.62,0.006338591,0.82569624,2.989020389,0.823945248,,,,,
11/4/20,1604361600,1959433,November,2020,10,0.001959433,3.34,0.006544506,0.92366351,3.085036123,0.921704077,,,,,
11/5/20,1604448000,331585,November,2020,2,0.000331585,3.17,0.001051124,0.15584495,0.494028492,0.155513365,,,,,
11/6/20,1604534400,411385,November,2020,6,0.000411385,3.35,0.00137814,0.19335095,0.647725683,0.192939565,,,,,
11/7/20,1604620800,400413,November,2020,3,0.000400413,3.6,0.001441487,0.18819411,0.677498796,0.187793697,,,,,
11/8/20,1604707200,0,November,2020,0,0,3.41,0,0,0,0,,,,,
11/9/20,1604793600,313272,November,2020,3,0.000313272,3.47,0.001087054,0.14723784,0.510915305,0.146924568,,,,,
11/10/20,1604880000,5267526,November,2020,11,0.005267526,3.41,0.017962264,2.47573722,8.44226392,2.470469694,,,,,
11/11/20,1604966400,1700089,November,2020,22,0.001700089,3.58,0.006086319,0.79904183,2.860569751,0.797341741,,,,,
11/12/20,1605052800,929100,November,2020,10,0.0009291,3.49,0.003242559,0.437307,1.52620143,0.4363779,,,,,
11/13/20,1605139200,10360300,November,2020,20,0.0103603,3.43,0.035535829,4.869341,16.70183963,4.8589807,,,,,
11/14/20,1605225600,6315650,November,2020,25,0.00631565,3.69,0.023304749,2.97027544,10.96031637,2.96395979,,,,,
11/15/20,1605312000,377625,November,2020,4,0.000377625,3.5,0.001321688,0.17748375,0.621193125,0.177106125,,,,,
11/16/20,1605398400,0,November,2020,0,0,3.55,0,0,0,0,,,,,
11/17/20,1605484800,424790,November,2020,4,0.00042479,3.71,0.001575971,0.1996513,0.740706323,0.19922651,,,,,
11/18/20,1605571200,533899,November,2020,7,0.000533899,3.85,0.002055511,0.25093253,0.966090241,0.250398631,,,,,
11/19/20,1605657600,45121,November,2020,2,0.000045121,3.75,0.000169204,0.02122787,0.079604513,0.021182749,,,,,
11/20/20,1605744000,179010,November,2020,3,0.00017901,3.64,0.000651596,0.0841347,0.306250308,0.08395569,,,,,
11/21/20,1605830400,427350,November,2020,5,0.00042735,3.71,0.001585469,0.2021145,0.749844795,0.20168715,,,,,
11/22/20,1605916800,0,November,2020,0,0,4.02,0,0,0,0,,,,,
11/23/20,1606003200,0,November,2020,0,0,3.89,0,0,0,0,,,,,
11/24/20,1606089600,63777,November,2020,2,0.000063777,4.08,0.00026021,0.02997519,0.122298775,0.029911413,,,,,
11/25/20,1606176000,0,November,2020,0,0,4.26,0,0,0,0,,,,,
11/26/20,1606262400,0,November,2020,0,0,4.06,0,0,0,0,,,,,
11/27/20,1606348800,3956304,November,2020,7,0.003956304,3.54,0.014005316,1.85946288,6.582498595,1.855506576,,,,,
11/28/20,1606435200,0,November,2020,0,0,3.59,0,0,0,0,,,,,
11/29/20,1606521600,16055403,November,2020,60,0.016055403,3.64,0.058441667,7.54603941,27.46758345,7.529984007,,,,,
11/30/20,1606608000,593140,November,2020,4,0.00059314,3.7,0.002194618,0.2787758,1.03147046,0.27818266,,,,,
12/1/20,1606694400,0,December,2020,0,0,3.69,0,0,0,0,,,,,
12/2/20,1606780800,0,December,2020,0,0,3.57,0,0,0,0,,,,,
12/3/20,1606867200,0,December,2020,0,0,3.75,0,0,0,0,,,,,
12/4/20,1606953600,0,December,2020,0,0,3.82,0,0,0,0,,,,,
12/5/20,1607040000,0,December,2020,0,0,3.54,0,0,0,0,,,,,
12/6/20,1607126400,369282,December,2020,2,0.000369282,3.64,0.001344186,0.17356254,0.631767646,0.173193258,,,,,
12/7/20,1607212800,1684400,December,2020,17,0.0016844,3.6,0.00606384,0.79346533,2.856475188,0.79178093,,,,,
12/8/20,1607299200,1729747,December,2020,54,0.001729747,3.39,0.005863842,0.81298109,2.756005895,0.811251343,,,,,
12/9/20,1607385600,1293509,December,2020,11,0.001293509,3.12,0.004035748,0.60794923,1.896801598,0.606655721,,,,,
12/10/20,1607472000,5576834,December,2020,45,0.005576834,3.25,0.018124711,2.62111198,8.518613935,2.615535146,,,,,
12/11/20,1607558400,323373,December,2020,3,0.000323373,3.14,0.001015391,0.15198531,0.477233873,0.151661937,,,,,
12/12/20,1607644800,1645804,December,2020,2,0.001645804,3.24,0.005332405,0.77352788,2.506230331,0.771882076,,,,,
12/13/20,1607731200,0,December,2020,0,0,3.34,0,0,0,0,,,,,
12/14/20,1607817600,311567,December,2020,3,0.000311567,3.35,0.001043749,0.14643649,0.490562242,0.146124923,,,,,
12/15/20,1607904000,131808,December,2020,2,0.000131808,3.14,0.000413877,0.06194976,0.194522246,0.061817952,,,,,
12/16/20,1607990400,0,December,2020,0,0,3.3,0,0,0,0,,,,,
12/17/20,1608076800,1199387,December,2020,22,0.001199387,3.34,0.004005953,0.56371189,1.882797713,0.562512503,,,,,
12/18/20,1608163200,43641,December,2020,1,0.000043641,3.21,0.000140088,0.02051127,0.065841177,0.020467629,,,,,
12/19/20,1608249600,7216602,December,2020,51,0.007216602,3.41,0.024608613,3.39180294,11.56604803,3.384586338,,,,,
12/20/20,1608336000,6077074,December,2020,157,0.006077074,3.46,0.021026676,2.85622478,9.882537739,2.850147706,,,,,
12/21/20,1608422400,122974826,December,2020,3817,0.122974826,3.31,0.407046674,57.79816822,191.3119368,57.67519339,,,,,
12/22/20,1608508800,137676132,December,2020,4279,0.137676132,3.09,0.425419248,64.70778204,199.9470465,64.57010591,,,,,
12/23/20,1608595200,41490748,December,2020,1297,0.041490748,3.08,0.127791504,19.50317156,60.0697684,19.46168081,,,,,
12/24/20,1608681600,63000,December,2020,3,0.000063,2.95,0.00018585,0.02961,0.0873495,0.029547,,,,,
12/25/20,1608768000,42000,December,2020,2,0.000042,3.1,0.0001302,0.02037,0.063147,0.020328,,,,,
12/26/20,1608854400,0,December,2020,0,0,2.95,0,0,0,0,,,,,
12/27/20,1608940800,0,December,2020,0,0,2.92,0,0,0,0,,,,,
12/28/20,1609027200,21000,December,2020,1,0.000021,2.9,0.0000609,0.00987,0.028623,0.009849,,,,,
12/29/20,1609113600,17605147,December,2020,549,0.017605147,2.96,0.052111235,8.27672909,24.49911811,8.259123943,,,,,
12/30/20,1609200000,86211349,December,2020,2689,0.086211349,2.93,0.252599253,40.51933403,118.7216487,40.43312268,,,,,
12/31/20,1609286400,87701118,December,2020,2729,0.087701118,2.92,0.256087265,41.21952546,120.3610143,41.13182434,,,,,
1/1/21,1609372800,83979640,January,2020,2605,0.08397964,3.27,0.274613423,39.4704308,129.0683087,39.38645116,,,,,
1/2/21,1609459200,78480585,January,2021,1846,0.078480585,3.74,0.293517388,36.88671495,137.9563139,36.80823437,,,,,
1/3/21,1609545600,4408395,January,2021,11,0.004408395,3.5,0.015429383,2.07194565,7.251809775,2.067537255,,,,,
1/4/21,1609632000,5687741,January,2021,39,0.005687741,3.49,0.019850216,2.67323827,9.329601562,2.667550529,,,,,
1/5/21,1609718400,12565978,January,2021,16,0.012565978,3.61,0.045363181,5.90600966,21.32069487,5.893443682,,,,,
1/6/21,1609804800,21000,January,2021,1,0.000021,4.26,0.00008946,0.00987,0.0420462,0.009849,,,,,
1/7/21,1609891200,19052369,January,2021,41,0.019052369,4.59,0.087450374,8.95461343,41.10167564,8.935561061,,,,,
1/8/21,1609977600,5905284,January,2021,40,0.005905284,4.48,0.026455672,2.9065968,13.02155366,2.900691516,,,,,
1/9/21,1610064000,177613201,January,2021,4283,0.177613201,5.79,1.028380434,84.31554278,488.1869927,84.13792958,,,,,
1/10/21,1610150400,9585469,January,2021,295,0.009585469,7.22,0.069207086,4.50517043,32.5273305,4.495584961,,,,,
1/11/21,1610236800,203171,January,2021,3,0.000203171,6.56,0.001332802,0.09549037,0.626416827,0.095287199,,,,,
1/12/21,1610323200,53026081,January,2021,1638,0.053026081,6.47,0.343078744,24.92225807,161.2470097,24.86923199,,,,,
1/13/21,1610409600,19543886,January,2021,366,0.019543886,7.74,0.151269678,9.19154842,71.14258477,9.172004534,,,,,
1/14/21,1610496000,411208,January,2021,6,0.000411208,8.48,0.003487044,0.19326776,1.638910605,0.192856552,,,,,
1/15/21,1610582400,1451634,January,2021,14,0.001451634,9.41,0.013659876,0.68226798,6.420141692,0.680816346,,,,,
1/16/21,1610668800,5036139,January,2021,14,0.005036139,9.38,0.047238984,2.36698533,22.2023224,2.361949191,,,,,
1/17/21,1610755200,4502314,January,2021,35,0.004502314,12.84,0.057809712,2.11608758,27.17056453,2.111585266,,,,,
1/18/21,1610841600,4863213,January,2021,15,0.004863213,13.18,0.064097147,2.291084826,30.19649801,2.286221613,,,,,
1/19/21,1610928000,1131438,January,2021,19,0.001131438,12.7,0.014369263,0.53177586,6.753553422,0.530644422,,,,,
1/20/21,1611014400,16801364,January,2021,22,0.016801364,11.75,0.197416027,7.89664108,92.78553269,7.879839716,,,,,
1/21/21,1611100800,6962416,January,2021,20,0.006962416,12.39,0.086264334,3.27233552,40.54423709,3.265373104,,,,,
1/22/21,1611187200,367727,January,2021,8,0.000367727,11.34,0.004170024,0.17351734,1.967686636,0.173149613,,,,,
1/23/21,1611273600,6545727,January,2021,32,0.006545727,12.74,0.083392562,3.07794069,39.21296439,3.071394963,,,,,
1/24/21,1611360000,504000,January,2021,24,0.000504,12.89,0.00649656,0.23856,3.0750384,0.238056,,,,,
1/25/21,1611446400,126000,January,2021,6,0.000126,12.5,0.001575,0.059325,0.7415625,0.059199,,,,,
1/26/21,1611532800,650285997,January,2021,1014,0.650285997,12.19,7.926986303,306.0823724,3731.14412,305.4320864,,,,,
1/27/21,1611619200,373118388,January,2021,588,0.373118388,12.2,4.552044334,175.3656424,2139.460837,174.992524,,,,,
1/28/21,1611705600,40058618,January,2021,123,0.040058618,11.18,0.447855349,18.82827439,210.5001077,18.78821577,,,,,
1/29/21,1611792000,43148787,January,2021,126,0.043148787,12,0.517785444,20.33748848,244.0498618,20.2943397,,,,,
1/30/21,1611878400,1055954171,January,2021,1787,1.055954171,11.63,12.28074701,496.3008015,5771.978322,495.2448474,,,,,
1/31/21,1611964800,42524172,January,2021,231,0.042524172,12.06,0.512841514,20.80855354,250.9511556,20.76602936,,,,,
2/1/21,1612051200,7292112,February,2021,121,0.007292112,13.5,0.098443512,3.955236953,53.39569886,3.947944841,,,,,
2/2/21,1612137600,39275553,February,2021,91,0.039275553,13.22,0.519222811,18.61285258,246.0619111,18.57357703,,,,,
2/3/21,1612224000,145846126,February,2021,369,0.145846126,13.49,1.96746424,70.34949971,949.014751,70.20365358,,,,,
2/4/21,1612310400,614487289,February,2021,5986,0.614487289,14.86,9.131281115,307.2371095,4565.543448,306.6226222,,,,,
2/5/21,1612396800,422941996,February,2021,4386,0.422941996,15.31,6.475241959,205.6964864,3149.213206,205.2735444,,,,,
2/6/21,1612483200,306240419,February,2021,3173,0.306240419,17.93,5.490890713,148.9112089,2669.977976,148.6049685,,,,,
2/7/21,1612569600,247331503,February,2021,2629,0.247331503,18.05,4.464333629,120.470969,2174.50099,120.2236375,,,,,
2/8/21,1612656000,277090779,February,2021,2824,0.277090779,23.81,6.597531448,134.1930068,3195.135491,133.915916,,,,,
2/9/21,1612742400,314770690,February,2021,3166,0.31477069,30.22,9.512370252,150.6362684,4552.228031,150.3214977,,,,,
2/10/21,1612828800,3744062530,February,2021,15913,3.74406253,31.74,118.8365447,1764.976188,56020.34422,1761.232126,,,,,
2/11/21,1612915200,2371225451,February,2021,27292,2.371225451,54.81,129.966867,1124.357787,61626.05032,1121.986562,,,,,
2/12/21,1613001600,44969160,February,2021,667,0.04496916,46.95,2.111302062,21.41243882,1005.314002,21.36746966,,,,,
2/13/21,1613088000,925342210,February,2021,9225,0.92534221,48.53,44.90685745,437.7245493,21242.77238,436.7992071,,,,,
2/14/21,1613174400,889706929,February,2021,9248,0.889706929,42.96,38.22180967,422.9489307,18169.88606,422.0592238,,,,,
2/15/21,1613260800,938379202,February,2021,9706,0.938379202,38.18,35.82731793,444.8220734,16983.30676,443.8836942,,,,,
2/16/21,1613347200,1580968815,February,2021,17431,1.580968815,37.94,59.98195684,747.2434634,28350.417,745.6624946,,,,,
2/17/21,1613433600,1317667664,February,2021,14872,1.317667664,36.14,47.62050938,624.4848705,22568.88322,623.1672029,,,,,
2/18/21,1613520000,2226360187,February,2021,24535,2.226360187,36.89,82.1304273,1052.220259,38816.40534,1049.993898,,,,,
2/19/21,1613606400,2794285197,February,2021,29914,2.794285197,41.08,114.7892359,1319.304869,54197.04402,1316.510584,,,,,
2/20/21,1613692800,2250144280,February,2021,23590,2.25014428,38.8,87.30559806,1064.365343,41297.37531,1062.115199,,,,,
2/21/21,1613779200,1885704826,February,2021,20400,1.885704826,35.91,67.7156603,894.003002,32103.6478,892.1172972,,,,,
2/22/21,1613865600,1441372425,February,2021,16425,1.441372425,36.19,52.16326806,684.3008501,24764.84777,682.8594777,,,,,
2/23/21,1613952000,1470497678,February,2021,15299,1.470497678,32.24,47.40884514,697.5488504,22488.97494,696.0783528,,,,,
2/24/21,1614038400,1137764629,February,2021,11682,1.137764629,27.55,31.34541553,538.5560713,14837.21977,537.4183067,,,,,
2/25/21,1614124800,1220760520,February,2021,14016,1.22076052,29.93,36.53736236,578.3276945,17309.3479,577.1069339,,,,,
2/26/21,1614211200,2095370130,February,2021,24652,2.09537013,26.74,56.03019728,994.1503173,26583.57949,992.0549472,,,,,
2/27/21,1614297600,1303122831,February,2021,15351,1.303122831,25.97,33.84209992,615.6424554,15988.23457,614.3393326,,,,,
2/28/21,1614384000,1315335873,February,2021,15961,1.315335873,25.81,33.94881888,624.3447071,16114.33689,623.0293712,,,,,
3/1/21,1614470400,1379841471,March,2021,17546,1.379841471,24.01,33.12999372,651.3474615,15638.85255,649.96762,,,,,
3/2/21,1614556800,1405223346,March,2021,16275,1.405223346,27.48,38.61553755,664.5476958,18261.77068,663.1424725,,,,,
3/3/21,1614643200,1463666228,March,2021,17223,1.463666228,27.16,39.75317475,691.8886532,18791.69582,690.4249869,,,,,
3/4/21,1614729600,2597776231,March,2021,27579,2.597776231,27.24,70.76342453,1225.725171,33388.75365,1223.127395,,,,,
3/5/21,1614816000,2637147752,March,2021,25625,2.637147752,25.76,67.93292609,1243.277816,32026.83655,1240.640669,,,,,
3/6/21,1614902400,1225698012,March,2021,11818,1.225698012,24.32,29.80897565,578.6101443,14071.79871,577.3844463,,,,,
3/7/21,1614988800,990033753,March,2021,10104,0.990033753,24.92,24.67164112,466.9108574,11635.41857,465.9208237,,,,,
3/8/21,1615075200,1146676516,March,2021,11878,1.146676516,26.68,30.59332945,542.7354433,14480.18163,541.5887668,,,,,
3/9/21,1615161600,1213173060,March,2021,13951,1.21317306,25.66,31.13002072,571.9980857,14677.47088,570.7849126,,,,,
3/10/21,1615248000,2005771339,March,2021,21101,2.005771339,34.4,68.99853406,946.2946983,32552.53762,944.288927,,,,,
3/11/21,1615334400,1637695373,March,2021,16366,1.637695373,29.62,48.50853695,772.718474,22887.9212,771.0807786,,,,,
3/12/21,1615420800,1554312541,March,2021,14526,1.554312541,30.81,47.88836939,732.4826491,22567.79042,730.9283366,,,,,
3/13/21,1615507200,1645013160,March,2021,15436,1.64501316,27.99,46.04391835,775.8849176,21717.01884,774.2399044,,,,,
3/14/21,1615593600,1477537520,March,2021,14114,1.47753752,30.88,45.62635862,697.8634637,21550.02376,696.3859261,,,,,
3/15/21,1615680000,1764208686,March,2021,16349,1.764208686,28.92,51.0209152,831.2536242,24039.85481,829.4894155,,,,,
3/16/21,1615766400,1828342883,March,2021,16746,1.828342883,28.94,52.91224303,861.3067025,24926.21597,859.4783596,,,,,
3/17/21,1615852800,2036578439,March,2021,18170,2.036578439,33.08,67.37001476,959.9190745,31754.12299,957.8824961,,,,,
3/18/21,1615939200,1816764893,March,2021,16103,1.816764893,32.68,59.3718767,854.8850824,27937.64449,853.0683175,,,,,
3/19/21,1616025600,2054505263,March,2021,17480,2.054505263,33.2,68.20957473,968.0632873,32139.70114,966.008782,,,,,
3/20/21,1616112000,2529671442,March,2021,23842,2.529671442,37.32,94.40733822,1198.570884,44730.66539,1196.041212,,,,,
3/21/21,1616198400,2479479940,March,2021,22371,2.47947994,34.21,84.82300875,1170.439108,40040.7219,1167.959628,,,,,
3/22/21,1616284800,1594410342,March,2021,13914,1.594410342,32.82,52.32854742,752.275376,24689.67784,750.6809657,,,,,
3/23/21,1616371200,2647538745,March,2021,19565,2.647538745,29.2,77.30813135,1245.678902,36373.82395,1243.031364,,,,,
3/24/21,1616457600,1933467173,March,2021,16711,1.933467173,28.46,55.02647574,909.8102279,25893.19909,907.8767608,,,,,
3/25/21,1616544000,1187808250,March,2021,11741,1.18780825,25.87,30.72859943,559.0567404,14462.79787,557.8689322,,,,,
3/26/21,1616630400,1028325706,March,2021,9599,1.028325706,25.81,26.54108647,483.8930812,12489.28043,482.8647555,,,,,
3/27/21,1616716800,945192216,March,2021,9313,0.945192216,28.28,26.73003587,445.3791443,12595.3222,444.433952,,,,,
3/28/21,1616803200,1035859921,March,2021,11313,1.035859921,27.67,28.66224401,487.4722974,13488.35847,486.4364375,,,,,
3/29/21,1616889600,8518283603,March,2021,80139,8.518283603,28.73,244.7302879,4006.928292,115119.0498,3998.410008,,,,,
3/30/21,1616976000,3544497090,March,2021,26437,3.54449709,29.53,104.6689991,1668.342903,49266.16592,1664.798406,,,,,
3/31/21,1617062400,2347320640,March,2021,18650,2.34732064,29.65,69.59805698,1104.513298,32748.81927,1102.165977,,,,,
4/1/21,1617148800,2258692150,April,2021,15183,2.25869215,28.74,64.91481239,691.3038146,19868.07163,689.0451225,,,,,
4/2/21,1617235200,6359078603,April,2021,45381,6.359078603,28.25,179.6439705,1499.89534,42372.04337,1493.536262,,,,,
4/3/21,1617321600,3947217173,April,2021,26810,3.947217173,29.03,114.5877145,900.0299811,26127.87035,896.0827639,,,,,
4/4/21,1617408000,2955906891,April,2021,19502,2.955906891,28.17,83.26789712,674.4572798,18999.46157,671.5013729,,,,,
4/5/21,1617494400,2378175929,April,2021,17071,2.378175929,29.19,69.41895537,543.337458,15860.0204,540.959282,,,,,
4/6/21,1617580800,3356631298,April,2021,23584,3.356631298,31.29,105.0289933,763.3879994,23886.4105,760.0313681,,,,,
4/7/21,1617667200,3173840673,April,2021,21920,3.173840673,31.54,100.1029348,730.01494,23024.67121,726.8410994,,,,,
4/8/21,1617753600,2834198242,April,2021,17951,2.834198242,29.5,83.60884814,652.4514556,19247.31794,649.6172573,,,,,
4/9/21,1617840000,2706138389,April,2021,17127,2.706138389,30.76,83.24081685,619.2087087,19046.85988,616.5025704,,,,,
4/10/21,1617926400,2038758124,April,2021,13700,2.038758124,31.48,64.18010574,467.9222806,14730.19339,465.8835225,,,,,
4/11/21,1618012800,1835011630,April,2021,12455,1.83501163,31.81,58.37171995,418.875568,13324.43182,417.0405564,,,,,
4/12/21,1618099200,1326105590,April,2021,9668,1.32610559,31.59,41.89167559,304.178644,9609.003365,302.8525384,,,,,
4/13/21,1618185600,1840851117,April,2021,12942,1.840851117,33.81,62.23917627,423.0474776,14303.23522,421.2066265,,,,,
4/14/21,1618272000,1522699519,April,2021,10703,1.522699519,33.67,51.2692928,348.9881401,11750.43068,347.4654405,,,,,
4/15/21,1618358400,2219084998,April,2021,15514,2.219084998,38.39,85.19067307,509.8303445,19572.38693,507.6112595,,,,,
4/16/21,1618444800,1896279019,April,2021,12826,1.896279019,37.03,70.21921207,441.2640922,16340.00933,439.3678131,,,,,
4/17/21,1618531200,1482139777,April,2021,9437,1.482139777,35.52,52.64560488,344.8432936,12248.83379,343.3611539,,,,,
4/18/21,1618617600,1529143436,April,2021,9787,1.529143436,33.98,51.96029396,350.8561503,11922.09199,349.3270069,,,,,
4/19/21,1618704000,2264678755,April,2021,14453,2.264678755,29.35,66.46832146,520.0816971,15264.39781,517.8170184,,,,,
4/20/21,1618790400,2693836116,April,2021,16993,2.693836116,26.2,70.57850624,638.7308957,16734.74947,636.0370596,,,,,
4/21/21,1618876800,4386256820,April,2021,31353,4.38625682,27.44,120.3588871,1000.952199,27466.12835,996.5659425,,,,,
4/22/21,1618963200,4295705747,April,2021,27505,4.295705747,25.81,110.8721653,971.965383,25086.42654,967.6696772,,,,,
4/23/21,1619049600,3913748659,April,2021,22141,3.913748659,23.99,93.89083033,886.8229116,21274.88165,882.909163,,,,,
4/24/21,1619136000,3074876830,April,2021,18371,3.07487683,23.59,72.53634442,697.833636,16461.89547,694.7587592,,,,,
4/25/21,1619222400,2023033501,April,2021,12530,2.023033501,21.83,44.16282133,458.5182186,10009.45271,456.4951851,,,,,
4/26/21,1619308800,2012273821,April,2021,13035,2.012273821,21.63,43.52548275,457.9763709,9906.028902,455.9640971,,,,,
4/27/21,1619395200,2044158975,April,2021,13404,2.044158975,26.45,54.06800489,464.639388,12289.71181,462.5952291,,,,,
4/28/21,1619481600,1797739156,April,2021,11859,1.797739156,27.96,50.2647868,408.2667042,11415.13705,406.4689651,,,,,
4/29/21,1619568000,2834427904,April,2021,20301,2.834427904,28.31,80.24265396,643.880155,18228.24719,641.0457271,,,,,
4/30/21,1619654400,2848292422,April,2021,21479,2.848292422,27.94,79.58129027,645.6228388,18038.70212,642.7745464,,,,,
5/1/21,1619740800,6344464870,May,2021,50587,6.34446487,32.86,208.4791156,1469.703151,48294.44554,1463.358686,,,,,
5/2/21,1619827200,9937622151,May,2021,78515,9.937622151,31.86,316.6126417,2252.870339,71776.44901,2242.932717,,,,,
5/3/21,1619913600,6422066150,May,2021,44524,6.42206615,31.3,201.0106705,1469.21183,45986.33029,1462.789764,,,,,
5/4/21,1620000000,8515679242,May,2021,61887,8.515679242,35.88,305.5425712,1926.774397,69132.66538,1918.258718,,,,,
5/5/21,1620086400,6017013528,May,2021,42169,6.017013528,30.43,183.0977217,1361.734661,41437.58574,1355.717648,,,,,
5/6/21,1620172800,5512293026,May,2021,37221,5.512293026,35.36,194.9146814,1246.266288,44067.97595,1240.753995,,,,,
5/7/21,1620259200,6521542518,May,2021,44401,6.521542518,38.04,248.0794774,1473.912485,56067.63093,1467.390942,,,,,
5/8/21,1620345600,7698404502,May,2021,51089,7.698404502,37.95,292.1544509,1738.179305,65963.90464,1730.480901,,,,,
5/9/21,1620432000,6417007655,May,2021,41435,6.417007655,38.45,246.7339443,1448.233754,55684.58784,1441.816746,,,,,
5/10/21,1620518400,6027758329,May,2021,37241,6.027758329,38.96,234.8414645,1364.432188,53158.27803,1358.404429,,,,,
5/11/21,1620604800,6079740410,May,2021,38548,6.07974041,34.69,210.9061948,1383.506651,47993.84573,1377.426911,,,,,
5/12/21,1620691200,5432121688,May,2021,36341,5.432121688,36.85,200.1736842,1229.727516,45315.45896,1224.295394,,,,,
5/13/21,1620777600,6010510057,May,2021,41909,6.010510057,32.55,195.6421024,1364.365329,44410.09145,1358.354819,,,,,
5/14/21,1620864000,5908367968,May,2021,47253,5.908367968,35.07,207.2064646,1364.382839,47848.90617,1358.474471,,,,,
5/15/21,1620950400,7803581490,May,2021,67672,7.80358149,37,288.7325151,1987.539675,73538.96798,1979.736094,,,,,
5/16/21,1621036800,5539391478,May,2021,37970,5.539391478,34.46,190.8874303,1258.895286,43381.53155,1253.355894,,,,,
5/17/21,1621123200,5497699986,May,2021,38919,5.497699986,36.32,199.6764635,1247.516033,45309.78233,1242.018333,,,,,
5/18/21,1621209600,6075138843,May,2021,42967,6.075138843,33.67,204.5499248,1401.666243,47194.1024,1395.591104,,,,,
5/19/21,1621296000,4800693741,May,2021,33201,4.800693741,36.9,177.145599,1094.446736,40385.08455,1089.646042,,,,,
5/20/21,1621382400,6107379944,May,2021,45798,6.107379944,23.23,141.8744361,1419.228282,32968.67298,1413.120902,,,,,
5/21/21,1621468800,4391960909,May,2021,30093,4.391960909,25.1,110.2382188,1015.368537,25485.75027,1010.976576,,,,,
5/22/21,1621555200,3896101158,May,2021,26659,3.896101158,21.85,85.1298103,893.3113381,19518.85274,889.4152369,,,,,
5/23/21,1621641600,3203037952,May,2021,21138,3.203037952,18.82,60.28117426,732.5325229,13786.26208,729.329485,,,,,
5/24/21,1621728000,4372546835,May,2021,31358,4.372546835,15.7,68.64898531,1021.648435,16039.88043,1017.275888,,,,,
5/25/21,1621814400,3855962638,May,2021,27424,3.855962638,19.42,74.88279443,886.6079999,17217.92736,882.7520372,,,,,
5/26/21,1621900800,3525323106,May,2021,24008,3.525323106,19.47,68.63804087,803.292854,15640.11187,799.7675309,,,,,
5/27/21,1621987200,2917199071,May,2021,19253,2.917199071,20.85,60.82360063,662.0336644,13803.4019,659.1164654,,,,,
5/28/21,1622073600,2769939449,May,2021,17068,2.769939449,19.08,52.85044469,630.0301049,12020.9744,627.2601654,,,,,
5/29/21,1622160000,2936452415,May,2021,18801,2.936452415,16.7,49.03875533,671.4273704,11212.83709,668.490918,,,,,
5/30/21,1622246400,2728296029,May,2021,20417,2.728296029,16.19,44.17111271,619.5969488,10031.2746,616.8686528,,,,,
5/31/21,1622332800,2461251724,May,2021,15742,2.461251724,16.54,40.70910351,556.4026054,9202.899093,553.9413536,,,,,
6/1/21,1622419200,2791460675,June,2021,18147,2.791460675,18.16,50.69292586,638.9156349,11602.70793,636.1241742,,,,,
6/2/21,1622505600,4409448590,June,2021,41936,4.40944859,17.76,78.31180696,995.5370116,17680.73733,991.127563,,,,,
6/3/21,1622592000,3208346971,June,2021,22680,3.208346971,18.68,59.93192142,724.2900861,13529.73881,721.0817392,,,,,
6/4/21,1622678400,2948277838,June,2021,19950,2.948277838,20.26,59.732109,669.0860048,13555.68246,666.137727,,,,,
6/5/21,1622764800,2568031031,June,2021,16740,2.568031031,18.27,46.91792694,581.5713453,10625.30848,579.0033143,,,,,
6/6/21,1622851200,2212774731,June,2021,13231,2.212774731,17.24,38.14823636,502.4065697,8661.489262,500.193795,,,,,
6/7/21,1622937600,1938086040,June,2021,11699,1.93808604,17.37,33.66455451,441.0046139,7660.250143,439.0665279,,,,,
6/8/21,1623024000,2672544273,June,2021,16760,2.672544273,15.54,41.531338,607.3603229,9438.379418,604.6877787,,,,,
6/9/21,1623110400,2426438644,June,2021,15318,2.426438644,14.81,35.93555632,550.8754583,8158.465537,548.4490196,,,,,
6/10/21,1623196800,2338980643,June,2021,15043,2.338980643,15.4,36.0203019,530.6249098,8171.623611,528.2859291,,,,,
6/11/21,1623283200,2284442262,June,2021,14377,2.284442262,14.2,32.43908012,518.7866095,7366.769855,516.5021673,,,,,
6/12/21,1623369600,2269229213,June,2021,14073,2.269229213,13.42,30.45305604,514.2664446,6901.455686,511.9972153,,,,,
6/13/21,1623456000,2022537639,June,2021,11668,2.022537639,13.53,27.36493426,461.3441456,6241.98629,459.321608,,,,,
6/14/21,1623542400,2235088981,June,2021,13797,2.235088981,14.75,32.96756247,511.8726485,7550.121565,509.6375595,,,,,
6/15/21,1623628800,2995629341,June,2021,18871,2.995629341,15.11,45.26395934,677.8712951,10242.63527,674.8756657,,,,,
6/16/21,1623715200,2522747740,June,2021,16171,2.52274774,14.72,37.13484673,573.389616,8440.295147,570.8668683,,,,,
6/17/21,1623801600,2920120606,June,2021,17053,2.920120606,14.07,41.08609693,673.4922195,9476.035528,670.5720989,,,,,
6/18/21,1623888000,2878865375,June,2021,15773,2.878865375,14.85,42.75115082,652.0201595,9682.499369,649.1412942,,,,,
6/19/21,1623974400,2183495580,June,2021,12031,2.18349558,13.64,29.78287971,498.833105,6804.083552,496.6496094,,,,,
6/20/21,1624060800,1955253516,June,2021,11076,1.955253516,13.38,26.16129204,442.9450794,5926.605162,440.9898259,,,,,
6/21/21,1624147200,2914244059,June,2021,13357,2.914244059,13.93,40.59541974,664.5498529,9257.179451,661.6356089,,,,,
6/22/21,1624233600,2841693054,June,2021,14760,2.841693054,11.21,31.85537914,647.3232324,7256.493435,644.4815394,,,,,
6/23/21,1624320000,2700560076,June,2021,15754,2.700560076,10.55,28.4909088,621.1832046,6553.482809,618.4826445,,,,,
6/24/21,1624406400,2734437493,June,2021,15662,2.734437493,11.46,31.33665367,620.3269194,7108.946497,617.5924819,,,,,
6/25/21,1624492800,2842192568,June,2021,16287,2.842192568,11.49,32.65679261,644.2143346,7402.022704,641.372142,,,,,
6/26/21,1624579200,4234995927,June,2021,23287,4.234995927,10.25,43.40870825,957.6092413,9815.494724,953.3742454,,,,,
6/27/21,1624665600,3453605663,June,2021,19345,3.453605663,10.33,35.6757465,783.5823226,8094.405392,780.1287169,,,,,
6/28/21,1624752000,2683573075,June,2021,15217,2.683573075,10.95,29.38512517,611.5085763,6696.01891,608.8250032,,,,,
6/29/21,1624838400,1624103294,June,2021,10211,1.624103294,11.32,18.38484929,368.404981,4170.344385,366.7808777,,,,,
6/30/21,1624924800,8993977791,June,2021,15125,8.993977791,11.92,107.2082153,2029.174229,24187.75681,2020.180251,,,,,
7/1/21,1625011200,2719338144,July,2021,10941,2.719338144,11.96,32.5232842,614.6099677,7350.735213,611.8906295,,,,,
7/2/21,1625097600,1469189491,July,2021,8753,1.469189491,11.2,16.4549223,333.4042188,3734.127251,331.9350293,,,,,
7/3/21,1625184000,1876535829,July,2021,10651,1.876535829,11.13,20.88584378,423.9982474,4719.100493,422.1217116,,,,,
7/4/21,1625270400,3258297096,July,2021,21250,3.258297096,11.51,37.50299957,737.5797317,8489.542712,734.3214346,,,,,
7/5/21,1625356800,2204389863,July,2021,13649,2.204389863,12.35,27.22421481,498.0739369,6151.213121,495.8695471,,,,,
7/6/21,1625443200,2321168486,July,2021,14026,2.321168486,12.04,27.94686857,526.1067777,6334.325603,523.7856092,,,,,
7/7/21,1625529600,2580334631,July,2021,15887,2.580334631,13.37,34.49907402,590.9261816,7900.683049,588.345847,,,,,
7/8/21,1625616000,6112602863,July,2021,19041,6.112602863,13.11,80.13622353,1379.862905,18090.00268,1373.750302,,,,,
7/9/21,1625702400,3843212494,July,2021,14435,3.843212494,12.1,46.50287118,867.4476092,10496.11607,863.6043967,,,,,
7/10/21,1625788800,2848010836,July,2021,13503,2.848010836,12.54,35.71405588,643.1347911,8064.91028,640.2867802,,,,,
7/11/21,1625875200,1911793178,July,2021,9630,1.911793178,12.03,22.99887193,431.8928895,5195.671461,429.9810963,,,,,
7/12/21,1625961600,2042168727,July,2021,10474,2.042168727,12.44,25.40457896,462.3731997,5751.922604,460.3310309,,,,,
7/13/21,1626048000,2510900673,July,2021,13173,2.510900673,12.16,30.53255218,568.5702604,6913.814367,566.0593598,,,,,
7/14/21,1626134400,2285548559,July,2021,11403,2.285548559,11.91,27.22088334,517.2768262,6160.767,514.9912776,,,,,
7/15/21,1626220800,2563862132,July,2021,12225,2.563862132,11.79,30.22793454,578.9669875,6826.020783,576.4031254,,,,,
7/16/21,1626307200,2236249989,July,2021,12461,2.236249989,11.39,25.47088737,505.3295037,5755.703048,503.0932537,,,,,
7/17/21,1626393600,2418665057,July,2021,13388,2.418665057,10.81,26.14576927,545.6573446,5898.555895,543.2386796,,,,,
7/18/21,1626480000,2085531555,July,2021,10736,2.085531555,10.96,22.85742584,470.6355246,5158.16535,468.549993,,,,,
7/19/21,1626566400,1809658510,July,2021,10081,1.80965851,10.7,19.36334606,409.1718515,4378.138811,407.362193,,,,,
7/20/21,1626652800,1948670964,July,2021,11218,1.948670964,10.19,19.85695712,440.0376159,4483.983306,438.0889449,,,,,
7/21/21,1626739200,1947564867,July,2021,11366,1.947564867,9.64,18.77452532,441.0475985,4251.698849,439.1000336,,,,,
7/22/21,1626825600,2060066914,July,2021,11965,2.060066914,10.43,21.48649791,466.5629478,4866.251546,464.5028809,,,,,
7/23/21,1626912000,1817226009,July,2021,10089,1.817226009,10.83,19.68055768,409.9351637,4439.597823,408.1179377,,,,,
7/24/21,1626998400,2020841422,July,2021,10782,2.020841422,11.08,22.39092296,457.2504808,5066.335328,455.2296394,,,,,
7/25/21,1627084800,1808715916,July,2021,9372,1.808715916,11.16,20.18526962,408.4148712,4557.909963,406.6061553,,,,,
7/26/21,1627171200,1683256502,July,2021,9225,1.683256502,11.25,18.93663565,380.3276767,4278.686363,378.6444202,,,,,
7/27/21,1627257600,2602351167,July,2021,15755,2.602351167,11.46,29.82294437,588.6334077,6745.738852,586.0310565,,,,,
7/28/21,1627344000,2183042872,July,2021,12834,2.183042872,11.94,26.06553189,492.3643657,5878.830526,490.1813228,,,,,
7/29/21,1627430400,2360532146,July,2021,13546,2.360532146,12.32,29.08175604,532.6020948,6561.657808,530.2415626,,,,,
7/30/21,1627516800,2699027393,July,2021,18600,2.699027393,12.42,33.52192022,609.7744798,7573.399039,607.0754524,,,,,
7/31/21,1627603200,2261207530,July,2021,16742,2.26120753,12.99,29.37308581,511.9391339,6650.08935,509.6779264,,,,,
8/1/21,1627689600,1728835160,August,2021,11131,1.72883516,13.55,23.42571642,389.9058198,5283.223858,388.1769846,,,,,
8/2/21,1627776000,1931939210,August,2021,12568,1.93193921,12.85,24.82541885,436.1727345,5604.819639,434.2407953,,,,,
8/3/21,1627862400,2143899249,August,2021,12851,2.143899249,12.98,27.82781225,486.2486225,6311.50712,484.1047233,,,,,
8/4/21,1627948800,2058570565,August,2021,12456,2.058570565,12.56,25.8556463,465.0918585,5841.553743,463.0332879,,,,,
8/5/21,1628035200,1845465263,August,2021,11002,1.845465263,13.7,25.2828741,416.8222367,5710.464643,414.9767715,,,,,
8/6/21,1628121600,1774762631,August,2021,10640,1.774762631,13.85,24.58046244,401.0098809,5553.98685,399.2351182,,,,,
8/7/21,1628208000,2187172268,August,2021,12983,2.187172268,14.77,32.3045344,494.2293433,7299.767401,492.042171,,,,,
8/8/21,1628294400,1934720656,August,2021,11402,1.934720656,15.85,30.6653224,436.2454636,6914.490598,434.310743,,,,,
8/9/21,1628380800,1597882524,August,2021,9513,1.597882524,14.83,23.69659783,360.5351538,5346.736331,358.9372713,,,,,
8/10/21,1628467200,2338954376,August,2021,13495,2.338954376,16.19,37.86767135,527.2878877,8536.790902,524.9489333,,,,,
8/11/21,1628553600,6245133239,August,2021,26077,6.245133239,16.44,102.6699904,1406.534033,23123.4195,1400.288899,,,,,
8/12/21,1628640000,19282268189,August,2021,37938,19.28226819,16.71,322.2067015,4339.563009,72514.09789,4320.280741,,,,,
8/13/21,1628726400,9641421005,August,2021,18069,9.641421005,16.59,159.9511745,2169.567696,35993.12807,2159.926275,,,,,
8/14/21,1628812800,5191258662,August,2021,17154,5.191258662,18.05,93.70221885,1168.66796,21094.45667,1163.476701,,,,,
8/15/21,1628899200,3280054943,August,2021,13380,3.280054943,18.04,59.17219117,738.2702259,13318.39487,734.9901709,,,,,
8/16/21,1628985600,2841745516,August,2021,12489,2.841745516,18.77,53.33956334,639.6632131,12006.47851,636.8214676,,,,,
8/17/21,1629072000,4333047947,August,2021,23271,4.333047947,19.08,82.67455483,983.2662048,18760.71919,978.9331569,,,,,
8/18/21,1629158400,5737115556,August,2021,34237,5.737115556,23.42,134.3632463,1292.882869,30279.3168,1287.145754,,,,,
8/19/21,1629244800,6752455126,August,2021,41500,6.752455126,30,202.5736538,1520.591738,45617.75214,1513.839283,,,,,
8/20/21,1629331200,12445030318,August,2021,84427,12.44503032,30.69,381.9379805,2811.905856,86297.39073,2799.460826,,,,,
8/21/21,1629417600,13710003896,August,2021,91288,13.7100039,39.12,536.3353526,3090.048123,120882.6826,3076.338119,,,,,
8/22/21,1629504000,23466159842,August,2021,169718,23.46615984,43.81,1028.052463,5292.884793,231881.2828,5269.418633,,,,,
8/23/21,1629590400,13814069764,August,2021,102298,13.81406976,43.73,604.0892706,3114.984003,136218.2505,3101.169933,,,,,
8/24/21,1629676800,18866592155,August,2021,134848,18.86659216,46.48,876.9192036,4254.351012,197742.2351,4235.48442,,,,,
8/25/21,1629763200,22183893426,August,2021,157854,22.18389343,55.56,1232.537119,4214.527577,234159.1522,4192.343684,,,,,
8/26/21,1629849600,31278144786,August,2021,217288,31.27814479,46.27,1447.239759,4351.445349,201341.3763,4320.167204,,,,,
8/27/21,1629936000,29857507786,August,2021,184544,29.85750779,41.37,1235.205097,4031.126408,166767.6995,4001.2689,,,,,
8/28/21,1630022400,34565683373,August,2021,229933,34.56568337,50.17,1734.160335,5678.16659,284873.6178,5643.600907,,,,,
8/29/21,1630108800,28778986910,August,2021,188017,28.77898691,50.19,1444.417353,4202.030369,210899.9042,4173.251382,,,,,
8/30/21,1630195200,25536276295,August,2021,160770,25.5362763,47.44,1211.440948,3008.218855,142709.9025,2982.682578,,,,,
8/31/21,1630281600,23977550368,August,2021,160024,23.97755037,41.4,992.6705853,2989.864448,123780.3881,2965.886897,,,,,
9/1/21,1630368000,18108767978,September,2021,115195,18.10876798,39.51,715.4774229,2208.573116,87260.72379,2190.464348,,,,,
9/2/21,1630454400,17690351363,September,2021,116300,17.69035136,42.49,751.6630293,2002.256549,85075.88076,1984.566197,,,,,
9/3/21,1630540800,23616859688,September,2021,151844,23.61685969,47.66,1125.579533,3190.856548,152076.2231,3167.239689,,,,,
9/4/21,1630627200,19161539910,September,2021,118303,19.16153991,45.89,879.3230665,2075.182036,95230.10363,2056.020496,,,,,
9/5/21,1630713600,16790443189,September,2021,96303,16.79044319,47.21,792.676823,1726.967134,81530.11838,1710.17669,,,,,
9/6/21,1630800000,14739170664,September,2021,84631,14.73917066,48.18,710.1332424,1463.556959,70514.17429,1448.817788,,,,,
9/7/21,1630886400,20139283727,September,2021,131288,20.13928373,47.1,948.5602637,2121.771538,99935.43943,2101.632254,,,,,
9/8/21,1630972800,21793523532,September,2021,130402,21.79352353,37.85,824.8848656,3182.332177,120451.2729,3160.538654,,,,,
9/9/21,1631059200,19496521784,September,2021,125793,19.49652178,37.03,721.9562015,2248.853283,83275.03708,2229.356761,,,,,
9/10/21,1631145600,24448732826,September,2021,131821,24.44873283,40.76,996.5303502,3391.252622,138227.4569,3366.803889,,,,,
9/11/21,1631232000,34016271393,September,2021,169551,34.01627139,49.34,1678.36283,5669.897387,279752.7371,5635.881116,,,,,
9/12/21,1631318400,31509781394,September,2021,186079,31.50978139,57.09,1798.89342,4461.480987,254705.9496,4429.971206,,,,,
9/13/21,1631404800,31900479230,September,2021,215451,31.90047923,59.17,1887.551356,4576.889276,270814.5385,4544.988797,,,,,
9/14/21,1631491200,24760139615,September,2021,154903,24.76013962,53.19,1316.991826,3121.969193,166057.5414,3097.209054,,,,,
9/15/21,1631577600,22633416910,September,2021,144660,22.63341691,51.51,1165.847305,2505.393539,129052.8212,2482.760122,,,,,
9/16/21,1631664000,32913948882,September,2021,192639,32.91394888,57.92,1906.375919,4311.468043,249720.2291,4278.554094,,,,,
9/17/21,1631750400,30619740031,September,2021,195978,30.61974003,67.59,2069.588229,4067.345112,274911.8561,4036.725371,,,,,
9/18/21,1631836800,24748456258,September,2021,160848,24.74845626,70.1,1734.866784,2715.235886,190338.0356,2690.48743,,,,,
9/19/21,1631923200,25767467310,September,2021,168389,25.76746731,69.04,1778.985943,2822.446363,194861.6969,2796.678896,,,,,
9/20/21,1632009600,25152009985,September,2021,173133,25.15200999,70.07,1762.40134,2667.669884,186923.6288,2642.517874,,,,,
9/21/21,1632096000,40851887729,September,2021,178091,40.85188773,57.22,2337.545016,6823.452928,390437.9765,6782.60104,,,,,
9/22/21,1632182400,24032421547,September,2021,154805,24.03242155,58.99,1417.672547,3104.899987,183158.0502,3080.867565,,,,,
9/23/21,1632268800,24725922636,September,2021,155478,24.72592264,74.08,1831.696349,2512.813002,186149.1872,2488.08708,,,,,
9/24/21,1632355200,34739684718,September,2021,212184,34.73968472,76.45,2655.848897,1627.672717,124435.5792,1592.933032,,,,,
9/25/21,1632441600,30798259138,September,2021,203846,30.79825914,72.41,2230.101944,1536.027413,111223.745,1505.229154,,,,,
9/26/21,1632528000,26250205300,September,2021,157700,26.2502053,68.4,1795.514043,1063.353422,72733.37409,1037.103217,,,,,
9/27/21,1632614400,24273743606,September,2021,146319,24.27374361,66.88,1623.427973,1046.731569,70005.40731,1022.457825,,,,,
9/28/21,1632700800,31887418305,September,2021,208186,31.88741831,66.4,2117.324576,1253.041507,83201.9561,1221.154089,,,,,
9/29/21,1632787200,27583871847,September,2021,172081,27.58387185,61.54,1697.511474,982.4016431,60456.99712,954.8177713,,,,,
9/30/21,1632873600,28132922915,September,2021,172188,28.13292292,65.47,1841.862464,1250.061237,81841.50922,1221.928315,,,,,
10/1/21,1632960000,28018498801,October,2021,170813,28.0184988,66.62,1866.59239,1152.708153,76793.41715,1124.689654,,,,,
10/2/21,1633046400,29953490170,October,2021,194298,29.95349017,67.72,2028.450354,1064.768288,72106.10845,1034.814798,,,,,
10/3/21,1633132800,30968136451,October,2021,161068,30.96813645,69.17,2142.065998,1035.88802,71652.37433,1004.919883,,,,,
10/4/21,1633219200,25735644579,October,2021,153561,25.73564458,68.73,1768.810852,1372.559894,94336.04152,1346.824249,,,,,
10/5/21,1633305600,44526346202,October,2021,251518,44.5263462,65.34,2909.351461,2091.297473,136645.3769,2046.771127,,,,,
10/6/21,1633392000,61043946703,October,2021,285422,61.0439467,64.64,3945.880715,6651.112178,429927.8912,6590.068231,,,,,
10/7/21,1633478400,42701810544,October,2021,229308,42.70181054,60.05,2564.243723,1556.728111,93481.52306,1514.0263,,,,,
10/8/21,1633564800,35630415317,October,2021,192434,35.63041532,61.49,2190.914238,1241.536454,76342.07654,1205.906038,,,,,
10/9/21,1633651200,38590203233,October,2021,219455,38.59020323,60.42,2331.620079,1294.160253,78193.16249,1255.57005,,,,,
10/10/21,1633737600,30125686076,October,2021,180294,30.12568608,60.57,1824.712806,952.8041287,57711.34608,922.6784427,,,,,
10/11/21,1633824000,36448332327,October,2021,230529,36.44833233,56.56,2061.517677,1413.019744,79920.39672,1376.571412,,,,,
10/12/21,1633910400,40522010346,October,2021,250070,40.52201035,55.3,2240.867172,1441.645727,79723.00869,1401.123716,,,,,
10/13/21,1633996800,41312430921,October,2021,244210,41.31243092,54.33,2244.504372,1611.36028,87545.20399,1570.047849,,,,,
10/14/21,1634083200,35730468937,October,2021,201622,35.73046894,54.99,1964.818487,1185.299958,65179.64469,1149.569489,,,,,
10/15/21,1634169600,31224475823,October,2021,176739,31.22447582,56.22,1755.440031,1041.615546,58559.62599,1010.39107,,,,,
10/16/21,1634256000,36741961666,October,2021,224402,36.74196167,56.36,2070.77696,1362.914079,76813.83751,1326.172118,,,,,
10/17/21,1634342400,30646637070,October,2021,182453,30.64663707,57.58,1764.633362,1011.992768,58270.54356,981.3461305,,,,,
10/18/21,1634428800,28061124712,October,2021,161121,28.06112471,56.08,1573.667874,930.4897907,52181.86746,902.428666,,,,,
10/19/21,1634515200,34826062108,October,2021,196489,34.82606211,55.53,1933.891229,1167.424058,64827.05792,1132.597996,,,,,
10/20/21,1634601600,31266701414,October,2021,188584,31.26670141,56.83,1776.886641,1028.078079,58425.67723,996.8113777,,,,,
10/21/21,1634688000,41191234436,October,2021,283279,41.19123444,59.63,2456.23331,1850.954771,110372.433,1809.763537,,,,,
10/22/21,1634774400,47418014723,October,2021,286179,47.41801472,61.53,2917.630446,1616.116363,99439.63983,1568.698349,,,,,
10/23/21,1634860800,63804840375,October,2021,420001,63.80484038,65.56,4183.045335,2444.461322,160258.8843,2380.656482,,,,,
10/24/21,1634947200,51061271590,October,2021,329813,51.06127159,65.42,3340.428387,1669.992999,109250.942,1618.931728,,,,,
10/25/21,1635033600,44895954380,October,2021,331435,44.89595438,64.61,2900.727612,1476.229358,95379.17881,1431.333404,,,,,
10/26/21,1635120000,52444754324,October,2021,360481,52.44475432,69.73,3656.972719,1730.845248,120691.8392,1678.400494,,,,,
10/27/21,1635206400,70816756042,October,2021,470623,70.81675604,68.89,4878.566324,2430.775963,167456.1561,2359.959207,,,,,
10/28/21,1635292800,48676304456,October,2021,314319,48.67630446,61.94,3015.010298,1764.121494,109269.6853,1715.445189,,,,,
10/29/21,1635379200,42348977249,October,2021,283370,42.34897725,64.46,2729.815074,1394.158827,89867.47797,1351.809849,,,,,
10/30/21,1635465600,40823160317,October,2021,277968,40.82316032,64.8,2645.340789,1250.904445,81058.60801,1210.081284,,,,,
10/31/21,1635552000,36348492955,October,2021,260017,36.34849296,62.49,2271.417325,1086.014141,67865.02367,1049.665648,,,,,
11/1/21,1635638400,42693900524,November,2021,287583,42.69390052,64.6,2758.025974,1288.687944,83249.24117,1245.994043,,,,,
11/2/21,1635724800,40975464925,November,2021,255203,40.97546493,65.1,2667.502767,1412.088601,91926.9679,1371.113136,,,,,
11/3/21,1635811200,44818083759,November,2021,279974,44.81808376,67.88,3042.251526,1371.400372,93090.65724,1326.582288,,,,,
11/4/21,1635897600,47687643822,November,2021,297357,47.68764382,76.39,3642.859111,1541.565312,117760.1742,1493.877668,,,,,
11/5/21,1635984000,48332221572,November,2021,304436,48.33222157,79.53,3843.861581,1686.733681,134145.9296,1638.401459,,,,,
11/6/21,1636070400,49827649964,November,2021,343850,49.82764996,74.26,3700.201286,1615.311552,119953.0358,1565.483902,,,,,
11/7/21,1636156800,53260450713,November,2021,382106,53.26045071,78.6,4186.271426,1746.850634,137302.4598,1693.590183,,,,,
11/8/21,1636243200,47456682851,November,2021,309120,47.45668285,87.88,4170.493289,1607.311865,141250.5667,1559.855182,,,,,
11/9/21,1636329600,85710900318,November,2021,556581,85.71090032,91.46,7839.118943,4555.173148,416616.1362,4469.462248,,,,,
11/10/21,1636416000,72383862827,November,2021,453806,72.38386283,88.79,6426.963181,2349.496969,208611.8358,2277.113106,,,,,
11/11/21,1636502400,71190635306,November,2021,466196,71.19063531,85.84,6111.004135,2777.292377,238402.7777,2706.101742,,,,,
11/12/21,1636588800,57217202774,November,2021,353876,57.21720277,88.52,5064.866789,1777.601366,157353.2729,1720.384163,,,,,
11/13/21,1636675200,55491978657,November,2021,329236,55.49197866,84.97,4715.153427,1774.563381,150784.6505,1719.071403,,,,,
11/14/21,1636761600,71528037987,November,2021,519992,71.52803799,97.62,6982.567069,5847.208333,570804.4774,5775.680295,,,,,
11/15/21,1636848000,61855860876,November,2021,393929,61.85586088,95.61,5914.038859,1916.939907,183278.6245,1855.084046,,,,,
11/16/21,1636934400,76524817257,November,2021,514023,76.52481726,93.62,7164.253392,2687.206061,251576.2315,2610.681244,,,,,
11/17/21,1637020800,72615531900,November,2021,459272,72.6155319,97.67,7092.359001,2973.995261,290470.1171,2901.379729,,,,,
11/18/21,1637107200,79375351327,November,2021,534001,79.37535133,107.99,8571.74419,4483.914072,484217.8806,4404.53872,,,,,
11/19/21,1637193600,92180114247,November,2021,664674,92.18011425,100.68,9280.693903,7707.995516,776040.9885,7615.815402,,,,,
11/20/21,1637280000,75484138229,November,2021,519677,75.48413823,112.3,8476.868723,2862.634035,321473.8021,2787.149896,,,,,
11/21/21,1637366400,83471588511,November,2021,587912,83.47158851,126,10517.42015,4230.07227,532989.1061,4146.600682,,,,,
11/22/21,1637452800,91608432980,November,2021,669756,91.60843298,128.87,11805.57876,6321.141223,814605.4694,6229.53279,,,,,
11/23/21,1637539200,93517950733,November,2021,610864,93.51795073,135.27,12650.1732,14276.81064,1931224.176,14183.29269,,,,,
11/24/21,1637625600,97725127036,November,2021,608527,97.72512704,123.88,12106.18874,10277.91322,1273227.89,10180.1881,,,,,
11/25/21,1637712000,92330735853,November,2021,603653,92.33073585,115.19,10635.57746,8379.724319,965260.4443,8287.393583,,,,,
11/26/21,1637798400,90238322996,November,2021,643920,90.238323,119.21,10757.31048,8785.662037,1047338.771,8695.423714,,,,,
11/27/21,1637884800,90619645949,November,2021,700988,90.61964595,104.33,9454.347662,11021.3903,1149861.65,10930.77066,,,,,
11/28/21,1637971200,74515474055,November,2021,516142,74.51547406,113.74,8475.39002,2623.840963,298435.6712,2549.325489,,,,,
11/29/21,1638057600,70907686086,November,2021,506723,70.90768609,110.63,7844.517312,2899.452476,320766.4274,2828.54479,,,,,
11/30/21,1638144000,73467785939,November,2021,541509,73.46778594,120.81,8875.643219,4761.776057,575270.1654,4688.308271,,,,,
12/1/21,1638230400,77187029683,December,2021,539943,77.18702968,121.01,9340.402462,2921.875951,353576.2088,2844.688921,,,,,
12/2/21,1638316800,78269306252,December,2021,549246,78.26930625,119.79,9375.880196,2853.119623,341775.1997,2774.850317,,,,,
12/3/21,1638403200,93035943157,December,2021,548172,93.03594316,107.89,10037.64791,4905.177558,529219.6068,4812.141615,,,,,
12/4/21,1638489600,1.01E+11,December,2021,627682,101.2713721,108.52,10989.9693,4065.868928,441228.0961,3964.597556,,,,,
12/5/21,1638576000,1.09E+11,December,2021,655752,108.7265135,93.05,10117.00208,6834.710287,635969.7922,6725.983773,,,,,
12/6/21,1638662400,79444090386,December,2021,493018,79.44409039,86.47,6869.530496,2831.549139,244844.0541,2752.105049,,,,,
12/7/21,1638748800,97514200416,December,2021,639438,97.51420042,93.27,9095.149473,3730.041301,347900.9521,3632.5271,,,,,
12/8/21,1638835200,93795122578,December,2021,615379,93.79512258,89.72,8415.298398,3172.52053,284638.5419,3078.725407,,,,,
12/9/21,1638921600,1.03E+11,December,2021,750855,103.0226647,93.2,9601.71235,3873.894903,361047.005,3770.872239,,,,,
12/10/21,1639008000,1.03E+11,December,2021,700843,102.9600333,85.48,8801.023646,3790.137836,323980.9822,3687.177802,,,,,
12/11/21,1639094400,1.04E+11,December,2021,668402,104.0158995,80.77,8401.364203,3623.865525,292699.6184,3519.849625,,,,,
12/12/21,1639180800,1.03E+11,December,2021,626314,103.400806,86.51,8945.203727,3336.37675,288629.9526,3232.975944,,,,,
12/13/21,1639267200,1.14E+11,December,2021,625384,114.0887916,88.08,10048.94076,3796.932399,334433.8057,3682.843608,,,,,
12/14/21,1639353600,1.32E+11,December,2021,722863,132.0757769,79.09,10445.8732,7255.11219,573806.8231,7123.036413,,,,,
12/15/21,1639440000,1.23E+11,December,2021,717077,122.9836874,87.22,10726.63722,4782.736357,417150.2651,4659.75267,,,,,
12/16/21,1639526400,1.13E+11,December,2021,731079,112.6280267,101.29,11408.09282,3961.547937,401265.1905,3848.91991,,,,,
12/17/21,1639612800,1.11E+11,December,2021,734852,111.2947413,98.29,10939.16012,3633.285273,357115.6095,3521.990532,,,,,
12/18/21,1639699200,1.15E+11,December,2021,756012,114.9835381,110.77,12736.72652,4186.413612,463729.0358,4071.430074,,,,,
12/19/21,1639785600,1.05E+11,December,2021,693769,105.3223687,115.96,12213.18187,3415.128099,396018.2543,3309.80573,,,,,
12/20/21,1639872000,1.00E+11,December,2021,645638,100.4179693,107.59,10803.96932,3162.203288,340221.4517,3061.785318,,,,,
12/21/21,1639958400,1.37E+11,December,2021,877021,136.7435449,113.53,15524.49465,7368.525716,836548.7246,7231.782171,,,,,
12/22/21,1640044800,1.31E+11,December,2021,893548,130.5320374,123.27,16090.68425,4929.826828,607699.7531,4799.294791,,,,,
12/23/21,1640131200,1.53E+11,December,2021,959720,152.6772135,116.68,17814.37727,8197.173009,956446.1467,8044.495796,,,,,
12/24/21,1640217600,1.26E+11,December,2021,827044,126.3037039,121.48,15343.37395,4282.526727,520241.3467,4156.223023,,,,,
12/25/21,1640304000,1.13E+11,December,2021,649323,113.0189565,114.93,12989.26867,3427.372992,393907.9779,3314.354035,,,,,
12/26/21,1640390400,78629695448,December,2021,496372,78.62969545,114.83,9029.047929,2383.92792,273746.443,2305.298224,,,,,
12/27/21,1640476800,82350830544,December,2021,556615,82.35083054,115.08,9476.933579,2679.868067,308399.2171,2597.517236,,,,,
12/28/21,1640563200,1.06E+11,December,2021,665344,106.4200009,113.9,12121.2381,3399.787441,387235.7895,3293.36744,,,,,
12/29/21,1640649600,1.05E+11,December,2021,696089,105.24974,107.05,11266.98467,3618.362651,387345.7218,3513.112911,,,,,
12/30/21,1640736000,89836599445,December,2021,601794,89.83659945,103.16,9267.543599,3017.153917,311249.5981,2927.317318,,,,,
12/31/21,1640822400,86813288022,December,2021,586505,86.81328802,101.73,8831.51579,2848.179487,289745.2992,2761.366199,,,,,
1/1/22,1640908800,78515180047,January,2021,558763,78.51518005,109.42,8591.131001,2608.951351,285471.4568,2530.436171,,,,,
1/2/22,1640995200,74122310135,January,2022,515658,74.12231014,114.3,8472.180049,2383.612865,272446.9505,2309.490555,,,,,
1/3/22,1641081600,91408374654,January,2022,675179,91.40837465,113.18,10345.59984,3025.590413,342436.3229,2934.182038,,,,,
1/4/22,1641168000,1.02E+11,January,2022,696446,101.69794,108.09,10992.53033,3773.049341,407828.9033,3671.351401,,,,,
1/5/22,1641254400,94937098144,January,2022,677192,94.93709814,103.3,9807.002238,3116.115126,321894.6925,3021.178028,,,,,
1/6/22,1641340800,1.01E+11,January,2022,728119,101.3854126,97.37,9871.897625,4107.413732,399938.8751,4006.028319,,,,,
1/7/22,1641427200,97134234141,January,2022,737200,97.13423414,95.17,9244.265063,3207.992833,305304.6779,3110.858599,,,,,
1/8/22,1641513600,1.13E+11,January,2022,894876,113.4935416,86.8,9851.239411,5418.532526,470328.6232,5305.038984,,,,,
1/9/22,1641600000,95369138112,January,2022,696913,95.36913811,83.91,8002.424379,3373.866043,283101.0997,3278.496905,,,,,
1/10/22,1641686400,85678118960,January,2022,626947,85.67811896,89.29,7650.199242,3082.256037,275214.6415,2996.577918,,,,,
1/11/22,1641772800,88572211998,January,2022,663005,88.572212,84.46,7480.809026,3289.616301,277840.9928,3201.044089,,,,,
1/12/22,1641859200,89561703169,January,2022,670971,89.56170317,89.64,8028.311072,3293.39708,295220.1143,3203.835377,,,,,
1/13/22,1641945600,89928796215,January,2022,685423,89.92879622,96.02,8634.963013,3330.562184,319800.5809,3240.633387,,,,,
1/14/22,1642032000,81319693932,January,2022,609509,81.31969393,89.76,7299.255727,3176.684391,285139.191,3095.364697,,,,,
1/15/22,1642118400,94694465261,January,2022,680696,94.69446526,90.4,8560.37966,3914.771387,353895.3334,3820.076921,,,,,
1/16/22,1642204800,96412054609,January,2022,726921,96.41205461,93.08,8974.034043,3718.449992,346113.3253,3622.037937,,,,,
1/17/22,1642291200,1.05E+11,January,2022,806896,105.2836844,92.32,9719.789744,4029.701937,372022.0829,3924.418253,,,,,
1/18/22,1642377600,1.24E+11,January,2022,1010496,123.573873,86.66,10708.91183,8903.370236,771566.0646,8779.796363,,,,,
1/19/22,1642464000,1.03E+11,January,2022,810977,102.5678012,86.02,8822.882259,3571.217492,307196.1286,3468.649691,,,,,
1/20/22,1642550400,1.03E+11,January,2022,811164,102.9570935,82.64,8508.374207,6165.987195,509557.1818,6063.030101,,,,,
1/21/22,1642636800,1.04E+11,January,2022,762659,103.6489258,79.42,8231.797687,3450.857602,274067.1108,3347.208676,,,,,
1/22/22,1642723200,1.17E+11,January,2022,812009,116.8504967,66.16,7730.828862,8448.930527,558981.2437,8332.08003,,,,,
1/23/22,1642809600,1.14E+11,January,2022,829590,113.8541905,59.84,6813.03476,5899.915306,353050.9319,5786.061116,,,,,
1/24/22,1642896000,96071828698,January,2022,718996,96.0718287,64.9,6235.061683,3513.507793,228026.6557,3417.435964,,,,,
1/25/22,1642982400,1.08E+11,January,2022,748197,107.6422096,63.09,6791.147004,4179.132208,263661.451,4071.489998,,,,,
1/26/22,1643068800,1.01E+11,January,2022,729935,101.0824072,68,6873.60369,5120.46065,348191.3242,5019.378243,,,,,
1/27/22,1643155200,1.23E+11,January,2022,943782,123.0630318,65.89,8108.623165,6502.656085,428460.0095,6379.593053,,,,,
1/28/22,1643241600,1.34E+11,January,2022,1100404,134.3149671,64.74,8695.55097,7197.846794,465988.6014,7063.531827,,,,,
1/29/22,1643328000,1.16E+11,January,2022,827066,116.1995903,67.07,7793.506521,3996.9611,268076.181,3880.76151,,,,,
1/30/22,1643414400,1.24E+11,January,2022,911356,124.0558592,71.96,8927.059628,5086.775372,366044.3558,4962.719513,,,,,
1/31/22,1643500800,1.13E+11,January,2022,831052,113.2051624,68.04,7702.47925,4755.73765,323580.3897,4642.532487,,,,,
2/1/22,1643587200,1.32E+11,February,2022,904472,132.2653246,69.91,9246.668843,11555.21169,807824.849,11422.94636,,,,,
2/2/22,1643673600,1.29E+11,February,2022,969814,128.6519043,73.37,9439.190218,4829.947393,354373.2402,4701.295489,,,,,
2/3/22,1643760000,1.22E+11,February,2022,920330,121.7248852,67.87,8261.467959,4946.358025,335709.3192,4824.63314,,,,,
2/4/22,1643846400,1.23E+11,February,2022,892769,123.3991731,68.47,8449.141382,4619.335006,316285.8679,4495.935833,,,,,
2/5/22,1643932800,1.26E+11,February,2022,938969,125.8209726,77.88,9798.937346,5610.435937,436940.7508,5484.614964,,,,,
2/6/22,1644019200,1.17E+11,February,2022,896925,117.4354603,77.1,9054.273989,4648.441013,358394.8021,4531.005553,,,,,
2/7/22,1644105600,1.26E+11,February,2022,983514,125.6128325,79.05,9929.694409,5553.047133,438968.3758,5427.4343,,,,,
2/8/22,1644192000,1.39E+11,February,2022,1070358,138.6974665,83.18,11536.85526,8545.780809,710838.0477,8407.083342,,,,,
2/9/22,1644278400,1.38E+11,February,2022,1081911,138.4015119,86.45,11964.8107,5813.542348,502580.736,5675.140836,,,,,
2/10/22,1644364800,1.31E+11,February,2022,1004574,131.0670158,90.18,11819.62348,6913.943685,623499.4415,6782.876669,,,,,
2/11/22,1644451200,1.52E+11,February,2022,1045208,151.5058498,91.18,13814.30338,12477.91049,1137735.878,12326.40464,,,,,
2/12/22,1644537600,1.42E+11,February,2022,1016129,142.3945661,81.81,11649.29945,7681.904937,628456.6429,7539.510371,,,,,
2/13/22,1644624000,1.30E+11,February,2022,1007360,130.0774665,81.31,10576.5988,5284.162667,429655.2665,5154.0852,,,,,
2/14/22,1644710400,1.22E+11,February,2022,877147,121.5334694,77.93,9471.10327,5132.503879,399976.0273,5010.970409,,,,,
2/15/22,1644796800,1.21E+11,February,2022,817097,121.2032815,81.89,9925.336722,6729.891188,551110.7894,6608.687906,,,,,
2/16/22,1644883200,1.35E+11,February,2022,946246,135.4285838,93.01,12596.21258,7340.4656,682736.7054,7205.037016,,,,,
2/17/22,1644969600,1.40E+11,February,2022,934818,140.3949686,95.41,13395.08395,6325.329046,603499.6443,6184.934077,,,,,
2/18/22,1645056000,1.40E+11,February,2022,954536,140.3753187,88.28,12392.33313,6673.69993,589154.2298,6533.324611,,,,,
2/19/22,1645142400,1.36E+11,February,2022,915502,136.2438081,83.76,11411.78137,6499.990634,544439.2155,6363.746826,,,,,
2/20/22,1645228800,1.38E+11,February,2022,942811,138.4738989,85.08,11781.35932,12768.18532,1086317.207,12629.71142,,,,,
2/21/22,1645315200,1.42E+11,February,2022,996667,142.2685289,77.38,11008.73877,7608.94747,588780.3552,7466.678941,,,,,
2/22/22,1645401600,1.44E+11,February,2022,1024820,144.0413451,70.1,10097.29829,7763.865093,544246.943,7619.823748,,,,,
2/23/22,1645488000,1.44E+11,February,2022,993342,143.5761784,74.43,10686.37496,10705.1043,796780.913,10561.52812,,,,,
2/24/22,1645574400,1.46E+11,February,2022,1027578,145.52878,73.49,10694.91004,6055.37611,445009.5903,5909.84733,,,,,
2/25/22,1645660800,1.45E+11,February,2022,1040061,145.3939362,76.5,11122.63612,10736.73727,821360.4011,10591.34333,,,,,
2/26/22,1645747200,1.43E+11,February,2022,1018962,142.9733775,81.05,11587.99225,8272.396741,670477.7558,8129.423363,,,,,
2/27/22,1645833600,1.34E+11,February,2022,976726,134.2182857,81.79,10977.71359,6469.251572,529120.0861,6335.033286,,,,,
2/28/22,1645920000,1.42E+11,February,2022,987886,141.587208,75.08,10630.36758,8189.439025,614863.082,8047.851817,,,,,
3/1/22,1646006400,1.50E+11,March,2022,1041081,150.0132487,84.61,12692.62097,10141.7921,858097.0296,9991.778852,,,,,
3/2/22,1646092800,1.50E+11,March,2022,1031112,150.1396166,86.85,13039.6257,12934.87948,1123394.283,12784.73987,,,,,
3/3/22,1646179200,1.51E+11,March,2022,1075955,150.7754804,83.39,12573.16731,9607.136031,801139.0736,9456.360551,,,,,
3/4/22,1646265600,1.50E+11,March,2022,1076987,150.0437946,78.61,11794.94269,8344.041048,655925.0668,8193.997254,,,,,
3/5/22,1646352000,1.49E+11,March,2022,1060451,148.8870007,75.56,11249.90177,12448.70824,940624.3946,12299.82124,,,,,
3/6/22,1646438400,1.47E+11,March,2022,1015134,147.3263962,76.67,11295.5148,7357.547292,564103.1509,7210.220896,,,,,
3/7/22,1646524800,1.45E+11,March,2022,1005864,144.6121294,72.46,10478.5949,7762.86377,562497.1088,7618.25164,,,,,
3/8/22,1646611200,1.44E+11,March,2022,787900,143.6811728,71.82,10319.18183,7598.446005,545720.3921,7454.764832,,,,,
3/9/22,1646697600,1.41E+11,March,2022,727287,141.4281966,72.98,10321.42979,6077.333998,443523.8352,5935.905801,,,,,
3/10/22,1646784000,1.42E+11,March,2022,755018,141.684915,77.61,10996.16625,6303.276964,489197.3252,6161.592049,,,,,
3/11/22,1646870400,1.43E+11,March,2022,747298,143.3538489,73.95,10601.01713,4923.93586,364125.0568,4780.582011,,,,,
3/12/22,1646956800,1.46E+11,March,2022,782101,145.6663924,71.2,10371.44714,8729.935572,621571.4127,8584.26918,,,,,
3/13/22,1647043200,1.45E+11,March,2022,776855,144.5306499,70.94,10253.0043,6547.7809,464499.577,6403.25025,,,,,
3/14/22,1647129600,1.53E+11,March,2022,786563,152.6966498,68.04,10389.48005,8788.620668,597977.7503,8635.924019,,,,,
3/15/22,1647216000,1.53E+11,March,2022,844881,152.9007809,69.02,10553.2119,11788.23511,813623.9876,11635.33433,,,,,
3/16/22,1647302400,1.54E+11,March,2022,861336,154.2088918,69.81,10765.32274,11943.09545,833747.4932,11788.88656,,,,,
3/17/22,1647388800,1.53E+11,March,2022,783542,152.7435412,74.12,11321.35127,9358.544957,693655.3522,9205.801416,,,,,
3/18/22,1647475200,1.53E+11,March,2022,818057,153.1956151,79.47,12174.45553,11579.6213,920232.505,11426.42569,,,,,
3/19/22,1647561600,1.53E+11,March,2022,812355,153.3865529,85.72,13148.29531,10154.96859,870483.9073,10001.58203,,,,,
3/20/22,1647648000,1.52E+11,March,2022,814821,152.4288764,89.58,13654.57875,8636.303984,773640.1109,8483.875108,,,,,
3/21/22,1647734400,1.54E+11,March,2022,774910,154.101632,84.75,13060.11331,9611.745311,814595.4151,9457.643679,,,,,
3/22/22,1647820800,1.54E+11,March,2022,821038,154.4838044,86.19,13314.9591,11280.12749,972234.1885,11125.64369,,,,,
3/23/22,1647907200,1.55E+11,March,2022,836793,154.6622313,83.98,12988.53418,11891.90727,998682.3726,11737.24504,,,,,
3/24/22,1647993600,1.54E+11,March,2022,833563,154.0194086,86.02,13248.74953,10921.46302,939464.2489,10767.44361,,,,,
3/25/22,1648080000,1.53E+11,March,2022,845987,153.3759779,87.57,13431.13438,9268.017865,811600.3245,9114.641887,,,,,
3/26/22,1648166400,1.54E+11,March,2022,835494,153.8063038,83.58,12855.13087,10111.93396,845155.4405,9958.127658,,,,,
3/27/22,1648252800,1.52E+11,March,2022,811421,151.7044945,86.02,13049.62062,5997.887854,515938.3132,5846.183359,,,,,
3/28/22,1648339200,1.45E+11,March,2022,807265,145.2759595,89.98,13071.93084,6378.205321,573910.9148,6232.929362,,,,,
3/29/22,1648425600,1.55E+11,March,2022,870360,154.675809,89.59,13857.40573,13187.31917,1181451.924,13032.64336,,,,,
3/30/22,1648512000,1.55E+11,March,2022,871975,154.5296033,92.88,14352.70955,12488.40974,1159923.497,12333.88014,,,,,
3/31/22,1648598400,1.54E+11,March,2022,878014,153.8043836,95.72,14722.1556,11360.07678,1087386.549,11206.2724,,,,,
4/1/22,1648684800,1.54E+11,April,2022,882523,154.2301526,97.33,15011.22075,11374.83305,1107112.501,11220.6029,,,,,
4/2/22,1648771200,1.54E+11,April,2022,868382,153.9208318,96.86,14908.77177,10171.64555,985225.5884,10017.72472,,,,,
4/3/22,1648857600,1.54E+11,April,2022,887146,153.7927917,96.18,14791.79071,9675.151559,930556.0769,9521.358767,,,,,
4/4/22,1648944000,1.53E+11,April,2022,859396,153.2542241,98.03,15023.51159,9674.672486,948408.1438,9521.418262,,,,,
4/5/22,1649030400,1.56E+11,April,2022,851939,155.5045108,96.06,14937.76331,12339.49727,1185332.107,12183.99276,,,,,
4/6/22,1649116800,1.54E+11,April,2022,846619,154.4736804,91,14057.10492,10055.84589,915081.9764,9901.372215,,,,,
4/7/22,1649203200,1.55E+11,April,2022,849517,154.9012526,82.94,12847.50989,11479.63148,952120.6353,11324.73023,,,,,
4/8/22,1649289600,1.56E+11,April,2022,842319,156.3501989,87.66,13705.65844,12711.64948,1114303.193,12555.29928,,,,,
4/9/22,1649376000,1.56E+11,April,2022,856125,156.1330405,83.75,13076.14214,11758.92657,984810.1001,11602.79353,,,,,
4/10/22,1649462400,1.55E+11,April,2022,844332,154.9402218,84.56,13101.74516,8560.279844,723857.2636,8405.339622,,,,,
4/11/22,1649548800,1.57E+11,April,2022,815538,156.7969024,80.99,12698.98113,13409.60722,1086044.089,13252.81032,,,,,
4/12/22,1649635200,1.58E+11,April,2022,824060,158.0442576,74.36,11752.171,16804.71834,1249598.855,16646.67408,,,,,
4/13/22,1649721600,1.56E+11,April,2022,850100,155.6780872,76.33,11882.9084,13654.44449,1042243.748,13498.7664,,,,,
4/14/22,1649808000,1.57E+11,April,2022,864147,156.9341607,80.19,12584.55035,12089.60905,969465.75,11932.67489,,,,,
4/15/22,1649894400,1.56E+11,April,2022,882984,156.0337222,76.83,11988.07088,12377.84875,950990.1197,12221.81503,,,,,
4/16/22,1649980800,1.56E+11,April,2022,881670,156.2093025,77.44,12096.84839,18551.04259,1436592.738,18394.83329,,,,,
4/17/22,1650067200,1.54E+11,April,2022,877287,153.7601995,77.79,11961.00592,10332.22485,803743.7714,10178.46466,,,,,
4/18/22,1650153600,1.55E+11,April,2022,838158,155.0950023,75.44,11700.36697,8428.260915,635828.0034,8273.165913,,,,,
4/19/22,1650240000,1.57E+11,April,2022,802335,157.0314199,77.74,12207.62258,11355.4801,882775.0232,11198.44868,,,,,
4/20/22,1650326400,1.57E+11,April,2022,811601,157.3157911,80.32,12635.60434,12026.72903,965986.8757,11869.41324,,,,,
4/21/22,1650412800,1.58E+11,April,2022,846603,158.0510433,78.24,12365.91363,14082.37713,1101805.187,13924.32609,,,,,
4/22/22,1650499200,1.58E+11,April,2022,820556,157.6807804,75.03,11830.78895,12787.05733,959412.9113,12629.37655,,,,,
4/23/22,1650585600,1.57E+11,April,2022,816859,156.97865,74.02,11619.55967,11256.8601,833232.7848,11099.88145,,,,,
4/24/22,1650672000,1.56E+11,April,2022,829825,156.4509135,72.81,11391.19101,10224.65884,744457.4104,10068.20793,,,,,
4/25/22,1650758400,1.57E+11,April,2022,813365,156.6560185,71.53,11205.605,9587.635498,685803.5671,9430.979479,,,,,
4/26/22,1650844800,1.57E+11,April,2022,841948,156.9911624,72.88,11441.51592,11929.37128,869412.5787,11772.38012,,,,,
4/27/22,1650931200,1.57E+11,April,2022,840254,157.2330869,68.69,10800.34074,12174.8656,836291.5184,12017.63252,,,,,
4/28/22,1651017600,1.57E+11,April,2022,821134,157.1963213,69.84,10978.59108,11791.12401,823492.1011,11633.92769,,,,,
4/29/22,1651104000,1.55E+11,April,2022,796214,154.8337569,67.28,10417.21516,8983.27225,604394.557,8828.438493,,,,,
4/30/22,1651190400,1.52E+11,April,2022,792891,152.3247761,63.37,9652.821061,6597.699331,418096.2066,6445.374555,,,,,
5/1/22,1651276800,1.53E+11,May,2022,792156,152.5692548,57.02,8699.498909,7216.404261,411479.371,7063.835007,,,,,
5/2/22,1651363200,1.53E+11,May,2022,798532,153.0470291,58.8,8999.165311,7402.426966,435262.7056,7249.379937,,,,,
5/3/22,1651449600,1.55E+11,May,2022,822182,154.8316835,60.35,9344.092099,10480.03929,632470.3714,10325.20761,,,,,
5/4/22,1651536000,1.56E+11,May,2022,823544,156.0625188,59.62,9304.447371,13647.73239,813677.8049,13491.66987,,,,,
5/5/22,1651622400,1.57E+11,May,2022,833842,156.6086255,67.23,10528.79789,14906.22149,1002145.271,14749.61286,,,,,
5/6/22,1651708800,1.56E+11,May,2022,840249,156.3466073,59.01,9226.013297,16965.9535,1001160.916,16809.6069,,,,,
5/7/22,1651795200,1.55E+11,May,2022,934030,155.1274022,56.98,8839.159377,14936.69544,851092.9063,14781.56804,,,,,
5/8/22,1651881600,1.54E+11,May,2022,851125,153.6900869,55.03,8457.565482,9383.731738,516386.7576,9230.041651,,,,,
5/9/22,1651968000,1.53E+11,May,2022,812481,152.9123709,51.58,7887.220091,7961.768517,410668.0201,7808.856147,,,,,
5/10/22,1652054400,1.54E+11,May,2022,836015,154.1493248,41.24,6357.118155,15082.71807,622011.293,14928.56874,,,,,
5/11/22,1652140800,1.54E+11,May,2022,825927,153.7683009,44.5,6842.68939,15673.57604,697474.1339,15519.80774,,,,,
5/12/22,1652227200,1.53E+11,May,2022,876103,152.7040845,31.07,4744.515905,29511.5251,916923.085,29358.82102,,,,,
5/13/22,1652313600,1.51E+11,May,2022,886518,150.8643861,30.19,4554.595816,25170.08591,759884.8937,25019.22153,,,,,
5/14/22,1652400000,1.47E+11,May,2022,745314,146.8760329,32.23,4733.81454,10865.70784,350201.7637,10718.83181,,,,,
5/15/22,1652486400,1.03E+11,May,2022,517527,102.917732,33.88,3486.85276,3244.270585,109915.8874,3141.352853,,,,,
5/16/22,1652572800,83815134840,May,2022,446496,83.81513484,36.53,3061.766876,2643.560525,96569.26599,2559.74539,,,,,
5/17/22,1652659200,78391307166,May,2022,417578,78.39130717,32.49,2546.93357,2477.85391,80505.47353,2399.462603,,,,,
5/18/22,1652745600,69475741259,May,2022,365998,69.47574126,34.34,2385.796955,2174.002631,74655.25035,2104.52689,,,,,
5/19/22,1652832000,75762798105,May,2022,358474,75.76279811,29.51,2235.760172,2407.222183,71037.12661,2331.459385,,,,,
5/20/22,1652918400,71819856171,May,2022,326796,71.81985617,30.36,2180.450833,2388.706728,72521.13626,2316.886872,,,,,
5/21/22,1653004800,68920220184,May,2022,370116,68.92022018,28.75,1981.45633,2341.902002,67329.68254,2272.981781,,,,,
5/22/22,1653091200,49374745023,May,2022,257544,49.37474502,29.83,1472.848644,1615.334777,48185.43639,1565.960032,,,,,
5/23/22,1653177600,41230700091,May,2022,225201,41.23070009,31.68,1306.188579,1345.048317,42611.13069,1303.817617,,,,,
5/24/22,1653264000,48311685523,May,2022,267418,48.31168552,29.02,1402.005114,1639.6563,47582.82584,1591.344615,,,,,
5/25/22,1653350400,41981762683,May,2022,229331,41.98176268,29.03,1218.730571,1408.677464,40893.90679,1366.695702,,,,,
5/26/22,1653436800,42884808934,May,2022,234868,42.88480893,27.2,1166.466803,1433.181903,38982.54776,1390.297094,,,,,
5/27/22,1653523200,50708909518,May,2022,287823,50.70890952,23.43,1188.10975,1949.989455,45688.25294,1899.280546,,,,,
5/28/22,1653609600,55257647186,May,2022,302101,55.25764719,22.54,1245.507368,2179.447422,49124.74489,2124.189775,,,,,
5/29/22,1653696000,38259842364,May,2022,214822,38.25984236,24.73,946.1659016,1480.396865,36610.21446,1442.137022,,,,,
5/30/22,1653782400,36199493364,May,2022,201939,36.19949336,26.12,945.5307666,1235.663419,32275.52852,1199.463926,,,,,
5/31/22,1653868800,47262130453,May,2022,250089,47.26213045,27.68,1308.215771,1739.955766,48161.97561,1692.693636,,,,,
6/1/22,1653955200,45202129216,June,2022,244567,45.20212922,26.4,1193.336211,1577.37814,41642.78289,1532.176011,,,,,
6/2/22,1654041600,45637266925,June,2022,238856,45.63726693,23.65,1079.321363,1565.758044,37030.17775,1520.120777,,,,,
6/3/22,1654128000,45169823310,June,2022,224045,45.16982331,24.62,1112.08105,1501.500174,36966.93427,1456.33035,,,,,
6/4/22,1654214400,42762598437,June,2022,216763,42.76259844,22.98,982.6845122,1328.0493,30518.57291,1285.286701,,,,,
6/5/22,1654300800,33286686760,June,2022,183355,33.28668676,24.55,817.18816,1028.361448,25246.27355,995.0747612,,,,,
6/6/22,1654387200,33204578225,June,2022,181698,33.20457823,24.15,801.8905643,1036.083921,25021.42668,1002.879342,,,,,
6/7/22,1654473600,42399849874,June,2022,229367,42.39984987,25.98,1101.5481,1408.757448,36599.5185,1366.357598,,,,,
6/8/22,1654560000,41263381671,June,2022,227764,41.26338167,24.57,1013.841288,1443.621648,35469.78388,1402.358266,,,,,
6/9/22,1654646400,37127681616,June,2022,200189,37.12768162,24.48,908.8856461,1205.230857,29504.05139,1168.103176,,,,,
6/10/22,1654732800,33749940476,June,2022,184660,33.74994048,24.4,823.4985477,1099.918077,26838.00107,1066.168136,,,,,
6/11/22,1654819200,36656497749,June,2022,202661,36.65649775,22.05,808.2757754,1402.732584,30930.25347,1366.076086,,,,,
6/12/22,1654905600,40279172737,June,2022,218193,40.27917274,19.87,800.3471623,1684.382405,33468.67838,1644.103232,,,,,
6/13/22,1654992000,49283482677,June,2022,271274,49.28348268,17.27,851.1257459,2044.222958,35303.73048,1994.939475,,,,,
6/14/22,1655078400,86460158277,June,2022,484169,86.46015828,16.09,1391.143947,6254.510234,100635.0697,6168.050076,,,,,
6/15/22,1655164800,57949616379,June,2022,311429,57.94961638,16.53,957.9071588,2635.678238,43567.76128,2577.728622,,,,,
6/16/22,1655251200,61917408594,June,2022,333309,61.91740859,18.31,1133.707751,3356.079731,61449.81988,3294.162322,,,,,
6/17/22,1655337600,62727765855,June,2022,267252,62.72776586,15.77,989.2168676,2244.973713,35403.23546,2182.245947,,,,,
6/18/22,1655424000,49317440653,June,2022,222681,49.31744065,15.97,787.5995272,1577.365764,25190.53125,1528.048324,,,,,
6/19/22,1655510400,60615164596,June,2022,308687,60.6151646,14.8,897.1044361,3232.297627,47838.00489,3171.682463,,,,,
6/20/22,1655596800,54965833710,June,2022,247777,54.96583371,16.16,888.2478728,2059.113674,33275.27697,2004.14784,,,,,
6/21/22,1655683200,53688336260,June,2022,259507,53.68833626,17.07,916.4599,1819.599246,31060.55913,1765.91091,,,,,
6/22/22,1655769600,44228703302,June,2022,232040,44.2287033,16.89,747.0227987,1472.256825,24866.41778,1428.028122,,,,,
6/23/22,1655856000,41974144753,June,2022,219456,41.97414475,16.05,673.6850232,1390.872685,22323.50659,1348.89854,,,,,
6/24/22,1655942400,46101662008,June,2022,254167,46.10166201,18.28,842.7383815,1498.685812,27395.97665,1452.58415,,,,,
6/25/22,1656028800,51049321480,June,2022,286259,51.04932148,20.46,1044.469117,1930.807136,39504.314,1879.757815,,,,,
6/26/22,1656115200,42310528215,June,2022,230923,42.31052822,21.34,902.9066722,1544.142909,32952.00967,1501.83238,,,,,
6/27/22,1656201600,40132765902,June,2022,218940,40.1327659,19.72,791.4181435,1306.80825,25770.2587,1266.675485,,,,,
6/28/22,1656288000,42129780036,June,2022,225716,42.12978004,19.31,813.5260526,1392.835512,26895.65374,1350.705732,,,,,
6/29/22,1656374400,41419213692,June,2022,223644,41.41921369,18.09,749.2735757,1434.085287,25942.60284,1392.666073,,,,,
6/30/22,1656460800,49059868653,June,2022,247915,49.05986865,17.76,871.3032672,1650.515909,29313.16255,1601.456041,,,,,
7/1/22,1656547200,50294926007,July,2022,267235,50.29492601,16.97,853.5048944,1766.87845,29983.92729,1716.583524,,,,,
7/2/22,1656633600,45918222316,July,2022,239996,45.91822232,16.09,738.8241971,1484.460162,23884.96401,1438.54194,,,,,
7/3/22,1656720000,40827621848,July,2022,227096,40.82762185,16.3,665.4902362,1285.03364,20946.04834,1244.206018,,,,,
7/4/22,1656806400,40865462189,July,2022,221888,40.86546219,16.64,680.0012908,1292.793492,21512.0837,1251.928029,,,,,
7/5/22,1656892800,45282221284,July,2022,217188,45.28222128,17.9,810.5517609,1529.89661,27385.14932,1484.614389,,,,,
7/6/22,1656979200,38535370716,July,2022,204941,38.53537072,18.04,695.1780878,1330.51946,24002.57107,1291.98409,,,,,
7/7/22,1657065600,41485722206,July,2022,216205,41.48572221,19.15,794.4515803,1320.915602,25295.53378,1279.42988,,,,,
7/8/22,1657152000,43828478044,July,2022,219649,43.82847804,20.18,884.4586868,1387.553475,28000.82912,1343.724997,,,,,
7/9/22,1657238400,39655383318,July,2022,215336,39.65538332,19.72,782.0041591,1272.735885,25098.35164,1233.080501,,,,,
7/10/22,1657324800,30078000278,July,2022,159807,30.07800028,19.89,598.2514256,898.0517379,17862.24907,867.9737376,,,,,
7/11/22,1657411200,30661403154,July,2022,162297,30.66140315,19.16,587.4724844,943.99692,18086.98099,913.3355169,,,,,
7/12/22,1657497600,35682337089,July,2022,194937,35.68233709,17.32,618.0180784,1179.953128,20436.78818,1144.270791,,,,,
7/13/22,1657584000,34019130310,July,2022,197788,34.01913031,16.73,569.1400501,1337.996372,22384.67931,1303.977242,,,,,
7/14/22,1657670400,37943186745,July,2022,206145,37.94318675,18.81,713.7113428,1403.949508,26408.29025,1366.006322,,,,,
7/15/22,1657756800,37102481578,July,2022,208988,37.10248158,19.75,732.7740112,1197.700552,23654.58591,1160.598071,,,,,
7/16/22,1657843200,38406950824,July,2022,202465,38.40695082,19.35,743.1744984,1182.106644,22873.76356,1143.699693,,,,,
7/17/22,1657929600,31990737292,July,2022,174635,31.99073729,21.24,679.48326,1240.779033,26354.14667,1208.788296,,,,,
7/18/22,1658016000,33364001783,July,2022,180574,33.36400178,20.61,687.6320767,1042.37535,21483.35595,1009.011348,,,,,
7/19/22,1658102400,45597489715,July,2022,250414,45.59748972,23.97,1092.971829,1671.418737,40063.90712,1625.821247,,,,,
7/20/22,1658188800,43934060795,July,2022,255894,43.9340608,24.73,1086.489324,1638.570077,40521.838,1594.636016,,,,,
7/21/22,1658275200,42993459791,July,2022,246155,42.99345979,23.58,1013.785782,1396.255263,32923.69909,1353.261803,,,,,
7/22/22,1658361600,38265245901,July,2022,212265,38.2652459,25.01,957.0138,1216.799269,30432.14973,1178.534024,,,,,
7/23/22,1658448000,34456088709,July,2022,196011,34.45608871,23.64,814.5419371,1071.314832,25325.88264,1036.858744,,,,,
7/24/22,1658534400,30166812318,July,2022,177769,30.16681232,23.62,712.540107,927.0386448,21896.65279,896.8718325,,,,,
7/25/22,1658620800,35656900100,July,2022,209831,35.6569001,23.82,849.3473604,1087.093273,25894.56176,1051.436373,,,,,
7/26/22,1658707200,39967028626,July,2022,224714,39.96702863,20.89,834.9112281,1240.068182,25905.02432,1200.101153,,,,,
7/27/22,1658793600,36789670424,July,2022,206964,36.78967042,20.71,761.9140744,1131.252233,23428.23374,1094.462562,,,,,
7/28/22,1658880000,39971038518,July,2022,218829,39.97103852,23.4,935.3223014,1438.837044,33668.78683,1398.866006,,,,,
7/29/22,1658966400,40307464839,July,2022,227312,40.30746484,24.23,976.6498731,1358.03415,32905.16746,1317.726686,,,,,
7/30/22,1659052800,39671084840,July,2022,232382,39.67108484,24.5,971.9415786,1278.222595,31316.45358,1238.55151,,,,,
7/31/22,1659139200,36681985133,July,2022,205747,36.68198513,24.25,889.5381394,1130.858319,27423.31423,1094.176334,,,,,
8/1/22,1659225600,33486284953,August,2022,185746,33.48628495,23.74,794.9644047,1020.389423,24224.0449,986.9031378,,,,,
8/2/22,1659312000,38022751357,August,2022,207371,38.02275136,23.59,896.9567046,1132.313214,26711.26871,1094.290462,,,,,
8/3/22,1659398400,42151408816,August,2022,209318,42.15140882,22.85,963.1596915,1296.110061,29616.11489,1253.958652,,,,,
8/4/22,1659484800,38948571903,August,2022,214471,38.9485719,23.04,897.3750966,1264.394404,29131.64706,1225.445832,,,,,
8/5/22,1659571200,37793794818,August,2022,214307,37.79379482,23.36,882.863047,1109.004336,25906.34129,1071.210541,,,,,
8/6/22,1659657600,35894438251,August,2022,189377,35.89443825,24.97,896.2841231,1120.739874,27984.87466,1084.845436,,,,,
8/7/22,1659744000,32107255553,August,2022,181718,32.10725555,26.65,855.6583604,1041.987597,27768.96946,1009.880341,,,,,
8/8/22,1659830400,34760783608,August,2022,201009,34.76078361,27.9,969.8258627,1136.519221,31708.88626,1101.758437,,,,,
8/9/22,1659916800,41019647799,August,2022,217570,41.0196478,27.94,1146.08896,1335.647635,37317.99491,1294.627987,,,,,
8/10/22,1660003200,36547618537,August,2022,188733,36.54761854,27.42,1002.1357,1107.953696,30380.09034,1071.406077,,,,,
8/11/22,1660089600,42310394338,August,2022,212361,42.31039434,29.17,1234.194203,1421.165683,41455.40297,1378.855288,,,,,
8/12/22,1660176000,40783001752,August,2022,205383,40.78300175,28.55,1164.3547,1232.270985,35181.33661,1191.487983,,,,,
8/13/22,1660262400,34077566110,August,2022,175448,34.07756611,29.34,999.8357897,1096.135974,32160.62949,1062.058408,,,,,
8/14/22,1660348800,33064122709,August,2022,166952,33.06412271,29.17,964.4804595,1022.431676,29824.332,989.3675537,,,,,
8/15/22,1660435200,31385892833,August,2022,157423,31.38589283,28.18,884.4544599,936.8653785,26400.86636,905.4794856,,,,,
8/16/22,1660521600,38115568521,August,2022,190662,38.11556852,27.89,1063.043206,1173.489228,32728.61456,1135.373659,,,,,
8/17/22,1660608000,37513390777,August,2022,179970,37.51339078,27.12,1017.363158,1126.471525,30549.90775,1088.958134,,,,,
8/18/22,1660694400,37675353275,August,2022,179196,37.67535328,25.56,962.9820298,1145.158677,29270.25578,1107.483323,,,,,
8/19/22,1660780800,35852806303,August,2022,181725,35.8528063,24.19,867.2793844,1085.714397,26263.43127,1049.861591,,,,,
8/20/22,1660867200,45508779754,August,2022,234034,45.50877975,22.44,1021.217018,1637.105675,36736.65135,1591.596895,,,,,
8/21/22,1660953600,34563181569,August,2022,178429,34.56318157,22.3,770.758949,1061.1387,23663.39302,1026.575519,,,,,
8/22/22,1661040000,33095141997,August,2022,165278,33.095142,22.97,760.1954117,996.9660501,22900.31017,963.8709081,,,,,
8/23/22,1661126400,34896127407,August,2022,175492,34.89612741,22.56,787.2566344,1110.6998,25057.3875,1075.803673,,,,,
8/24/22,1661212800,36172741608,August,2022,178281,36.17274161,23.5,850.0594278,1108.81824,26057.22863,1072.645498,,,,,
8/25/22,1661299200,34183127874,August,2022,159497,34.18312787,23.01,786.5537723,1010.886169,23260.49076,976.7030415,,,,,
8/26/22,1661385600,33211203440,August,2022,155217,33.21120344,22.99,763.5255671,983.9547233,22621.11909,950.7435198,,,,,
8/27/22,1661472000,40040302555,August,2022,188626,40.04030256,20.67,827.6330539,1307.027619,27016.26089,1266.987317,,,,,
8/28/22,1661558400,34115326380,August,2022,164708,34.11532638,20.03,683.3299874,1048.454891,21000.55147,1014.339565,,,,,
8/29/22,1661644800,33224844302,August,2022,158582,33.2248443,18.52,615.3241164,1050.130582,19448.41839,1016.905738,,,,,
8/30/22,1661731200,40302219608,August,2022,199039,40.30221961,19.33,779.0419051,1278.636236,24716.03845,1238.334017,,,,,
8/31/22,1661817600,40667333234,August,2022,197860,40.66733323,19.38,788.132918,1313.579483,25457.17037,1272.912149,,,,,
9/1/22,1661904000,41344932245,September,2022,189437,41.34493225,19.14,791.3420033,1294.272856,24772.38246,1252.927924,,,,,
9/2/22,1661990400,38272912961,September,2022,181487,38.27291296,19.31,739.0499493,1129.173427,21804.33888,1090.900514,,,,,
9/3/22,1662076800,37248845299,September,2022,165401,37.2488453,18.87,702.8857108,1118.405155,21104.30527,1081.15631,,,,,
9/4/22,1662163200,27381028559,September,2022,126342,27.38102856,18.9,517.5014398,811.8646806,15344.24246,784.483652,,,,,
9/5/22,1662249600,29394506594,September,2022,130479,29.39450659,19.01,558.7895703,863.8202726,16421.22338,834.425766,,,,,
9/6/22,1662336000,33075796563,September,2022,150590,33.07579656,19.44,642.9934851,975.7296642,18968.18467,942.6538676,,,,,
9/7/22,1662422400,40632048492,September,2022,169129,40.63204849,18.21,739.909603,1315.326762,23952.10033,1274.694713,,,,,
9/8/22,1662508800,35776127720,September,2022,149979,35.77612772,19.01,680.104188,1110.537982,21111.32704,1074.761854,,,,,
9/9/22,1662595200,34194236064,September,2022,151315,34.19423606,19.14,654.4776782,1046.095817,20022.27394,1011.901581,,,,,
9/10/22,1662681600,40250266399,September,2022,177325,40.2502664,20.4,821.1054346,1255.441234,25611.00118,1215.190968,,,,,
9/11/22,1662768000,35048113603,September,2022,152419,35.0481136,20.46,717.0844043,1050.902643,21501.46807,1015.854529,,,,,
9/12/22,1662854400,31909826508,September,2022,144176,31.90982651,20.69,660.2143105,936.2384244,19370.773,904.3285979,,,,,
9/13/22,1662940800,42207536299,September,2022,189561,42.2075363,21.39,902.8192015,1374.55628,29401.75883,1332.348744,,,,,
9/14/22,1663027200,44960108017,September,2022,195824,44.96010802,18.87,848.3972383,1636.640788,30883.41167,1591.68068,,,,,
9/15/22,1663113600,37899775423,September,2022,160683,37.89977542,19.12,724.643706,1166.032155,22294.5348,1128.132379,,,,,
9/16/22,1663200000,42434549433,September,2022,174488,42.43454943,18.2,772.3087996,1320.188882,24027.43766,1277.754333,,,,,
9/17/22,1663286400,34937697398,September,2022,151750,34.9376974,18.06,630.974815,1089.752477,19680.92973,1054.814779,,,,,
9/18/22,1663372800,31252127674,September,2022,142696,31.25212767,18.48,577.5393193,985.0785994,18204.25252,953.8264717,,,,,
9/19/22,1663459200,36978301103,September,2022,164067,36.9783011,16.72,618.2771944,1552.075562,25950.7034,1515.097261,,,,,
9/20/22,1663545600,39623466998,September,2022,179510,39.623467,17.28,684.6935098,1263.416129,21831.8307,1223.792662,,,,,
,1663632000,31945890219,January,2022,143553,31.94589022,16.65,531.8990722,962.3663292,16023.39938,930.420439,,,,,
,,,,,,,16.54,0,1549.493365,25628.62026,1549.493365,,,,,