Date(UTC),UnixTimeStamp,Gas Used nAvax,Month,Year,Transactions,Gas Used Avax,,,,,,,,,
9/24/20,1600905600,21000,September,2020,1,0.000021,,,,,,,,,
9/25/20,1600992000,3511500,September,2020,6,0.0035115,,,,,,,,,
9/26/20,1601078400,0,September,2020,0,0,,,,,,,,,
9/27/20,1601164800,1795974,September,2020,1,0.001795974,,,,,,,,Row Labels,Sum of Gas Used Avax
9/28/20,1601251200,276676,September,2020,1,0.000276676,,,,,,,,2020,0.90705321
9/29/20,1601337600,1626227,September,2020,14,0.001626227,,,,,,,,September,0.035370578
9/30/20,1601424000,28139201,September,2020,31,0.028139201,,,,,,,,October,0.213627625
10/1/20,1601510400,172652124,October,2020,113,0.172652124,,,,,,,,November,0.052687019
10/2/20,1601596800,2377205,October,2020,7,0.002377205,,,,,,,,December,0.605367988
10/3/20,1601683200,21000,October,2020,1,0.000021,,,,,,,,2021,8341.56664
10/4/20,1601769600,692910,October,2020,8,0.00069291,,,,,,,,January,2.647178585
10/5/20,1601856000,0,October,2020,0,0,,,,,,,,February,34.70086636
10/6/20,1601942400,638170,October,2020,4,0.00063817,,,,,,,,March,62.55067221
10/7/20,1602028800,2245236,October,2020,25,0.002245236,,,,,,,,April,83.93475398
10/8/20,1602115200,5346021,October,2020,24,0.005346021,,,,,,,,May,162.1735447
10/9/20,1602201600,0,October,2020,0,0,,,,,,,,June,86.73306016
10/10/20,1602288000,0,October,2020,0,0,,,,,,,,July,73.49945883
10/11/20,1602374400,1403975,October,2020,2,0.001403975,,,,,,,,August,377.7065338
10/12/20,1602460800,235129,October,2020,3,0.000235129,,,,,,,,September,783.1929742
10/13/20,1602547200,13649677,October,2020,20,0.013649677,,,,,,,,October,1268.579546
10/14/20,1602633600,623410,October,2020,10,0.00062341,,,,,,,,November,2139.506409
10/15/20,1602720000,1760553,October,2020,10,0.001760553,,,,,,,,December,3266.341642
10/16/20,1602806400,203459,October,2020,3,0.000203459,,,,,,,,2022,23866.1833
10/17/20,1602892800,3749511,October,2020,31,0.003749511,,,,,,,,January,3212.35154
10/18/20,1602979200,517608,October,2020,2,0.000517608,,,,,,,,February,3798.043322
10/19/20,1603065600,756364,October,2020,6,0.000756364,,,,,,,,March,4662.360263
10/20/20,1603152000,657894,October,2020,9,0.000657894,,,,,,,,April,4673.135362
10/21/20,1603238400,267885,October,2020,5,0.000267885,,,,,,,,May,3044.765098
10/22/20,1603324800,94022,October,2020,2,0.000094022,,,,,,,,June,1417.163599
10/23/20,1603411200,2600852,October,2020,14,0.002600852,,,,,,,,July,1183.591326
10/24/20,1603497600,0,October,2020,0,0,,,,,,,,August,1149.349629
10/25/20,1603584000,0,October,2020,0,0,,,,,,,,September,725.4231613
10/26/20,1603670400,0,October,2020,0,0,,,,,,,,Grand Total,32208.65699
10/27/20,1603756800,550160,October,2020,8,0.00055016,,,,,,,,,
10/28/20,1603843200,1447082,October,2020,12,0.001447082,,,,,,,,,
10/29/20,1603929600,1024480,October,2020,14,0.00102448,,,,,,,,,
10/30/20,1604016000,112898,October,2020,3,0.000112898,,,,,,,,,
10/31/20,1604102400,0,October,2020,0,0,,,,,,,,,
11/1/20,1604188800,290855,November,2020,3,0.000290855,,,,,,,,,
11/2/20,1604275200,1750992,November,2020,25,0.001750992,,,,,,,,,
11/3/20,1604361600,1959433,November,2020,10,0.001959433,,,,,,,,,
11/4/20,1604448000,331585,November,2020,2,0.000331585,,,,,,,,,
11/5/20,1604534400,411385,November,2020,6,0.000411385,,,,,,,,,
11/6/20,1604620800,400413,November,2020,3,0.000400413,,,,,,,,,
11/7/20,1604707200,0,November,2020,0,0,,,,,,,,,
11/8/20,1604793600,313272,November,2020,3,0.000313272,,,,,,,,,
11/9/20,1604880000,5267526,November,2020,11,0.005267526,,,,,,,,,
11/10/20,1604966400,1700089,November,2020,22,0.001700089,,,,,,,,,
11/11/20,1605052800,929100,November,2020,10,0.0009291,,,,,,,,,
11/12/20,1605139200,10360300,November,2020,20,0.0103603,,,,,,,,,
11/13/20,1605225600,6315650,November,2020,25,0.00631565,,,,,,,,,
11/14/20,1605312000,377625,November,2020,4,0.000377625,,,,,,,,,
11/15/20,1605398400,0,November,2020,0,0,,,,,,,,,
11/16/20,1605484800,424790,November,2020,4,0.00042479,,,,,,,,,
11/17/20,1605571200,533899,November,2020,7,0.000533899,,,,,,,,,
11/18/20,1605657600,45121,November,2020,2,0.000045121,,,,,,,,,
11/19/20,1605744000,179010,November,2020,3,0.00017901,,,,,,,,,
11/20/20,1605830400,427350,November,2020,5,0.00042735,,,,,,,,,
11/21/20,1605916800,0,November,2020,0,0,,,,,,,,,
11/22/20,1606003200,0,November,2020,0,0,,,,,,,,,
11/23/20,1606089600,63777,November,2020,2,0.000063777,,,,,,,,,
11/24/20,1606176000,0,November,2020,0,0,,,,,,,,,
11/25/20,1606262400,0,November,2020,0,0,,,,,,,,,
11/26/20,1606348800,3956304,November,2020,7,0.003956304,,,,,,,,,
11/27/20,1606435200,0,November,2020,0,0,,,,,,,,,
11/28/20,1606521600,16055403,November,2020,60,0.016055403,,,,,,,,,
11/29/20,1606608000,593140,November,2020,4,0.00059314,,,,,,,,,
11/30/20,1606694400,0,November,2020,0,0,,,,,,,,,
12/1/20,1606780800,0,December,2020,0,0,,,,,,,,,
12/2/20,1606867200,0,December,2020,0,0,,,,,,,,,
12/3/20,1606953600,0,December,2020,0,0,,,,,,,,,
12/4/20,1607040000,0,December,2020,0,0,,,,,,,,,
12/5/20,1607126400,369282,December,2020,2,0.000369282,,,,,,,,,
12/6/20,1607212800,1684400,December,2020,17,0.0016844,,,,,,,,,
12/7/20,1607299200,1729747,December,2020,54,0.001729747,,,,,,,,,
12/8/20,1607385600,1293509,December,2020,11,0.001293509,,,,,,,,,
12/9/20,1607472000,5576834,December,2020,45,0.005576834,,,,,,,,,
12/10/20,1607558400,323373,December,2020,3,0.000323373,,,,,,,,,
12/11/20,1607644800,1645804,December,2020,2,0.001645804,,,,,,,,,
12/12/20,1607731200,0,December,2020,0,0,,,,,,,,,
12/13/20,1607817600,311567,December,2020,3,0.000311567,,,,,,,,,
12/14/20,1607904000,131808,December,2020,2,0.000131808,,,,,,,,,
12/15/20,1607990400,0,December,2020,0,0,,,,,,,,,
12/16/20,1608076800,1199387,December,2020,22,0.001199387,,,,,,,,,
12/17/20,1608163200,43641,December,2020,1,0.000043641,,,,,,,,,
12/18/20,1608249600,7216602,December,2020,51,0.007216602,,,,,,,,,
12/19/20,1608336000,6077074,December,2020,157,0.006077074,,,,,,,,,
12/20/20,1608422400,122974826,December,2020,3817,0.122974826,,,,,,,,,
12/21/20,1608508800,137676132,December,2020,4279,0.137676132,,,,,,,,,
12/22/20,1608595200,41490748,December,2020,1297,0.041490748,,,,,,,,,
12/23/20,1608681600,63000,December,2020,3,0.000063,,,,,,,,,
12/24/20,1608768000,42000,December,2020,2,0.000042,,,,,,,,,
12/25/20,1608854400,0,December,2020,0,0,,,,,,,,,
12/26/20,1608940800,0,December,2020,0,0,,,,,,,,,
12/27/20,1609027200,21000,December,2020,1,0.000021,,,,,,,,,
12/28/20,1609113600,17605147,December,2020,549,0.017605147,,,,,,,,,
12/29/20,1609200000,86211349,December,2020,2689,0.086211349,,,,,,,,,
12/30/20,1609286400,87701118,December,2020,2729,0.087701118,,,,,,,,,
12/31/20,1609372800,83979640,December,2020,2605,0.08397964,,,,,,,,,
1/1/21,1609459200,78480585,January,2021,1846,0.078480585,,,,,,,,,
1/2/21,1609545600,4408395,January,2021,11,0.004408395,,,,,,,,,
1/3/21,1609632000,5687741,January,2021,39,0.005687741,,,,,,,,,
1/4/21,1609718400,12565978,January,2021,16,0.012565978,,,,,,,,,
1/5/21,1609804800,21000,January,2021,1,0.000021,,,,,,,,,
1/6/21,1609891200,19052369,January,2021,41,0.019052369,,,,,,,,,
1/7/21,1609977600,5905284,January,2021,40,0.005905284,,,,,,,,,
1/8/21,1610064000,177613201,January,2021,4283,0.177613201,,,,,,,,,
1/9/21,1610150400,9585469,January,2021,295,0.009585469,,,,,,,,,
1/10/21,1610236800,203171,January,2021,3,0.000203171,,,,,,,,,
1/11/21,1610323200,53026081,January,2021,1638,0.053026081,,,,,,,,,
1/12/21,1610409600,19543886,January,2021,366,0.019543886,,,,,,,,,
1/13/21,1610496000,411208,January,2021,6,0.000411208,,,,,,,,,
1/14/21,1610582400,1451634,January,2021,14,0.001451634,,,,,,,,,
1/15/21,1610668800,5036139,January,2021,14,0.005036139,,,,,,,,,
1/16/21,1610755200,4502314,January,2021,35,0.004502314,,,,,,,,,
1/17/21,1610841600,4863213,January,2021,15,0.004863213,,,,,,,,,
1/18/21,1610928000,1131438,January,2021,19,0.001131438,,,,,,,,,
1/19/21,1611014400,16801364,January,2021,22,0.016801364,,,,,,,,,
1/20/21,1611100800,6962416,January,2021,20,0.006962416,,,,,,,,,
1/21/21,1611187200,367727,January,2021,8,0.000367727,,,,,,,,,
1/22/21,1611273600,6545727,January,2021,32,0.006545727,,,,,,,,,
1/23/21,1611360000,504000,January,2021,24,0.000504,,,,,,,,,
1/24/21,1611446400,126000,January,2021,6,0.000126,,,,,,,,,
1/25/21,1611532800,650285997,January,2021,1014,0.650285997,,,,,,,,,
1/26/21,1611619200,373118388,January,2021,588,0.373118388,,,,,,,,,
1/27/21,1611705600,40058618,January,2021,123,0.040058618,,,,,,,,,
1/28/21,1611792000,43148787,January,2021,126,0.043148787,,,,,,,,,
1/29/21,1611878400,1055954171,January,2021,1787,1.055954171,,,,,,,,,
1/30/21,1611964800,42524172,January,2021,231,0.042524172,,,,,,,,,
1/31/21,1612051200,7292112,January,2021,121,0.007292112,,,,,,,,,
2/1/21,1612137600,39275553,February,2021,91,0.039275553,,,,,,,,,
2/2/21,1612224000,145846126,February,2021,369,0.145846126,,,,,,,,,
2/3/21,1612310400,614487289,February,2021,5986,0.614487289,,,,,,,,,
2/4/21,1612396800,422941996,February,2021,4386,0.422941996,,,,,,,,,
2/5/21,1612483200,306240419,February,2021,3173,0.306240419,,,,,,,,,
2/6/21,1612569600,247331503,February,2021,2629,0.247331503,,,,,,,,,
2/7/21,1612656000,277090779,February,2021,2824,0.277090779,,,,,,,,,
2/8/21,1612742400,314770690,February,2021,3166,0.31477069,,,,,,,,,
2/9/21,1612828800,3744062530,February,2021,15913,3.74406253,,,,,,,,,
2/10/21,1612915200,2371225451,February,2021,27292,2.371225451,,,,,,,,,
2/11/21,1613001600,44969160,February,2021,667,0.04496916,,,,,,,,,
2/12/21,1613088000,925342210,February,2021,9225,0.92534221,,,,,,,,,
2/13/21,1613174400,889706929,February,2021,9248,0.889706929,,,,,,,,,
2/14/21,1613260800,938379202,February,2021,9706,0.938379202,,,,,,,,,
2/15/21,1613347200,1580968815,February,2021,17431,1.580968815,,,,,,,,,
2/16/21,1613433600,1317667664,February,2021,14872,1.317667664,,,,,,,,,
2/17/21,1613520000,2226360187,February,2021,24535,2.226360187,,,,,,,,,
2/18/21,1613606400,2794285197,February,2021,29914,2.794285197,,,,,,,,,
2/19/21,1613692800,2250144280,February,2021,23590,2.25014428,,,,,,,,,
2/20/21,1613779200,1885704826,February,2021,20400,1.885704826,,,,,,,,,
2/21/21,1613865600,1441372425,February,2021,16425,1.441372425,,,,,,,,,
2/22/21,1613952000,1470497678,February,2021,15299,1.470497678,,,,,,,,,
2/23/21,1614038400,1137764629,February,2021,11682,1.137764629,,,,,,,,,
2/24/21,1614124800,1220760520,February,2021,14016,1.22076052,,,,,,,,,
2/25/21,1614211200,2095370130,February,2021,24652,2.09537013,,,,,,,,,
2/26/21,1614297600,1303122831,February,2021,15351,1.303122831,,,,,,,,,
2/27/21,1614384000,1315335873,February,2021,15961,1.315335873,,,,,,,,,
2/28/21,1614470400,1379841471,February,2021,17546,1.379841471,,,,,,,,,
3/1/21,1614556800,1405223346,March,2021,16275,1.405223346,,,,,,,,,
3/2/21,1614643200,1463666228,March,2021,17223,1.463666228,,,,,,,,,
3/3/21,1614729600,2597776231,March,2021,27579,2.597776231,,,,,,,,,
3/4/21,1614816000,2637147752,March,2021,25625,2.637147752,,,,,,,,,
3/5/21,1614902400,1225698012,March,2021,11818,1.225698012,,,,,,,,,
3/6/21,1614988800,990033753,March,2021,10104,0.990033753,,,,,,,,,
3/7/21,1615075200,1146676516,March,2021,11878,1.146676516,,,,,,,,,
3/8/21,1615161600,1213173060,March,2021,13951,1.21317306,,,,,,,,,
3/9/21,1615248000,2005771339,March,2021,21101,2.005771339,,,,,,,,,
3/10/21,1615334400,1637695373,March,2021,16366,1.637695373,,,,,,,,,
3/11/21,1615420800,1554312541,March,2021,14526,1.554312541,,,,,,,,,
3/12/21,1615507200,1645013160,March,2021,15436,1.64501316,,,,,,,,,
3/13/21,1615593600,1477537520,March,2021,14114,1.47753752,,,,,,,,,
3/14/21,1615680000,1764208686,March,2021,16349,1.764208686,,,,,,,,,
3/15/21,1615766400,1828342883,March,2021,16746,1.828342883,,,,,,,,,
3/16/21,1615852800,2036578439,March,2021,18170,2.036578439,,,,,,,,,
3/17/21,1615939200,1816764893,March,2021,16103,1.816764893,,,,,,,,,
3/18/21,1616025600,2054505263,March,2021,17480,2.054505263,,,,,,,,,
3/19/21,1616112000,2529671442,March,2021,23842,2.529671442,,,,,,,,,
3/20/21,1616198400,2479479940,March,2021,22371,2.47947994,,,,,,,,,
3/21/21,1616284800,1594410342,March,2021,13914,1.594410342,,,,,,,,,
3/22/21,1616371200,2647538745,March,2021,19565,2.647538745,,,,,,,,,
3/23/21,1616457600,1933467173,March,2021,16711,1.933467173,,,,,,,,,
3/24/21,1616544000,1187808250,March,2021,11741,1.18780825,,,,,,,,,
3/25/21,1616630400,1028325706,March,2021,9599,1.028325706,,,,,,,,,
3/26/21,1616716800,945192216,March,2021,9313,0.945192216,,,,,,,,,
3/27/21,1616803200,1035859921,March,2021,11313,1.035859921,,,,,,,,,
3/28/21,1616889600,8518283603,March,2021,80139,8.518283603,,,,,,,,,
3/29/21,1616976000,3544497090,March,2021,26437,3.54449709,,,,,,,,,
3/30/21,1617062400,2347320640,March,2021,18650,2.34732064,,,,,,,,,
3/31/21,1617148800,2258692150,March,2021,15183,2.25869215,,,,,,,,,
4/1/21,1617235200,6359078603,April,2021,45381,6.359078603,,,,,,,,,
4/2/21,1617321600,3947217173,April,2021,26810,3.947217173,,,,,,,,,
4/3/21,1617408000,2955906891,April,2021,19502,2.955906891,,,,,,,,,
4/4/21,1617494400,2378175929,April,2021,17071,2.378175929,,,,,,,,,
4/5/21,1617580800,3356631298,April,2021,23584,3.356631298,,,,,,,,,
4/6/21,1617667200,3173840673,April,2021,21920,3.173840673,,,,,,,,,
4/7/21,1617753600,2834198242,April,2021,17951,2.834198242,,,,,,,,,
4/8/21,1617840000,2706138389,April,2021,17127,2.706138389,,,,,,,,,
4/9/21,1617926400,2038758124,April,2021,13700,2.038758124,,,,,,,,,
4/10/21,1618012800,1835011630,April,2021,12455,1.83501163,,,,,,,,,
4/11/21,1618099200,1326105590,April,2021,9668,1.32610559,,,,,,,,,
4/12/21,1618185600,1840851117,April,2021,12942,1.840851117,,,,,,,,,
4/13/21,1618272000,1522699519,April,2021,10703,1.522699519,,,,,,,,,
4/14/21,1618358400,2219084998,April,2021,15514,2.219084998,,,,,,,,,
4/15/21,1618444800,1896279019,April,2021,12826,1.896279019,,,,,,,,,
4/16/21,1618531200,1482139777,April,2021,9437,1.482139777,,,,,,,,,
4/17/21,1618617600,1529143436,April,2021,9787,1.529143436,,,,,,,,,
4/18/21,1618704000,2264678755,April,2021,14453,2.264678755,,,,,,,,,
4/19/21,1618790400,2693836116,April,2021,16993,2.693836116,,,,,,,,,
4/20/21,1618876800,4386256820,April,2021,31353,4.38625682,,,,,,,,,
4/21/21,1618963200,4295705747,April,2021,27505,4.295705747,,,,,,,,,
4/22/21,1619049600,3913748659,April,2021,22141,3.913748659,,,,,,,,,
4/23/21,1619136000,3074876830,April,2021,18371,3.07487683,,,,,,,,,
4/24/21,1619222400,2023033501,April,2021,12530,2.023033501,,,,,,,,,
4/25/21,1619308800,2012273821,April,2021,13035,2.012273821,,,,,,,,,
4/26/21,1619395200,2044158975,April,2021,13404,2.044158975,,,,,,,,,
4/27/21,1619481600,1797739156,April,2021,11859,1.797739156,,,,,,,,,
4/28/21,1619568000,2834427904,April,2021,20301,2.834427904,,,,,,,,,
4/29/21,1619654400,2848292422,April,2021,21479,2.848292422,,,,,,,,,
4/30/21,1619740800,6344464870,April,2021,50587,6.34446487,,,,,,,,,
5/1/21,1619827200,9937622151,May,2021,78515,9.937622151,,,,,,,,,
5/2/21,1619913600,6422066150,May,2021,44524,6.42206615,,,,,,,,,
5/3/21,1620000000,8515679242,May,2021,61887,8.515679242,,,,,,,,,
5/4/21,1620086400,6017013528,May,2021,42169,6.017013528,,,,,,,,,
5/5/21,1620172800,5512293026,May,2021,37221,5.512293026,,,,,,,,,
5/6/21,1620259200,6521542518,May,2021,44401,6.521542518,,,,,,,,,
5/7/21,1620345600,7698404502,May,2021,51089,7.698404502,,,,,,,,,
5/8/21,1620432000,6417007655,May,2021,41435,6.417007655,,,,,,,,,
5/9/21,1620518400,6027758329,May,2021,37241,6.027758329,,,,,,,,,
5/10/21,1620604800,6079740410,May,2021,38548,6.07974041,,,,,,,,,
5/11/21,1620691200,5432121688,May,2021,36341,5.432121688,,,,,,,,,
5/12/21,1620777600,6010510057,May,2021,41909,6.010510057,,,,,,,,,
5/13/21,1620864000,5908367968,May,2021,47253,5.908367968,,,,,,,,,
5/14/21,1620950400,7803581490,May,2021,67672,7.80358149,,,,,,,,,
5/15/21,1621036800,5539391478,May,2021,37970,5.539391478,,,,,,,,,
5/16/21,1621123200,5497699986,May,2021,38919,5.497699986,,,,,,,,,
5/17/21,1621209600,6075138843,May,2021,42967,6.075138843,,,,,,,,,
5/18/21,1621296000,4800693741,May,2021,33201,4.800693741,,,,,,,,,
5/19/21,1621382400,6107379944,May,2021,45798,6.107379944,,,,,,,,,
5/20/21,1621468800,4391960909,May,2021,30093,4.391960909,,,,,,,,,
5/21/21,1621555200,3896101158,May,2021,26659,3.896101158,,,,,,,,,
5/22/21,1621641600,3203037952,May,2021,21138,3.203037952,,,,,,,,,
5/23/21,1621728000,4372546835,May,2021,31358,4.372546835,,,,,,,,,
5/24/21,1621814400,3855962638,May,2021,27424,3.855962638,,,,,,,,,
5/25/21,1621900800,3525323106,May,2021,24008,3.525323106,,,,,,,,,
5/26/21,1621987200,2917199071,May,2021,19253,2.917199071,,,,,,,,,
5/27/21,1622073600,2769939449,May,2021,17068,2.769939449,,,,,,,,,
5/28/21,1622160000,2936452415,May,2021,18801,2.936452415,,,,,,,,,
5/29/21,1622246400,2728296029,May,2021,20417,2.728296029,,,,,,,,,
5/30/21,1622332800,2461251724,May,2021,15742,2.461251724,,,,,,,,,
5/31/21,1622419200,2791460675,May,2021,18147,2.791460675,,,,,,,,,
6/1/21,1622505600,4409448590,June,2021,41936,4.40944859,,,,,,,,,
6/2/21,1622592000,3208346971,June,2021,22680,3.208346971,,,,,,,,,
6/3/21,1622678400,2948277838,June,2021,19950,2.948277838,,,,,,,,,
6/4/21,1622764800,2568031031,June,2021,16740,2.568031031,,,,,,,,,
6/5/21,1622851200,2212774731,June,2021,13231,2.212774731,,,,,,,,,
6/6/21,1622937600,1938086040,June,2021,11699,1.93808604,,,,,,,,,
6/7/21,1623024000,2672544273,June,2021,16760,2.672544273,,,,,,,,,
6/8/21,1623110400,2426438644,June,2021,15318,2.426438644,,,,,,,,,
6/9/21,1623196800,2338980643,June,2021,15043,2.338980643,,,,,,,,,
6/10/21,1623283200,2284442262,June,2021,14377,2.284442262,,,,,,,,,
6/11/21,1623369600,2269229213,June,2021,14073,2.269229213,,,,,,,,,
6/12/21,1623456000,2022537639,June,2021,11668,2.022537639,,,,,,,,,
6/13/21,1623542400,2235088981,June,2021,13797,2.235088981,,,,,,,,,
6/14/21,1623628800,2995629341,June,2021,18871,2.995629341,,,,,,,,,
6/15/21,1623715200,2522747740,June,2021,16171,2.52274774,,,,,,,,,
6/16/21,1623801600,2920120606,June,2021,17053,2.920120606,,,,,,,,,
6/17/21,1623888000,2878865375,June,2021,15773,2.878865375,,,,,,,,,
6/18/21,1623974400,2183495580,June,2021,12031,2.18349558,,,,,,,,,
6/19/21,1624060800,1955253516,June,2021,11076,1.955253516,,,,,,,,,
6/20/21,1624147200,2914244059,June,2021,13357,2.914244059,,,,,,,,,
6/21/21,1624233600,2841693054,June,2021,14760,2.841693054,,,,,,,,,
6/22/21,1624320000,2700560076,June,2021,15754,2.700560076,,,,,,,,,
6/23/21,1624406400,2734437493,June,2021,15662,2.734437493,,,,,,,,,
6/24/21,1624492800,2842192568,June,2021,16287,2.842192568,,,,,,,,,
6/25/21,1624579200,4234995927,June,2021,23287,4.234995927,,,,,,,,,
6/26/21,1624665600,3453605663,June,2021,19345,3.453605663,,,,,,,,,
6/27/21,1624752000,2683573075,June,2021,15217,2.683573075,,,,,,,,,
6/28/21,1624838400,1624103294,June,2021,10211,1.624103294,,,,,,,,,
6/29/21,1624924800,8993977791,June,2021,15125,8.993977791,,,,,,,,,
6/30/21,1625011200,2719338144,June,2021,10941,2.719338144,,,,,,,,,
7/1/21,1625097600,1469189491,July,2021,8753,1.469189491,,,,,,,,,
7/2/21,1625184000,1876535829,July,2021,10651,1.876535829,,,,,,,,,
7/3/21,1625270400,3258297096,July,2021,21250,3.258297096,,,,,,,,,
7/4/21,1625356800,2204389863,July,2021,13649,2.204389863,,,,,,,,,
7/5/21,1625443200,2321168486,July,2021,14026,2.321168486,,,,,,,,,
7/6/21,1625529600,2580334631,July,2021,15887,2.580334631,,,,,,,,,
7/7/21,1625616000,6112602863,July,2021,19041,6.112602863,,,,,,,,,
7/8/21,1625702400,3843212494,July,2021,14435,3.843212494,,,,,,,,,
7/9/21,1625788800,2848010836,July,2021,13503,2.848010836,,,,,,,,,
7/10/21,1625875200,1911793178,July,2021,9630,1.911793178,,,,,,,,,
7/11/21,1625961600,2042168727,July,2021,10474,2.042168727,,,,,,,,,
7/12/21,1626048000,2510900673,July,2021,13173,2.510900673,,,,,,,,,
7/13/21,1626134400,2285548559,July,2021,11403,2.285548559,,,,,,,,,
7/14/21,1626220800,2563862132,July,2021,12225,2.563862132,,,,,,,,,
7/15/21,1626307200,2236249989,July,2021,12461,2.236249989,,,,,,,,,
7/16/21,1626393600,2418665057,July,2021,13388,2.418665057,,,,,,,,,
7/17/21,1626480000,2085531555,July,2021,10736,2.085531555,,,,,,,,,
7/18/21,1626566400,1809658510,July,2021,10081,1.80965851,,,,,,,,,
7/19/21,1626652800,1948670964,July,2021,11218,1.948670964,,,,,,,,,
7/20/21,1626739200,1947564867,July,2021,11366,1.947564867,,,,,,,,,
7/21/21,1626825600,2060066914,July,2021,11965,2.060066914,,,,,,,,,
7/22/21,1626912000,1817226009,July,2021,10089,1.817226009,,,,,,,,,
7/23/21,1626998400,2020841422,July,2021,10782,2.020841422,,,,,,,,,
7/24/21,1627084800,1808715916,July,2021,9372,1.808715916,,,,,,,,,
7/25/21,1627171200,1683256502,July,2021,9225,1.683256502,,,,,,,,,
7/26/21,1627257600,2602351167,July,2021,15755,2.602351167,,,,,,,,,
7/27/21,1627344000,2183042872,July,2021,12834,2.183042872,,,,,,,,,
7/28/21,1627430400,2360532146,July,2021,13546,2.360532146,,,,,,,,,
7/29/21,1627516800,2699027393,July,2021,18600,2.699027393,,,,,,,,,
7/30/21,1627603200,2261207530,July,2021,16742,2.26120753,,,,,,,,,
7/31/21,1627689600,1728835160,July,2021,11131,1.72883516,,,,,,,,,
8/1/21,1627776000,1931939210,August,2021,12568,1.93193921,,,,,,,,,
8/2/21,1627862400,2143899249,August,2021,12851,2.143899249,,,,,,,,,
8/3/21,1627948800,2058570565,August,2021,12456,2.058570565,,,,,,,,,
8/4/21,1628035200,1845465263,August,2021,11002,1.845465263,,,,,,,,,
8/5/21,1628121600,1774762631,August,2021,10640,1.774762631,,,,,,,,,
8/6/21,1628208000,2187172268,August,2021,12983,2.187172268,,,,,,,,,
8/7/21,1628294400,1934720656,August,2021,11402,1.934720656,,,,,,,,,
8/8/21,1628380800,1597882524,August,2021,9513,1.597882524,,,,,,,,,
8/9/21,1628467200,2338954376,August,2021,13495,2.338954376,,,,,,,,,
8/10/21,1628553600,6245133239,August,2021,26077,6.245133239,,,,,,,,,
8/11/21,1628640000,19282268189,August,2021,37938,19.28226819,,,,,,,,,
8/12/21,1628726400,9641421005,August,2021,18069,9.641421005,,,,,,,,,
8/13/21,1628812800,5191258662,August,2021,17154,5.191258662,,,,,,,,,
8/14/21,1628899200,3280054943,August,2021,13380,3.280054943,,,,,,,,,
8/15/21,1628985600,2841745516,August,2021,12489,2.841745516,,,,,,,,,
8/16/21,1629072000,4333047947,August,2021,23271,4.333047947,,,,,,,,,
8/17/21,1629158400,5737115556,August,2021,34237,5.737115556,,,,,,,,,
8/18/21,1629244800,6752455126,August,2021,41500,6.752455126,,,,,,,,,
8/19/21,1629331200,12445030318,August,2021,84427,12.44503032,,,,,,,,,
8/20/21,1629417600,13710003896,August,2021,91288,13.7100039,,,,,,,,,
8/21/21,1629504000,23466159842,August,2021,169718,23.46615984,,,,,,,,,
8/22/21,1629590400,13814069764,August,2021,102298,13.81406976,,,,,,,,,
8/23/21,1629676800,18866592155,August,2021,134848,18.86659216,,,,,,,,,
8/24/21,1629763200,22183893426,August,2021,157854,22.18389343,,,,,,,,,
8/25/21,1629849600,31278144786,August,2021,217288,31.27814479,,,,,,,,,
8/26/21,1629936000,29857507786,August,2021,184544,29.85750779,,,,,,,,,
8/27/21,1630022400,34565683373,August,2021,229933,34.56568337,,,,,,,,,
8/28/21,1630108800,28778986910,August,2021,188017,28.77898691,,,,,,,,,
8/29/21,1630195200,25536276295,August,2021,160770,25.5362763,,,,,,,,,
8/30/21,1630281600,23977550368,August,2021,160024,23.97755037,,,,,,,,,
8/31/21,1630368000,18108767978,August,2021,115195,18.10876798,,,,,,,,,
9/1/21,1630454400,17690351363,September,2021,116300,17.69035136,,,,,,,,,
9/2/21,1630540800,23616859688,September,2021,151844,23.61685969,,,,,,,,,
9/3/21,1630627200,19161539910,September,2021,118303,19.16153991,,,,,,,,,
9/4/21,1630713600,16790443189,September,2021,96303,16.79044319,,,,,,,,,
9/5/21,1630800000,14739170664,September,2021,84631,14.73917066,,,,,,,,,
9/6/21,1630886400,20139283727,September,2021,131288,20.13928373,,,,,,,,,
9/7/21,1630972800,21793523532,September,2021,130402,21.79352353,,,,,,,,,
9/8/21,1631059200,19496521784,September,2021,125793,19.49652178,,,,,,,,,
9/9/21,1631145600,24448732826,September,2021,131821,24.44873283,,,,,,,,,
9/10/21,1631232000,34016271393,September,2021,169551,34.01627139,,,,,,,,,
9/11/21,1631318400,31509781394,September,2021,186079,31.50978139,,,,,,,,,
9/12/21,1631404800,31900479230,September,2021,215451,31.90047923,,,,,,,,,
9/13/21,1631491200,24760139615,September,2021,154903,24.76013962,,,,,,,,,
9/14/21,1631577600,22633416910,September,2021,144660,22.63341691,,,,,,,,,
9/15/21,1631664000,32913948882,September,2021,192639,32.91394888,,,,,,,,,
9/16/21,1631750400,30619740031,September,2021,195978,30.61974003,,,,,,,,,
9/17/21,1631836800,24748456258,September,2021,160848,24.74845626,,,,,,,,,
9/18/21,1631923200,25767467310,September,2021,168389,25.76746731,,,,,,,,,
9/19/21,1632009600,25152009985,September,2021,173133,25.15200999,,,,,,,,,
9/20/21,1632096000,40851887729,September,2021,178091,40.85188773,,,,,,,,,
9/21/21,1632182400,24032421547,September,2021,154805,24.03242155,,,,,,,,,
9/22/21,1632268800,24725922636,September,2021,155478,24.72592264,,,,,,,,,
9/23/21,1632355200,34739684718,September,2021,212184,34.73968472,,,,,,,,,
9/24/21,1632441600,30798259138,September,2021,203846,30.79825914,,,,,,,,,
9/25/21,1632528000,26250205300,September,2021,157700,26.2502053,,,,,,,,,
9/26/21,1632614400,24273743606,September,2021,146319,24.27374361,,,,,,,,,
9/27/21,1632700800,31887418305,September,2021,208186,31.88741831,,,,,,,,,
9/28/21,1632787200,27583871847,September,2021,172081,27.58387185,,,,,,,,,
9/29/21,1632873600,28132922915,September,2021,172188,28.13292292,,,,,,,,,
9/30/21,1632960000,28018498801,September,2021,170813,28.0184988,,,,,,,,,
10/1/21,1633046400,29953490170,October,2021,194298,29.95349017,,,,,,,,,
10/2/21,1633132800,30968136451,October,2021,161068,30.96813645,,,,,,,,,
10/3/21,1633219200,25735644579,October,2021,153561,25.73564458,,,,,,,,,
10/4/21,1633305600,44526346202,October,2021,251518,44.5263462,,,,,,,,,
10/5/21,1633392000,61043946703,October,2021,285422,61.0439467,,,,,,,,,
10/6/21,1633478400,42701810544,October,2021,229308,42.70181054,,,,,,,,,
10/7/21,1633564800,35630415317,October,2021,192434,35.63041532,,,,,,,,,
10/8/21,1633651200,38590203233,October,2021,219455,38.59020323,,,,,,,,,
10/9/21,1633737600,30125686076,October,2021,180294,30.12568608,,,,,,,,,
10/10/21,1633824000,36448332327,October,2021,230529,36.44833233,,,,,,,,,
10/11/21,1633910400,40522010346,October,2021,250070,40.52201035,,,,,,,,,
10/12/21,1633996800,41312430921,October,2021,244210,41.31243092,,,,,,,,,
10/13/21,1634083200,35730468937,October,2021,201622,35.73046894,,,,,,,,,
10/14/21,1634169600,31224475823,October,2021,176739,31.22447582,,,,,,,,,
10/15/21,1634256000,36741961666,October,2021,224402,36.74196167,,,,,,,,,
10/16/21,1634342400,30646637070,October,2021,182453,30.64663707,,,,,,,,,
10/17/21,1634428800,28061124712,October,2021,161121,28.06112471,,,,,,,,,
10/18/21,1634515200,34826062108,October,2021,196489,34.82606211,,,,,,,,,
10/19/21,1634601600,31266701414,October,2021,188584,31.26670141,,,,,,,,,
10/20/21,1634688000,41191234436,October,2021,283279,41.19123444,,,,,,,,,
10/21/21,1634774400,47418014723,October,2021,286179,47.41801472,,,,,,,,,
10/22/21,1634860800,63804840375,October,2021,420001,63.80484038,,,,,,,,,
10/23/21,1634947200,51061271590,October,2021,329813,51.06127159,,,,,,,,,
10/24/21,1635033600,44895954380,October,2021,331435,44.89595438,,,,,,,,,
10/25/21,1635120000,52444754324,October,2021,360481,52.44475432,,,,,,,,,
10/26/21,1635206400,70816756042,October,2021,470623,70.81675604,,,,,,,,,
10/27/21,1635292800,48676304456,October,2021,314319,48.67630446,,,,,,,,,
10/28/21,1635379200,42348977249,October,2021,283370,42.34897725,,,,,,,,,
10/29/21,1635465600,40823160317,October,2021,277968,40.82316032,,,,,,,,,
10/30/21,1635552000,36348492955,October,2021,260017,36.34849296,,,,,,,,,
10/31/21,1635638400,42693900524,October,2021,287583,42.69390052,,,,,,,,,
11/1/21,1635724800,40975464925,November,2021,255203,40.97546493,,,,,,,,,
11/2/21,1635811200,44818083759,November,2021,279974,44.81808376,,,,,,,,,
11/3/21,1635897600,47687643822,November,2021,297357,47.68764382,,,,,,,,,
11/4/21,1635984000,48332221572,November,2021,304436,48.33222157,,,,,,,,,
11/5/21,1636070400,49827649964,November,2021,343850,49.82764996,,,,,,,,,
11/6/21,1636156800,53260450713,November,2021,382106,53.26045071,,,,,,,,,
11/7/21,1636243200,47456682851,November,2021,309120,47.45668285,,,,,,,,,
11/8/21,1636329600,85710900318,November,2021,556581,85.71090032,,,,,,,,,
11/9/21,1636416000,72383862827,November,2021,453806,72.38386283,,,,,,,,,
11/10/21,1636502400,71190635306,November,2021,466196,71.19063531,,,,,,,,,
11/11/21,1636588800,57217202774,November,2021,353876,57.21720277,,,,,,,,,
11/12/21,1636675200,55491978657,November,2021,329236,55.49197866,,,,,,,,,
11/13/21,1636761600,71528037987,November,2021,519992,71.52803799,,,,,,,,,
11/14/21,1636848000,61855860876,November,2021,393929,61.85586088,,,,,,,,,
11/15/21,1636934400,76524817257,November,2021,514023,76.52481726,,,,,,,,,
11/16/21,1637020800,72615531900,November,2021,459272,72.6155319,,,,,,,,,
11/17/21,1637107200,79375351327,November,2021,534001,79.37535133,,,,,,,,,
11/18/21,1637193600,92180114247,November,2021,664674,92.18011425,,,,,,,,,
11/19/21,1637280000,75484138229,November,2021,519677,75.48413823,,,,,,,,,
11/20/21,1637366400,83471588511,November,2021,587912,83.47158851,,,,,,,,,
11/21/21,1637452800,91608432980,November,2021,669756,91.60843298,,,,,,,,,
11/22/21,1637539200,93517950733,November,2021,610864,93.51795073,,,,,,,,,
11/23/21,1637625600,97725127036,November,2021,608527,97.72512704,,,,,,,,,
11/24/21,1637712000,92330735853,November,2021,603653,92.33073585,,,,,,,,,
11/25/21,1637798400,90238322996,November,2021,643920,90.238323,,,,,,,,,
11/26/21,1637884800,90619645949,November,2021,700988,90.61964595,,,,,,,,,
11/27/21,1637971200,74515474055,November,2021,516142,74.51547406,,,,,,,,,
11/28/21,1638057600,70907686086,November,2021,506723,70.90768609,,,,,,,,,
11/29/21,1638144000,73467785939,November,2021,541509,73.46778594,,,,,,,,,
11/30/21,1638230400,77187029683,November,2021,539943,77.18702968,,,,,,,,,
12/1/21,1638316800,78269306252,December,2021,549246,78.26930625,,,,,,,,,
12/2/21,1638403200,93035943157,December,2021,548172,93.03594316,,,,,,,,,
12/3/21,1638489600,1.01271E+11,December,2021,627682,101.2713721,,,,,,,,,
12/4/21,1638576000,1.08727E+11,December,2021,655752,108.7265135,,,,,,,,,
12/5/21,1638662400,79444090386,December,2021,493018,79.44409039,,,,,,,,,
12/6/21,1638748800,97514200416,December,2021,639438,97.51420042,,,,,,,,,
12/7/21,1638835200,93795122578,December,2021,615379,93.79512258,,,,,,,,,
12/8/21,1638921600,1.03023E+11,December,2021,750855,103.0226647,,,,,,,,,
12/9/21,1639008000,1.0296E+11,December,2021,700843,102.9600333,,,,,,,,,
12/10/21,1639094400,1.04016E+11,December,2021,668402,104.0158995,,,,,,,,,
12/11/21,1639180800,1.03401E+11,December,2021,626314,103.400806,,,,,,,,,
12/12/21,1639267200,1.14089E+11,December,2021,625384,114.0887916,,,,,,,,,
12/13/21,1639353600,1.32076E+11,December,2021,722863,132.0757769,,,,,,,,,
12/14/21,1639440000,1.22984E+11,December,2021,717077,122.9836874,,,,,,,,,
12/15/21,1639526400,1.12628E+11,December,2021,731079,112.6280267,,,,,,,,,
12/16/21,1639612800,1.11295E+11,December,2021,734852,111.2947413,,,,,,,,,
12/17/21,1639699200,1.14984E+11,December,2021,756012,114.9835381,,,,,,,,,
12/18/21,1639785600,1.05322E+11,December,2021,693769,105.3223687,,,,,,,,,
12/19/21,1639872000,1.00418E+11,December,2021,645638,100.4179693,,,,,,,,,
12/20/21,1639958400,1.36744E+11,December,2021,877021,136.7435449,,,,,,,,,
12/21/21,1640044800,1.30532E+11,December,2021,893548,130.5320374,,,,,,,,,
12/22/21,1640131200,1.52677E+11,December,2021,959720,152.6772135,,,,,,,,,
12/23/21,1640217600,1.26304E+11,December,2021,827044,126.3037039,,,,,,,,,
12/24/21,1640304000,1.13019E+11,December,2021,649323,113.0189565,,,,,,,,,
12/25/21,1640390400,78629695448,December,2021,496372,78.62969545,,,,,,,,,
12/26/21,1640476800,82350830544,December,2021,556615,82.35083054,,,,,,,,,
12/27/21,1640563200,1.0642E+11,December,2021,665344,106.4200009,,,,,,,,,
12/28/21,1640649600,1.0525E+11,December,2021,696089,105.24974,,,,,,,,,
12/29/21,1640736000,89836599445,December,2021,601794,89.83659945,,,,,,,,,
12/30/21,1640822400,86813288022,December,2021,586505,86.81328802,,,,,,,,,
12/31/21,1640908800,78515180047,December,2021,558763,78.51518005,,,,,,,,,
1/1/22,1640995200,74122310135,January,2022,515658,74.12231014,,,,,,,,,
1/2/22,1641081600,91408374654,January,2022,675179,91.40837465,,,,,,,,,
1/3/22,1641168000,1.01698E+11,January,2022,696446,101.69794,,,,,,,,,
1/4/22,1641254400,94937098144,January,2022,677192,94.93709814,,,,,,,,,
1/5/22,1641340800,1.01385E+11,January,2022,728119,101.3854126,,,,,,,,,
1/6/22,1641427200,97134234141,January,2022,737200,97.13423414,,,,,,,,,
1/7/22,1641513600,1.13494E+11,January,2022,894876,113.4935416,,,,,,,,,
1/8/22,1641600000,95369138112,January,2022,696913,95.36913811,,,,,,,,,
1/9/22,1641686400,85678118960,January,2022,626947,85.67811896,,,,,,,,,
1/10/22,1641772800,88572211998,January,2022,663005,88.572212,,,,,,,,,
1/11/22,1641859200,89561703169,January,2022,670971,89.56170317,,,,,,,,,
1/12/22,1641945600,89928796215,January,2022,685423,89.92879622,,,,,,,,,
1/13/22,1642032000,81319693932,January,2022,609509,81.31969393,,,,,,,,,
1/14/22,1642118400,94694465261,January,2022,680696,94.69446526,,,,,,,,,
1/15/22,1642204800,96412054609,January,2022,726921,96.41205461,,,,,,,,,
1/16/22,1642291200,1.05284E+11,January,2022,806896,105.2836844,,,,,,,,,
1/17/22,1642377600,1.23574E+11,January,2022,1010496,123.573873,,,,,,,,,
1/18/22,1642464000,1.02568E+11,January,2022,810977,102.5678012,,,,,,,,,
1/19/22,1642550400,1.02957E+11,January,2022,811164,102.9570935,,,,,,,,,
1/20/22,1642636800,1.03649E+11,January,2022,762659,103.6489258,,,,,,,,,
1/21/22,1642723200,1.1685E+11,January,2022,812009,116.8504967,,,,,,,,,
1/22/22,1642809600,1.13854E+11,January,2022,829590,113.8541905,,,,,,,,,
1/23/22,1642896000,96071828698,January,2022,718996,96.0718287,,,,,,,,,
1/24/22,1642982400,1.07642E+11,January,2022,748197,107.6422096,,,,,,,,,
1/25/22,1643068800,1.01082E+11,January,2022,729935,101.0824072,,,,,,,,,
1/26/22,1643155200,1.23063E+11,January,2022,943782,123.0630318,,,,,,,,,
1/27/22,1643241600,1.34315E+11,January,2022,1100404,134.3149671,,,,,,,,,
1/28/22,1643328000,1.162E+11,January,2022,827066,116.1995903,,,,,,,,,
1/29/22,1643414400,1.24056E+11,January,2022,911356,124.0558592,,,,,,,,,
1/30/22,1643500800,1.13205E+11,January,2022,831052,113.2051624,,,,,,,,,
1/31/22,1643587200,1.32265E+11,January,2022,904472,132.2653246,,,,,,,,,
2/1/22,1643673600,1.28652E+11,February,2022,969814,128.6519043,,,,,,,,,
2/2/22,1643760000,1.21725E+11,February,2022,920330,121.7248852,,,,,,,,,
2/3/22,1643846400,1.23399E+11,February,2022,892769,123.3991731,,,,,,,,,
2/4/22,1643932800,1.25821E+11,February,2022,938969,125.8209726,,,,,,,,,
2/5/22,1644019200,1.17435E+11,February,2022,896925,117.4354603,,,,,,,,,
2/6/22,1644105600,1.25613E+11,February,2022,983514,125.6128325,,,,,,,,,
2/7/22,1644192000,1.38697E+11,February,2022,1070358,138.6974665,,,,,,,,,
2/8/22,1644278400,1.38402E+11,February,2022,1081911,138.4015119,,,,,,,,,
2/9/22,1644364800,1.31067E+11,February,2022,1004574,131.0670158,,,,,,,,,
2/10/22,1644451200,1.51506E+11,February,2022,1045208,151.5058498,,,,,,,,,
2/11/22,1644537600,1.42395E+11,February,2022,1016129,142.3945661,,,,,,,,,
2/12/22,1644624000,1.30077E+11,February,2022,1007360,130.0774665,,,,,,,,,
2/13/22,1644710400,1.21533E+11,February,2022,877147,121.5334694,,,,,,,,,
2/14/22,1644796800,1.21203E+11,February,2022,817097,121.2032815,,,,,,,,,
2/15/22,1644883200,1.35429E+11,February,2022,946246,135.4285838,,,,,,,,,
2/16/22,1644969600,1.40395E+11,February,2022,934818,140.3949686,,,,,,,,,
2/17/22,1645056000,1.40375E+11,February,2022,954536,140.3753187,,,,,,,,,
2/18/22,1645142400,1.36244E+11,February,2022,915502,136.2438081,,,,,,,,,
2/19/22,1645228800,1.38474E+11,February,2022,942811,138.4738989,,,,,,,,,
2/20/22,1645315200,1.42269E+11,February,2022,996667,142.2685289,,,,,,,,,
2/21/22,1645401600,1.44041E+11,February,2022,1024820,144.0413451,,,,,,,,,
2/22/22,1645488000,1.43576E+11,February,2022,993342,143.5761784,,,,,,,,,
2/23/22,1645574400,1.45529E+11,February,2022,1027578,145.52878,,,,,,,,,
2/24/22,1645660800,1.45394E+11,February,2022,1040061,145.3939362,,,,,,,,,
2/25/22,1645747200,1.42973E+11,February,2022,1018962,142.9733775,,,,,,,,,
2/26/22,1645833600,1.34218E+11,February,2022,976726,134.2182857,,,,,,,,,
2/27/22,1645920000,1.41587E+11,February,2022,987886,141.587208,,,,,,,,,
2/28/22,1646006400,1.50013E+11,February,2022,1041081,150.0132487,,,,,,,,,
3/1/22,1646092800,1.5014E+11,March,2022,1031112,150.1396166,,,,,,,,,
3/2/22,1646179200,1.50775E+11,March,2022,1075955,150.7754804,,,,,,,,,
3/3/22,1646265600,1.50044E+11,March,2022,1076987,150.0437946,,,,,,,,,
3/4/22,1646352000,1.48887E+11,March,2022,1060451,148.8870007,,,,,,,,,
3/5/22,1646438400,1.47326E+11,March,2022,1015134,147.3263962,,,,,,,,,
3/6/22,1646524800,1.44612E+11,March,2022,1005864,144.6121294,,,,,,,,,
3/7/22,1646611200,1.43681E+11,March,2022,787900,143.6811728,,,,,,,,,
3/8/22,1646697600,1.41428E+11,March,2022,727287,141.4281966,,,,,,,,,
3/9/22,1646784000,1.41685E+11,March,2022,755018,141.684915,,,,,,,,,
3/10/22,1646870400,1.43354E+11,March,2022,747298,143.3538489,,,,,,,,,
3/11/22,1646956800,1.45666E+11,March,2022,782101,145.6663924,,,,,,,,,
3/12/22,1647043200,1.44531E+11,March,2022,776855,144.5306499,,,,,,,,,
3/13/22,1647129600,1.52697E+11,March,2022,786563,152.6966498,,,,,,,,,
3/14/22,1647216000,1.52901E+11,March,2022,844881,152.9007809,,,,,,,,,
3/15/22,1647302400,1.54209E+11,March,2022,861336,154.2088918,,,,,,,,,
3/16/22,1647388800,1.52744E+11,March,2022,783542,152.7435412,,,,,,,,,
3/17/22,1647475200,1.53196E+11,March,2022,818057,153.1956151,,,,,,,,,
3/18/22,1647561600,1.53387E+11,March,2022,812355,153.3865529,,,,,,,,,
3/19/22,1647648000,1.52429E+11,March,2022,814821,152.4288764,,,,,,,,,
3/20/22,1647734400,1.54102E+11,March,2022,774910,154.101632,,,,,,,,,
3/21/22,1647820800,1.54484E+11,March,2022,821038,154.4838044,,,,,,,,,
3/22/22,1647907200,1.54662E+11,March,2022,836793,154.6622313,,,,,,,,,
3/23/22,1647993600,1.54019E+11,March,2022,833563,154.0194086,,,,,,,,,
3/24/22,1648080000,1.53376E+11,March,2022,845987,153.3759779,,,,,,,,,
3/25/22,1648166400,1.53806E+11,March,2022,835494,153.8063038,,,,,,,,,
3/26/22,1648252800,1.51704E+11,March,2022,811421,151.7044945,,,,,,,,,
3/27/22,1648339200,1.45276E+11,March,2022,807265,145.2759595,,,,,,,,,
3/28/22,1648425600,1.54676E+11,March,2022,870360,154.675809,,,,,,,,,
3/29/22,1648512000,1.5453E+11,March,2022,871975,154.5296033,,,,,,,,,
3/30/22,1648598400,1.53804E+11,March,2022,878014,153.8043836,,,,,,,,,
3/31/22,1648684800,1.5423E+11,March,2022,882523,154.2301526,,,,,,,,,
4/1/22,1648771200,1.53921E+11,April,2022,868382,153.9208318,,,,,,,,,
4/2/22,1648857600,1.53793E+11,April,2022,887146,153.7927917,,,,,,,,,
4/3/22,1648944000,1.53254E+11,April,2022,859396,153.2542241,,,,,,,,,
4/4/22,1649030400,1.55505E+11,April,2022,851939,155.5045108,,,,,,,,,
4/5/22,1649116800,1.54474E+11,April,2022,846619,154.4736804,,,,,,,,,
4/6/22,1649203200,1.54901E+11,April,2022,849517,154.9012526,,,,,,,,,
4/7/22,1649289600,1.5635E+11,April,2022,842319,156.3501989,,,,,,,,,
4/8/22,1649376000,1.56133E+11,April,2022,856125,156.1330405,,,,,,,,,
4/9/22,1649462400,1.5494E+11,April,2022,844332,154.9402218,,,,,,,,,
4/10/22,1649548800,1.56797E+11,April,2022,815538,156.7969024,,,,,,,,,
4/11/22,1649635200,1.58044E+11,April,2022,824060,158.0442576,,,,,,,,,
4/12/22,1649721600,1.55678E+11,April,2022,850100,155.6780872,,,,,,,,,
4/13/22,1649808000,1.56934E+11,April,2022,864147,156.9341607,,,,,,,,,
4/14/22,1649894400,1.56034E+11,April,2022,882984,156.0337222,,,,,,,,,
4/15/22,1649980800,1.56209E+11,April,2022,881670,156.2093025,,,,,,,,,
4/16/22,1650067200,1.5376E+11,April,2022,877287,153.7601995,,,,,,,,,
4/17/22,1650153600,1.55095E+11,April,2022,838158,155.0950023,,,,,,,,,
4/18/22,1650240000,1.57031E+11,April,2022,802335,157.0314199,,,,,,,,,
4/19/22,1650326400,1.57316E+11,April,2022,811601,157.3157911,,,,,,,,,
4/20/22,1650412800,1.58051E+11,April,2022,846603,158.0510433,,,,,,,,,
4/21/22,1650499200,1.57681E+11,April,2022,820556,157.6807804,,,,,,,,,
4/22/22,1650585600,1.56979E+11,April,2022,816859,156.97865,,,,,,,,,
4/23/22,1650672000,1.56451E+11,April,2022,829825,156.4509135,,,,,,,,,
4/24/22,1650758400,1.56656E+11,April,2022,813365,156.6560185,,,,,,,,,
4/25/22,1650844800,1.56991E+11,April,2022,841948,156.9911624,,,,,,,,,
4/26/22,1650931200,1.57233E+11,April,2022,840254,157.2330869,,,,,,,,,
4/27/22,1651017600,1.57196E+11,April,2022,821134,157.1963213,,,,,,,,,
4/28/22,1651104000,1.54834E+11,April,2022,796214,154.8337569,,,,,,,,,
4/29/22,1651190400,1.52325E+11,April,2022,792891,152.3247761,,,,,,,,,
4/30/22,1651276800,1.52569E+11,April,2022,792156,152.5692548,,,,,,,,,
5/1/22,1651363200,1.53047E+11,May,2022,798532,153.0470291,,,,,,,,,
5/2/22,1651449600,1.54832E+11,May,2022,822182,154.8316835,,,,,,,,,
5/3/22,1651536000,1.56063E+11,May,2022,823544,156.0625188,,,,,,,,,
5/4/22,1651622400,1.56609E+11,May,2022,833842,156.6086255,,,,,,,,,
5/5/22,1651708800,1.56347E+11,May,2022,840249,156.3466073,,,,,,,,,
5/6/22,1651795200,1.55127E+11,May,2022,934030,155.1274022,,,,,,,,,
5/7/22,1651881600,1.5369E+11,May,2022,851125,153.6900869,,,,,,,,,
5/8/22,1651968000,1.52912E+11,May,2022,812481,152.9123709,,,,,,,,,
5/9/22,1652054400,1.54149E+11,May,2022,836015,154.1493248,,,,,,,,,
5/10/22,1652140800,1.53768E+11,May,2022,825927,153.7683009,,,,,,,,,
5/11/22,1652227200,1.52704E+11,May,2022,876103,152.7040845,,,,,,,,,
5/12/22,1652313600,1.50864E+11,May,2022,886518,150.8643861,,,,,,,,,
5/13/22,1652400000,1.46876E+11,May,2022,745314,146.8760329,,,,,,,,,
5/14/22,1652486400,1.02918E+11,May,2022,517527,102.917732,,,,,,,,,
5/15/22,1652572800,83815134840,May,2022,446496,83.81513484,,,,,,,,,
5/16/22,1652659200,78391307166,May,2022,417578,78.39130717,,,,,,,,,
5/17/22,1652745600,69475741259,May,2022,365998,69.47574126,,,,,,,,,
5/18/22,1652832000,75762798105,May,2022,358474,75.76279811,,,,,,,,,
5/19/22,1652918400,71819856171,May,2022,326796,71.81985617,,,,,,,,,
5/20/22,1653004800,68920220184,May,2022,370116,68.92022018,,,,,,,,,
5/21/22,1653091200,49374745023,May,2022,257544,49.37474502,,,,,,,,,
5/22/22,1653177600,41230700091,May,2022,225201,41.23070009,,,,,,,,,
5/23/22,1653264000,48311685523,May,2022,267418,48.31168552,,,,,,,,,
5/24/22,1653350400,41981762683,May,2022,229331,41.98176268,,,,,,,,,
5/25/22,1653436800,42884808934,May,2022,234868,42.88480893,,,,,,,,,
5/26/22,1653523200,50708909518,May,2022,287823,50.70890952,,,,,,,,,
5/27/22,1653609600,55257647186,May,2022,302101,55.25764719,,,,,,,,,
5/28/22,1653696000,38259842364,May,2022,214822,38.25984236,,,,,,,,,
5/29/22,1653782400,36199493364,May,2022,201939,36.19949336,,,,,,,,,
5/30/22,1653868800,47262130453,May,2022,250089,47.26213045,,,,,,,,,
5/31/22,1653955200,45202129216,May,2022,244567,45.20212922,,,,,,,,,
6/1/22,1654041600,45637266925,June,2022,238856,45.63726693,,,,,,,,,
6/2/22,1654128000,45169823310,June,2022,224045,45.16982331,,,,,,,,,
6/3/22,1654214400,42762598437,June,2022,216763,42.76259844,,,,,,,,,
6/4/22,1654300800,33286686760,June,2022,183355,33.28668676,,,,,,,,,
6/5/22,1654387200,33204578225,June,2022,181698,33.20457823,,,,,,,,,
6/6/22,1654473600,42399849874,June,2022,229367,42.39984987,,,,,,,,,
6/7/22,1654560000,41263381671,June,2022,227764,41.26338167,,,,,,,,,
6/8/22,1654646400,37127681616,June,2022,200189,37.12768162,,,,,,,,,
6/9/22,1654732800,33749940476,June,2022,184660,33.74994048,,,,,,,,,
6/10/22,1654819200,36656497749,June,2022,202661,36.65649775,,,,,,,,,
6/11/22,1654905600,40279172737,June,2022,218193,40.27917274,,,,,,,,,
6/12/22,1654992000,49283482677,June,2022,271274,49.28348268,,,,,,,,,
6/13/22,1655078400,86460158277,June,2022,484169,86.46015828,,,,,,,,,
6/14/22,1655164800,57949616379,June,2022,311429,57.94961638,,,,,,,,,
6/15/22,1655251200,61917408594,June,2022,333309,61.91740859,,,,,,,,,
6/16/22,1655337600,62727765855,June,2022,267252,62.72776586,,,,,,,,,
6/17/22,1655424000,49317440653,June,2022,222681,49.31744065,,,,,,,,,
6/18/22,1655510400,60615164596,June,2022,308687,60.6151646,,,,,,,,,
6/19/22,1655596800,54965833710,June,2022,247777,54.96583371,,,,,,,,,
6/20/22,1655683200,53688336260,June,2022,259507,53.68833626,,,,,,,,,
6/21/22,1655769600,44228703302,June,2022,232040,44.2287033,,,,,,,,,
6/22/22,1655856000,41974144753,June,2022,219456,41.97414475,,,,,,,,,
6/23/22,1655942400,46101662008,June,2022,254167,46.10166201,,,,,,,,,
6/24/22,1656028800,51049321480,June,2022,286259,51.04932148,,,,,,,,,
6/25/22,1656115200,42310528215,June,2022,230923,42.31052822,,,,,,,,,
6/26/22,1656201600,40132765902,June,2022,218940,40.1327659,,,,,,,,,
6/27/22,1656288000,42129780036,June,2022,225716,42.12978004,,,,,,,,,
6/28/22,1656374400,41419213692,June,2022,223644,41.41921369,,,,,,,,,
6/29/22,1656460800,49059868653,June,2022,247915,49.05986865,,,,,,,,,
6/30/22,1656547200,50294926007,June,2022,267235,50.29492601,,,,,,,,,
7/1/22,1656633600,45918222316,July,2022,239996,45.91822232,,,,,,,,,
7/2/22,1656720000,40827621848,July,2022,227096,40.82762185,,,,,,,,,
7/3/22,1656806400,40865462189,July,2022,221888,40.86546219,,,,,,,,,
7/4/22,1656892800,45282221284,July,2022,217188,45.28222128,,,,,,,,,
7/5/22,1656979200,38535370716,July,2022,204941,38.53537072,,,,,,,,,
7/6/22,1657065600,41485722206,July,2022,216205,41.48572221,,,,,,,,,
7/7/22,1657152000,43828478044,July,2022,219649,43.82847804,,,,,,,,,
7/8/22,1657238400,39655383318,July,2022,215336,39.65538332,,,,,,,,,
7/9/22,1657324800,30078000278,July,2022,159807,30.07800028,,,,,,,,,
7/10/22,1657411200,30661403154,July,2022,162297,30.66140315,,,,,,,,,
7/11/22,1657497600,35682337089,July,2022,194937,35.68233709,,,,,,,,,
7/12/22,1657584000,34019130310,July,2022,197788,34.01913031,,,,,,,,,
7/13/22,1657670400,37943186745,July,2022,206145,37.94318675,,,,,,,,,
7/14/22,1657756800,37102481578,July,2022,208988,37.10248158,,,,,,,,,
7/15/22,1657843200,38406950824,July,2022,202465,38.40695082,,,,,,,,,
7/16/22,1657929600,31990737292,July,2022,174635,31.99073729,,,,,,,,,
7/17/22,1658016000,33364001783,July,2022,180574,33.36400178,,,,,,,,,
7/18/22,1658102400,45597489715,July,2022,250414,45.59748972,,,,,,,,,
7/19/22,1658188800,43934060795,July,2022,255894,43.9340608,,,,,,,,,
7/20/22,1658275200,42993459791,July,2022,246155,42.99345979,,,,,,,,,
7/21/22,1658361600,38265245901,July,2022,212265,38.2652459,,,,,,,,,
7/22/22,1658448000,34456088709,July,2022,196011,34.45608871,,,,,,,,,
7/23/22,1658534400,30166812318,July,2022,177769,30.16681232,,,,,,,,,
7/24/22,1658620800,35656900100,July,2022,209831,35.6569001,,,,,,,,,
7/25/22,1658707200,39967028626,July,2022,224714,39.96702863,,,,,,,,,
7/26/22,1658793600,36789670424,July,2022,206964,36.78967042,,,,,,,,,
7/27/22,1658880000,39971038518,July,2022,218829,39.97103852,,,,,,,,,
7/28/22,1658966400,40307464839,July,2022,227312,40.30746484,,,,,,,,,
7/29/22,1659052800,39671084840,July,2022,232382,39.67108484,,,,,,,,,
7/30/22,1659139200,36681985133,July,2022,205747,36.68198513,,,,,,,,,
7/31/22,1659225600,33486284953,July,2022,185746,33.48628495,,,,,,,,,
8/1/22,1659312000,38022751357,August,2022,207371,38.02275136,,,,,,,,,
8/2/22,1659398400,42151408816,August,2022,209318,42.15140882,,,,,,,,,
8/3/22,1659484800,38948571903,August,2022,214471,38.9485719,,,,,,,,,
8/4/22,1659571200,37793794818,August,2022,214307,37.79379482,,,,,,,,,
8/5/22,1659657600,35894438251,August,2022,189377,35.89443825,,,,,,,,,
8/6/22,1659744000,32107255553,August,2022,181718,32.10725555,,,,,,,,,
8/7/22,1659830400,34760783608,August,2022,201009,34.76078361,,,,,,,,,
8/8/22,1659916800,41019647799,August,2022,217570,41.0196478,,,,,,,,,
8/9/22,1660003200,36547618537,August,2022,188733,36.54761854,,,,,,,,,
8/10/22,1660089600,42310394338,August,2022,212361,42.31039434,,,,,,,,,
8/11/22,1660176000,40783001752,August,2022,205383,40.78300175,,,,,,,,,
8/12/22,1660262400,34077566110,August,2022,175448,34.07756611,,,,,,,,,
8/13/22,1660348800,33064122709,August,2022,166952,33.06412271,,,,,,,,,
8/14/22,1660435200,31385892833,August,2022,157423,31.38589283,,,,,,,,,
8/15/22,1660521600,38115568521,August,2022,190662,38.11556852,,,,,,,,,
8/16/22,1660608000,37513390777,August,2022,179970,37.51339078,,,,,,,,,
8/17/22,1660694400,37675353275,August,2022,179196,37.67535328,,,,,,,,,
8/18/22,1660780800,35852806303,August,2022,181725,35.8528063,,,,,,,,,
8/19/22,1660867200,45508779754,August,2022,234034,45.50877975,,,,,,,,,
8/20/22,1660953600,34563181569,August,2022,178429,34.56318157,,,,,,,,,
8/21/22,1661040000,33095141997,August,2022,165278,33.095142,,,,,,,,,
8/22/22,1661126400,34896127407,August,2022,175492,34.89612741,,,,,,,,,
8/23/22,1661212800,36172741608,August,2022,178281,36.17274161,,,,,,,,,
8/24/22,1661299200,34183127874,August,2022,159497,34.18312787,,,,,,,,,
8/25/22,1661385600,33211203440,August,2022,155217,33.21120344,,,,,,,,,
8/26/22,1661472000,40040302555,August,2022,188626,40.04030256,,,,,,,,,
8/27/22,1661558400,34115326380,August,2022,164708,34.11532638,,,,,,,,,
8/28/22,1661644800,33224844302,August,2022,158582,33.2248443,,,,,,,,,
8/29/22,1661731200,40302219608,August,2022,199039,40.30221961,,,,,,,,,
8/30/22,1661817600,40667333234,August,2022,197860,40.66733323,,,,,,,,,
8/31/22,1661904000,41344932245,August,2022,189437,41.34493225,,,,,,,,,
9/1/22,1661990400,38272912961,September,2022,181487,38.27291296,,,,,,,,,
9/2/22,1662076800,37248845299,September,2022,165401,37.2488453,,,,,,,,,
9/3/22,1662163200,27381028559,September,2022,126342,27.38102856,,,,,,,,,
9/4/22,1662249600,29394506594,September,2022,130479,29.39450659,,,,,,,,,
9/5/22,1662336000,33075796563,September,2022,150590,33.07579656,,,,,,,,,
9/6/22,1662422400,40632048492,September,2022,169129,40.63204849,,,,,,,,,
9/7/22,1662508800,35776127720,September,2022,149979,35.77612772,,,,,,,,,
9/8/22,1662595200,34194236064,September,2022,151315,34.19423606,,,,,,,,,
9/9/22,1662681600,40250266399,September,2022,177325,40.2502664,,,,,,,,,
9/10/22,1662768000,35048113603,September,2022,152419,35.0481136,,,,,,,,,
9/11/22,1662854400,31909826508,September,2022,144176,31.90982651,,,,,,,,,
9/12/22,1662940800,42207536299,September,2022,189561,42.2075363,,,,,,,,,
9/13/22,1663027200,44960108017,September,2022,195824,44.96010802,,,,,,,,,
9/14/22,1663113600,37899775423,September,2022,160683,37.89977542,,,,,,,,,
9/15/22,1663200000,42434549433,September,2022,174488,42.43454943,,,,,,,,,
9/16/22,1663286400,34937697398,September,2022,151750,34.9376974,,,,,,,,,
9/17/22,1663372800,31252127674,September,2022,142696,31.25212767,,,,,,,,,
9/18/22,1663459200,36978301103,September,2022,164067,36.9783011,,,,,,,,,
9/19/22,1663545600,39623466998,September,2022,179510,39.623467,,,,,,,,,
9/20/22,1663632000,31945890219,September,2022,143553,31.94589022,,,,,,,,,